genome,completeness,contamination,num_seqs,sum_len,min_len,avg_len,max_len,name,V3,V4,V5,V6,V7,V8,V9,V10,V11,V12,V13,V14,V15,V16,V17,V18,V19,V20,V21,V22,V23,V24,V25,V26,V27,V28
EUK_Metagenome_centric_SAG_TOSAG00_1.fasta,43.4,0,8626,26759672,500,3102.2,66385,Florenciella,cellular organisms,Eukaryota,Sar,Stramenopiles,Ochrophyta,Dictyochophyceae,Florenciellales,Florenciella,,,,,,,,,,,,,,,,,,
EUK_Metagenome_centric_SAG_TOSAG00_10.fasta,79.1,0,7022,33521816,500,4773.8,112682,Stramenopiles sp. MAST-4B-sp1,cellular organisms,Eukaryota,Sar,Stramenopiles,unclassified stramenopiles,MASTs group,Stramenopiles sp. MAST-4B-sp1,,,,,,,,,,,,,,,,,,,
EUK_Metagenome_centric_SAG_TOSAG00_12.fasta,86,0,4439,20588889,500,4638.2,86987,Stramenopiles sp. MAST-3A-sp1,cellular organisms,Eukaryota,Sar,Stramenopiles,unclassified stramenopiles,MASTs group,Stramenopiles sp. MAST-3A-sp1,,,,,,,,,,,,,,,,,,,
EUK_Metagenome_centric_SAG_TOSAG00_13.fasta,91.5,0.8,5516,37477165,500,6794.3,134742,Stramenopiles sp. MAST-4C-sp1,cellular organisms,Eukaryota,Sar,Stramenopiles,unclassified stramenopiles,MASTs group,Stramenopiles sp. MAST-4C-sp1,,,,,,,,,,,,,,,,,,,
EUK_Metagenome_centric_SAG_TOSAG00_18.fasta,62.8,0,1976,16449327,500,8324.6,270226,Paraphysomonas,cellular organisms,Eukaryota,Sar,Stramenopiles,Ochrophyta,Chrysophyceae,Chromulinales,Paraphysomonadaceae,Paraphysomonas,,,,,,,,,,,,,,,,,
EUK_Metagenome_centric_SAG_TOSAG00_7.fasta,59.7,0.8,3897,17897226,500,4592.6,96792,Stramenopiles sp. MAST-3F-sp1,cellular organisms,Eukaryota,Sar,Stramenopiles,unclassified stramenopiles,MASTs group,Stramenopiles sp. MAST-3F-sp1,,,,,,,,,,,,,,,,,,,
EUK_Metagenome_centric_SAG_TOSAG00_8.fasta,79.8,0.8,6049,31794594,500,5256.2,77648,Paraphysomonas,cellular organisms,Eukaryota,Sar,Stramenopiles,Ochrophyta,Chrysophyceae,Chromulinales,Paraphysomonadaceae,Paraphysomonas,,,,,,,,,,,,,,,,,
EUK_Metagenome_centric_SAG_TOSAG00_9.fasta,77.5,0.8,3401,20218830,500,5945,149212,Stramenopiles sp. MAST-3A-sp1,cellular organisms,Eukaryota,Sar,Stramenopiles,unclassified stramenopiles,MASTs group,Stramenopiles sp. MAST-3A-sp1,,,,,,,,,,,,,,,,,,,
EUK_Metagenome_centric_SAG_TOSAG23_28.fasta,80.6,0,5877,33734334,500,5740.1,102753,Stramenopiles sp. MAST-4A-sp1,cellular organisms,Eukaryota,Sar,Stramenopiles,unclassified stramenopiles,MASTs group,Stramenopiles sp. MAST-4A-sp1,,,,,,,,,,,,,,,,,,,
EUK_Metagenome_centric_SAG_TOSAG23_29.fasta,76.7,0.8,3000,32993830,500,10997.9,140029,Stramenopiles sp. MAST-4A-sp1,cellular organisms,Eukaryota,Sar,Stramenopiles,unclassified stramenopiles,MASTs group,Stramenopiles sp. MAST-4A-sp1,,,,,,,,,,,,,,,,,,,
EUK_Metagenome_centric_SAG_TOSAG23_30.fasta,85.3,0.8,1926,19290757,500,10016,182961,Paraphysomonas,cellular organisms,Eukaryota,Sar,Stramenopiles,Ochrophyta,Chrysophyceae,Chromulinales,Paraphysomonadaceae,Paraphysomonas,,,,,,,,,,,,,,,,,
EUK_Metagenome_centric_SAG_TOSAG23_6.fasta,45.7,4.7,3613,17077109,500,4726.6,92454,Stramenopiles sp. TOSAG23-6,cellular organisms,Eukaryota,Sar,Stramenopiles,unclassified stramenopiles,MASTs group,Stramenopiles MAST-3,Stramenopiles sp. TOSAG23-6,,,,,,,,,,,,,,,,,,
EUK_Metagenome_centric_SAG_TOSAG39_1.fasta,38,0,3060,13659038,500,4463.7,60185,Ploeotia vitrea,cellular organisms,Eukaryota,Discoba,Euglenozoa,Euglenida,Ploeotiidae,Ploeotia,Ploeotia vitrea,,,,,,,,,,,,,,,,,,
EUK_Metagenome_centric_SAG_TOSAG39_3.fasta,34.9,0,2762,10107408,500,3659.5,82088,Paraphysomonas,cellular organisms,Eukaryota,Sar,Stramenopiles,Ochrophyta,Chrysophyceae,Chromulinales,Paraphysomonadaceae,Paraphysomonas,,,,,,,,,,,,,,,,,
EUK_Metagenome_centric_SAG_TOSAG41_1.fasta,50.4,2.3,3795,16522302,500,4353.7,79020,Stramenopiles sp. MAST-4C-sp1,cellular organisms,Eukaryota,Sar,Stramenopiles,unclassified stramenopiles,MASTs group,Stramenopiles sp. MAST-4C-sp1,,,,,,,,,,,,,,,,,,,
EUK_Metagenome_centric_SAG_TOSAG41_19.fasta,31,0,4136,12344522,500,2984.7,86702,Stramenopiles sp. MAST-4A-sp1,cellular organisms,Eukaryota,Sar,Stramenopiles,unclassified stramenopiles,MASTs group,Stramenopiles sp. MAST-4A-sp1,,,,,,,,,,,,,,,,,,,
EUK_Metagenome_centric_SAG_TOSAG41_24.fasta,60.5,0.8,3703,25908163,500,6996.5,158367,Alexandrium,cellular organisms,Eukaryota,Sar,Alveolata,Dinophyceae,Gonyaulacales,Pyrocystaceae,Alexandrium,,,,,,,,,,,,,,,,,,
EUK_Metagenome_centric_SAG_TOSAG41_5.fasta,44.2,0,1712,12273723,500,7169.2,106288,Paraphysomonas,cellular organisms,Eukaryota,Sar,Stramenopiles,Ochrophyta,Chrysophyceae,Chromulinales,Paraphysomonadaceae,Paraphysomonas,,,,,,,,,,,,,,,,,
EUK_Metagenome_centric_SAG_TOSAG41_9.fasta,38.8,0,3126,36078486,500,11541.4,185621,Oxyrrhis,cellular organisms,Eukaryota,Sar,Alveolata,Dinophyceae,Oxyrrhinales,Oxyrrhinaceae,Oxyrrhis,,,,,,,,,,,,,,,,,,
EUK_Metagenome_centric_SAG_TOSAG46_2.fasta,30.2,0.8,5832,25442808,500,4362.6,105364,Fragilariopsis,cellular organisms,Eukaryota,Sar,Stramenopiles,Ochrophyta,Bacillariophyta,Bacillariophyceae,Bacillariophycidae,Bacillariales,Bacillariaceae,Fragilariopsis,,,,,,,,,,,,,,,
EUK_Metagenome_centric_SAG_TOSAG51_11.fasta,40.3,0,7662,21557218,500,2813.5,109685,Florenciella,cellular organisms,Eukaryota,Sar,Stramenopiles,Ochrophyta,Dictyochophyceae,Florenciellales,Florenciella,,,,,,,,,,,,,,,,,,
EUK_mola_k1.113.fasta,74.4,0,1215,12922728,2512,10636,76332,Bathycoccus,cellular organisms,Eukaryota,Viridiplantae,Chlorophyta,Mamiellophyceae,Mamiellales,Bathycoccaceae,Bathycoccus,,,,,,,,,,,,,,,,,,
EUK_mola_k1.145.fasta,55,0,3799,14830616,2501,3903.8,15161,Aureococcus anophagefferens,cellular organisms,Eukaryota,Sar,Stramenopiles,Ochrophyta,Pelagophyceae,Pelagomonadales,Pelagomonadaceae,Aureococcus,Aureococcus anophagefferens,,,,,,,,,,,,,,,,
EUK_mola_k1.155.fasta,88.4,0,1666,17825926,2500,10699.8,121198,Micromonas,cellular organisms,Eukaryota,Viridiplantae,Chlorophyta,Mamiellophyceae,Mamiellales,Mamiellaceae,Micromonas,,,,,,,,,,,,,,,,,,
EUK_mola_k1.70.fasta,37.2,0,2507,9609728,2501,3833.2,19003,Mediolabrus comicus,cellular organisms,Eukaryota,Sar,Stramenopiles,Ochrophyta,Bacillariophyta,Coscinodiscophyceae,Thalassiosirophycidae,Thalassiosirales,Thalassiosiraceae,Mediolabrus,Mediolabrus comicus,,,,,,,,,,,,,,
EUK_mola_k1.85.fasta,43.4,0,5151,23480984,2500,4558.5,34114,Florenciella,cellular organisms,Eukaryota,Sar,Stramenopiles,Ochrophyta,Dictyochophyceae,Florenciellales,Florenciella,,,,,,,,,,,,,,,,,,
EUK_mola_k1.90.fasta,64.3,0,1890,12238368,2500,6475.3,67467,Bathycoccus prasinos,cellular organisms,Eukaryota,Viridiplantae,Chlorophyta,Mamiellophyceae,Mamiellales,Bathycoccaceae,Bathycoccus,Bathycoccus prasinos,,,,,,,,,,,,,,,,,
EUK_mola_k1.94.fasta,34.1,0,3040,12778214,2500,4203.4,38376,Prymnesium,cellular organisms,Eukaryota,Haptista,Haptophyta,Prymnesiophyceae,Prymnesiales,Prymnesiaceae,Prymnesium,,,,,,,,,,,,,,,,,,
EUK_mola_k10.109.fasta,38.8,0.8,3047,13432246,2500,4408.4,23350,Mediolabrus comicus,cellular organisms,Eukaryota,Sar,Stramenopiles,Ochrophyta,Bacillariophyta,Coscinodiscophyceae,Thalassiosirophycidae,Thalassiosirales,Thalassiosiraceae,Mediolabrus,Mediolabrus comicus,,,,,,,,,,,,,,
EUK_mola_k10.115.fasta,100,0,319,27731599,2550,86932.9,909315,Penicillium citreonigrum,cellular organisms,Eukaryota,Opisthokonta,Fungi,Dikarya,Ascomycota,saccharomyceta,Pezizomycotina,leotiomyceta,Eurotiomycetes,Eurotiomycetidae,Eurotiales,Aspergillaceae,Penicillium,Penicillium citreonigrum,,,,,,,,,,,
EUK_mola_k10.76.fasta,65.9,0,8605,40553757,2500,4712.8,36774,Oithona nana,cellular organisms,Eukaryota,Opisthokonta,Metazoa,Eumetazoa,Bilateria,Protostomia,Ecdysozoa,Panarthropoda,Arthropoda,Mandibulata,Pancrustacea,Crustacea,Multicrustacea,Hexanauplia,Copepoda,Neocopepoda,Podoplea,Cyclopoida,Oithonidae,Oithona,Oithona nana,,,,
EUK_mola_k11.128.fasta,100,0.8,296,30589535,2831,103343,714049,Cordyceps javanica,cellular organisms,Eukaryota,Opisthokonta,Fungi,Dikarya,Ascomycota,saccharomyceta,Pezizomycotina,leotiomyceta,sordariomyceta,Sordariomycetes,Hypocreomycetidae,Hypocreales,Cordycipitaceae,Cordyceps,Cordyceps javanica,,,,,,,,,,
EUK_mola_k11.143.fasta,58.9,0,10779,54689621,2500,5073.7,33110,Phaeocystis cordata,cellular organisms,Eukaryota,Haptista,Haptophyta,Prymnesiophyceae,Phaeocystales,Phaeocystaceae,Phaeocystis,Phaeocystis cordata,,,,,,,,,,,,,,,,,
EUK_mola_k11.146.fasta,66.7,0,2727,16277744,2500,5969.1,49113,Paraphysomonas,cellular organisms,Eukaryota,Sar,Stramenopiles,Ochrophyta,Chrysophyceae,Chromulinales,Paraphysomonadaceae,Paraphysomonas,,,,,,,,,,,,,,,,,
EUK_mola_k11.168.fasta,88.4,0.8,4104,33315352,2501,8117.8,94971,Akanthomyces muscarius,cellular organisms,Eukaryota,Opisthokonta,Fungi,Dikarya,Ascomycota,saccharomyceta,Pezizomycotina,leotiomyceta,sordariomyceta,Sordariomycetes,Hypocreomycetidae,Hypocreales,Cordycipitaceae,Akanthomyces,Akanthomyces muscarius,,,,,,,,,,
EUK_mola_k11.2.fasta,91.5,0.8,651,21498716,2534,33024.1,524204,Paraphysomonas,cellular organisms,Eukaryota,Sar,Stramenopiles,Ochrophyta,Chrysophyceae,Chromulinales,Paraphysomonadaceae,Paraphysomonas,,,,,,,,,,,,,,,,,
EUK_mola_k11.206.fasta,49.6,0,3245,13186746,2501,4063.7,14364,Lotharella,cellular organisms,Eukaryota,Sar,Rhizaria,Cercozoa,Chlorarachniophyceae,Lotharella,,,,,,,,,,,,,,,,,,,
EUK_mola_k11.30.fasta,68.2,0.8,7959,46198199,2500,5804.5,41039,Florenciella,cellular organisms,Eukaryota,Sar,Stramenopiles,Ochrophyta,Dictyochophyceae,Florenciellales,Florenciella,,,,,,,,,,,,,,,,,,
EUK_mola_k11.377.fasta,80.6,0,9533,58035758,2500,6087.9,89631,Oithona nana,cellular organisms,Eukaryota,Opisthokonta,Metazoa,Eumetazoa,Bilateria,Protostomia,Ecdysozoa,Panarthropoda,Arthropoda,Mandibulata,Pancrustacea,Crustacea,Multicrustacea,Hexanauplia,Copepoda,Neocopepoda,Podoplea,Cyclopoida,Oithonidae,Oithona,Oithona nana,,,,
EUK_mola_k11.378.fasta,34.1,0,2532,9357873,2500,3695.8,41261,Exophiala xenobiotica,cellular organisms,Eukaryota,Opisthokonta,Fungi,Dikarya,Ascomycota,saccharomyceta,Pezizomycotina,leotiomyceta,Eurotiomycetes,Chaetothyriomycetidae,Chaetothyriales,Herpotrichiellaceae,Exophiala,Exophiala xenobiotica,,,,,,,,,,,
EUK_mola_k11.55.fasta,78.3,0,6488,37552207,2500,5787.9,44342,Stramenopiles sp. MAST-4A-sp1,cellular organisms,Eukaryota,Sar,Stramenopiles,unclassified stramenopiles,MASTs group,Stramenopiles sp. MAST-4A-sp1,,,,,,,,,,,,,,,,,,,
EUK_mola_k12_bin_1147142.fasta,58.9,0,2654,12115256,2501,4564.9,20823,Paraphysomonas,cellular organisms,Eukaryota,Sar,Stramenopiles,Ochrophyta,Chrysophyceae,Chromulinales,Paraphysomonadaceae,Paraphysomonas,,,,,,,,,,,,,,,,,
EUK_mola_k12.173.fasta,79.1,0.8,6247,39536683,2500,6328.9,51303,Stramenopiles sp. MAST-4A-sp1,cellular organisms,Eukaryota,Sar,Stramenopiles,unclassified stramenopiles,MASTs group,Stramenopiles sp. MAST-4A-sp1,,,,,,,,,,,,,,,,,,,
EUK_mola_k12.199.fasta,78.3,0,10665,69780871,2500,6543,48730,Phaeocystis cordata,cellular organisms,Eukaryota,Haptista,Haptophyta,Prymnesiophyceae,Phaeocystales,Phaeocystaceae,Phaeocystis,Phaeocystis cordata,,,,,,,,,,,,,,,,,
EUK_mola_k12.44.fasta,65.9,0,2601,17580965,2500,6759.3,43389,Paraphysomonas,cellular organisms,Eukaryota,Sar,Stramenopiles,Ochrophyta,Chrysophyceae,Chromulinales,Paraphysomonadaceae,Paraphysomonas,,,,,,,,,,,,,,,,,
EUK_mola_k12.90.fasta,36.4,0.8,3609,14203568,2500,3935.6,22319,Paraphysomonas,cellular organisms,Eukaryota,Sar,Stramenopiles,Ochrophyta,Chrysophyceae,Chromulinales,Paraphysomonadaceae,Paraphysomonas,,,,,,,,,,,,,,,,,
EUK_mola_k13_bin_234271.fasta,54.3,0,2782,15141974,2501,5442.8,25115,Pelagomonas calceolata,cellular organisms,Eukaryota,Sar,Stramenopiles,Ochrophyta,Pelagophyceae,Pelagomonadales,Pelagomonadaceae,Pelagomonas,Pelagomonas calceolata,,,,,,,,,,,,,,,,
EUK_mola_k13.115.fasta,63.6,0,6897,37799945,2500,5480.6,51599,Florenciella,cellular organisms,Eukaryota,Sar,Stramenopiles,Ochrophyta,Dictyochophyceae,Florenciellales,Florenciella,,,,,,,,,,,,,,,,,,
EUK_mola_k13.117.fasta,60.5,0,10485,48561832,2500,4631.6,23473,Phaeocystis cordata,cellular organisms,Eukaryota,Haptista,Haptophyta,Prymnesiophyceae,Phaeocystales,Phaeocystaceae,Phaeocystis,Phaeocystis cordata,,,,,,,,,,,,,,,,,
EUK_mola_k13.75.fasta,40.3,0.8,6819,26546109,2500,3893,26770,Acanthoeca,cellular organisms,Eukaryota,Opisthokonta,Choanoflagellata,Acanthoecida,Acanthoecidae,Acanthoeca,,,,,,,,,,,,,,,,,,,
EUK_mola_k13.89.fasta,50.4,0,5714,26026337,2500,4554.8,36804,Stramenopiles sp. MAST-4A-sp1,cellular organisms,Eukaryota,Sar,Stramenopiles,unclassified stramenopiles,MASTs group,Stramenopiles sp. MAST-4A-sp1,,,,,,,,,,,,,,,,,,,
EUK_mola_k2.37.fasta,37.2,1.6,1481,5764316,2500,3892.2,15901,Bathycoccus prasinos,cellular organisms,Eukaryota,Viridiplantae,Chlorophyta,Mamiellophyceae,Mamiellales,Bathycoccaceae,Bathycoccus,Bathycoccus prasinos,,,,,,,,,,,,,,,,,
EUK_mola_k2.67.fasta,62.8,3.9,2029,11563122,2501,5698.9,29740,Bathycoccus,cellular organisms,Eukaryota,Viridiplantae,Chlorophyta,Mamiellophyceae,Mamiellales,Bathycoccaceae,Bathycoccus,,,,,,,,,,,,,,,,,,
EUK_mola_k3_bin_6174986.fasta,53.5,0,2906,11917028,2501,4100.8,16109,Paraphysomonas,cellular organisms,Eukaryota,Sar,Stramenopiles,Ochrophyta,Chrysophyceae,Chromulinales,Paraphysomonadaceae,Paraphysomonas,,,,,,,,,,,,,,,,,
EUK_mola_k3.103.fasta,78.3,0.8,6860,39457159,2500,5751.8,48371,Stramenopiles sp. MAST-4A-sp1,cellular organisms,Eukaryota,Sar,Stramenopiles,unclassified stramenopiles,MASTs group,Stramenopiles sp. MAST-4A-sp1,,,,,,,,,,,,,,,,,,,
EUK_mola_k3.180.fasta,46.5,0.8,4930,21027825,2501,4265.3,16971,Paraphysomonas,cellular organisms,Eukaryota,Sar,Stramenopiles,Ochrophyta,Chrysophyceae,Chromulinales,Paraphysomonadaceae,Paraphysomonas,,,,,,,,,,,,,,,,,
EUK_mola_k3.285.fasta,50.4,0,4569,19722629,2500,4316.6,20161,Paraphysomonas,cellular organisms,Eukaryota,Sar,Stramenopiles,Ochrophyta,Chrysophyceae,Chromulinales,Paraphysomonadaceae,Paraphysomonas,,,,,,,,,,,,,,,,,
EUK_mola_k3.381.fasta,31,0,3472,13130188,2500,3781.7,14009,Florenciella,cellular organisms,Eukaryota,Sar,Stramenopiles,Ochrophyta,Dictyochophyceae,Florenciellales,Florenciella,,,,,,,,,,,,,,,,,,
EUK_mola_k3.394.fasta,31,0,5816,23390341,2500,4021.7,18558,Florenciella,cellular organisms,Eukaryota,Sar,Stramenopiles,Ochrophyta,Dictyochophyceae,Florenciellales,Florenciella,,,,,,,,,,,,,,,,,,
EUK_mola_k3.464.fasta,73.6,0,9427,44282836,2500,4697.4,40881,Oithona nana,cellular organisms,Eukaryota,Opisthokonta,Metazoa,Eumetazoa,Bilateria,Protostomia,Ecdysozoa,Panarthropoda,Arthropoda,Mandibulata,Pancrustacea,Crustacea,Multicrustacea,Hexanauplia,Copepoda,Neocopepoda,Podoplea,Cyclopoida,Oithonidae,Oithona,Oithona nana,,,,
EUK_mola_k3.5.fasta,43.4,0,2546,11964443,2500,4699.3,21398,Paraphysomonas,cellular organisms,Eukaryota,Sar,Stramenopiles,Ochrophyta,Chrysophyceae,Chromulinales,Paraphysomonadaceae,Paraphysomonas,,,,,,,,,,,,,,,,,
EUK_mola_k3.590.fasta,69,0,10876,59849247,2500,5502.9,35505,Phaeocystis cordata,cellular organisms,Eukaryota,Haptista,Haptophyta,Prymnesiophyceae,Phaeocystales,Phaeocystaceae,Phaeocystis,Phaeocystis cordata,,,,,,,,,,,,,,,,,
EUK_mola_k4.259.fasta,30.2,0,7145,29620719,2500,4145.7,18499,Florenciella,cellular organisms,Eukaryota,Sar,Stramenopiles,Ochrophyta,Dictyochophyceae,Florenciellales,Florenciella,,,,,,,,,,,,,,,,,,
EUK_mola_k4.292.fasta,79.1,0.8,6493,36303401,2500,5591.2,38098,Stramenopiles sp. MAST-4A-sp1,cellular organisms,Eukaryota,Sar,Stramenopiles,unclassified stramenopiles,MASTs group,Stramenopiles sp. MAST-4A-sp1,,,,,,,,,,,,,,,,,,,
EUK_mola_k5.132.fasta,76,0.8,7175,38597395,2501,5379.4,35195,Alexandrium,cellular organisms,Eukaryota,Sar,Alveolata,Dinophyceae,Gonyaulacales,Pyrocystaceae,Alexandrium,,,,,,,,,,,,,,,,,,
EUK_mola_k5.144.fasta,59.7,0,6260,32395890,2500,5175.1,47295,Florenciella,cellular organisms,Eukaryota,Sar,Stramenopiles,Ochrophyta,Dictyochophyceae,Florenciellales,Florenciella,,,,,,,,,,,,,,,,,,
EUK_mola_k5.146.fasta,71.3,0,1722,13050106,2514,7578.5,64618,Bathycoccus prasinos,cellular organisms,Eukaryota,Viridiplantae,Chlorophyta,Mamiellophyceae,Mamiellales,Bathycoccaceae,Bathycoccus,Bathycoccus prasinos,,,,,,,,,,,,,,,,,
EUK_mola_k5.150.fasta,47.3,0,3432,14399933,2500,4195.8,24694,Mediolabrus comicus,cellular organisms,Eukaryota,Sar,Stramenopiles,Ochrophyta,Bacillariophyta,Coscinodiscophyceae,Thalassiosirophycidae,Thalassiosirales,Thalassiosiraceae,Mediolabrus,Mediolabrus comicus,,,,,,,,,,,,,,
EUK_mola_k5.275.fasta,55,0,8836,38418554,2500,4348,35297,Acanthoeca,cellular organisms,Eukaryota,Opisthokonta,Choanoflagellata,Acanthoecida,Acanthoecidae,Acanthoeca,,,,,,,,,,,,,,,,,,,
EUK_mola_k5.303.fasta,55.8,1.6,10292,42532526,2500,4132.6,28608,Phaeocystis globosa,cellular organisms,Eukaryota,Haptista,Haptophyta,Prymnesiophyceae,Phaeocystales,Phaeocystaceae,Phaeocystis,Phaeocystis globosa,,,,,,,,,,,,,,,,,
EUK_mola_k5.67.fasta,51.2,0.8,4136,17160325,2500,4149,17313,Aureococcus anophagefferens,cellular organisms,Eukaryota,Sar,Stramenopiles,Ochrophyta,Pelagophyceae,Pelagomonadales,Pelagomonadaceae,Aureococcus,Aureococcus anophagefferens,,,,,,,,,,,,,,,,
EUK_mola_k5.81.fasta,62.8,0,6112,28548932,2500,4671,44177,Stramenopiles sp. MAST-4A-sp1,cellular organisms,Eukaryota,Sar,Stramenopiles,unclassified stramenopiles,MASTs group,Stramenopiles sp. MAST-4A-sp1,,,,,,,,,,,,,,,,,,,
EUK_mola_k5.96.fasta,72.9,6.2,15202,65077279,2500,4280.8,48534,Chrysochromulina,cellular organisms,Eukaryota,Haptista,Haptophyta,Prymnesiophyceae,Prymnesiales,Chrysochromulinaceae,Chrysochromulina,,,,,,,,,,,,,,,,,,
EUK_mola_k6_bin_3842495.fasta,55.8,0.8,3015,23240722,2502,7708.4,37385,Alexandrium,cellular organisms,Eukaryota,Sar,Alveolata,Dinophyceae,Gonyaulacales,Pyrocystaceae,Alexandrium,,,,,,,,,,,,,,,,,,
EUK_mola_k6_bin_4138788.fasta,51.9,0.8,2512,18089535,2500,7201.2,53884,Pelagomonas calceolata,cellular organisms,Eukaryota,Sar,Stramenopiles,Ochrophyta,Pelagophyceae,Pelagomonadales,Pelagomonadaceae,Pelagomonas,Pelagomonas calceolata,,,,,,,,,,,,,,,,
EUK_mola_k6.116.fasta,30.2,0,3331,12562889,2500,3771.5,26189,Prymnesium,cellular organisms,Eukaryota,Haptista,Haptophyta,Prymnesiophyceae,Prymnesiales,Prymnesiaceae,Prymnesium,,,,,,,,,,,,,,,,,,
EUK_mola_k6.213.fasta,82.2,0.8,1013,17536986,2509,17311.9,196269,Micromonas,cellular organisms,Eukaryota,Viridiplantae,Chlorophyta,Mamiellophyceae,Mamiellales,Mamiellaceae,Micromonas,,,,,,,,,,,,,,,,,,
EUK_mola_k6.217.fasta,32.6,0,3278,12522389,2500,3820.1,31199,Paraphysomonas,cellular organisms,Eukaryota,Sar,Stramenopiles,Ochrophyta,Chrysophyceae,Chromulinales,Paraphysomonadaceae,Paraphysomonas,,,,,,,,,,,,,,,,,
EUK_mola_k6.219.fasta,69,0.8,7243,33424689,2500,4614.8,33241,Alexandrium,cellular organisms,Eukaryota,Sar,Alveolata,Dinophyceae,Gonyaulacales,Pyrocystaceae,Alexandrium,,,,,,,,,,,,,,,,,,
EUK_mola_k6.78.fasta,58.9,0.8,6250,29289463,2500,4686.3,85927,Stramenopiles sp. MAST-4A-sp1,cellular organisms,Eukaryota,Sar,Stramenopiles,unclassified stramenopiles,MASTs group,Stramenopiles sp. MAST-4A-sp1,,,,,,,,,,,,,,,,,,,
EUK_mola_k6.85.fasta,86,0,746,20376250,2541,27314,207498,Micromonas,cellular organisms,Eukaryota,Viridiplantae,Chlorophyta,Mamiellophyceae,Mamiellales,Mamiellaceae,Micromonas,,,,,,,,,,,,,,,,,,
EUK_mola_k7.126.fasta,61.2,0.8,1988,10080722,2502,5070.8,27723,Bathycoccus,cellular organisms,Eukaryota,Viridiplantae,Chlorophyta,Mamiellophyceae,Mamiellales,Bathycoccaceae,Bathycoccus,,,,,,,,,,,,,,,,,,
EUK_mola_k7.180.fasta,65.9,0,6133,29884778,2500,4872.8,41476,Stramenopiles sp. MAST-4A-sp1,cellular organisms,Eukaryota,Sar,Stramenopiles,unclassified stramenopiles,MASTs group,Stramenopiles sp. MAST-4A-sp1,,,,,,,,,,,,,,,,,,,
EUK_mola_k7.194.fasta,78.3,0,10022,58016830,2500,5788.9,52774,Oithona nana,cellular organisms,Eukaryota,Opisthokonta,Metazoa,Eumetazoa,Bilateria,Protostomia,Ecdysozoa,Panarthropoda,Arthropoda,Mandibulata,Pancrustacea,Crustacea,Multicrustacea,Hexanauplia,Copepoda,Neocopepoda,Podoplea,Cyclopoida,Oithonidae,Oithona,Oithona nana,,,,
EUK_mola_k7.308.fasta,49.6,0.8,9171,39677786,2500,4326.4,39508,Acanthoeca,cellular organisms,Eukaryota,Opisthokonta,Choanoflagellata,Acanthoecida,Acanthoecidae,Acanthoeca,,,,,,,,,,,,,,,,,,,
EUK_mola_k7.54.fasta,47.3,0.8,2001,8759196,2500,4377.4,16171,Bathycoccus prasinos,cellular organisms,Eukaryota,Viridiplantae,Chlorophyta,Mamiellophyceae,Mamiellales,Bathycoccaceae,Bathycoccus,Bathycoccus prasinos,,,,,,,,,,,,,,,,,
EUK_mola_k8.107.fasta,69.8,1.6,12740,65165684,2500,5115,46172,Phaeocystis,cellular organisms,Eukaryota,Haptista,Haptophyta,Prymnesiophyceae,Phaeocystales,Phaeocystaceae,Phaeocystis,,,,,,,,,,,,,,,,,,
EUK_mola_k8.118.fasta,39.5,0.8,7505,28947931,2500,3857.2,19521,Chrysochromulina,cellular organisms,Eukaryota,Haptista,Haptophyta,Prymnesiophyceae,Prymnesiales,Chrysochromulinaceae,Chrysochromulina,,,,,,,,,,,,,,,,,,
EUK_mola_k8.205.fasta,77.5,0.8,6027,44518444,2500,7386.5,94090,Stramenopiles sp. MAST-4A-sp1,cellular organisms,Eukaryota,Sar,Stramenopiles,unclassified stramenopiles,MASTs group,Stramenopiles sp. MAST-4A-sp1,,,,,,,,,,,,,,,,,,,
EUK_mola_k8.210.fasta,65.9,0,11192,62169285,2500,5554.8,41120,Phaeocystis cordata,cellular organisms,Eukaryota,Haptista,Haptophyta,Prymnesiophyceae,Phaeocystales,Phaeocystaceae,Phaeocystis,Phaeocystis cordata,,,,,,,,,,,,,,,,,
EUK_mola_k8.61.fasta,75.2,0,1651,19680030,2503,11920.1,94302,Paraphysomonas,cellular organisms,Eukaryota,Sar,Stramenopiles,Ochrophyta,Chrysophyceae,Chromulinales,Paraphysomonadaceae,Paraphysomonas,,,,,,,,,,,,,,,,,
EUK_mola_k9.195.fasta,38.8,0,3885,15386072,2500,3960.4,27956,Prymnesium,cellular organisms,Eukaryota,Haptista,Haptophyta,Prymnesiophyceae,Prymnesiales,Prymnesiaceae,Prymnesium,,,,,,,,,,,,,,,,,,
EUK_mola_k9.25.fasta,62,0.8,6286,29600801,2500,4709,38156,Stramenopiles sp. MAST-4A-sp1,cellular organisms,Eukaryota,Sar,Stramenopiles,unclassified stramenopiles,MASTs group,Stramenopiles sp. MAST-4A-sp1,,,,,,,,,,,,,,,,,,,
EUK_nano_k1_bin_1145236.fasta,45.7,0,2306,10378572,2504,4500.7,27526,Micromonas,cellular organisms,Eukaryota,Viridiplantae,Chlorophyta,Mamiellophyceae,Mamiellales,Mamiellaceae,Micromonas,,,,,,,,,,,,,,,,,,
EUK_nano_k1_bin_931416.fasta,52.7,0,1838,10548613,2504,5739.2,34842,Micromonas,cellular organisms,Eukaryota,Viridiplantae,Chlorophyta,Mamiellophyceae,Mamiellales,Mamiellaceae,Micromonas,,,,,,,,,,,,,,,,,,
EUK_nano_k1.119.fasta,48.1,0.8,9916,37139153,2500,3745.4,27931,Emiliania huxleyi,cellular organisms,Eukaryota,Haptista,Haptophyta,Prymnesiophyceae,Isochrysidales,Noelaerhabdaceae,Emiliania,Emiliania huxleyi,,,,,,,,,,,,,,,,,
EUK_nano_k1.19.fasta,58.9,3.9,5475,22497340,2500,4109.1,28471,Pelagomonas calceolata,cellular organisms,Eukaryota,Sar,Stramenopiles,Ochrophyta,Pelagophyceae,Pelagomonadales,Pelagomonadaceae,Pelagomonas,Pelagomonas calceolata,,,,,,,,,,,,,,,,
EUK_nano_k1.35.fasta,53.5,0.8,2942,12976682,2500,4410.8,21196,Cylindrotheca fusiformis,cellular organisms,Eukaryota,Sar,Stramenopiles,Ochrophyta,Bacillariophyta,Bacillariophyceae,Bacillariophycidae,Bacillariales,Bacillariaceae,Cylindrotheca,Cylindrotheca fusiformis,,,,,,,,,,,,,,
EUK_nano_k1.76.fasta,31,0.8,2238,8400584,2500,3753.6,11918,Pseudo-nitzschia,cellular organisms,Eukaryota,Sar,Stramenopiles,Ochrophyta,Bacillariophyta,Bacillariophyceae,Bacillariophycidae,Bacillariales,Bacillariaceae,Pseudo-nitzschia,,,,,,,,,,,,,,,
EUK_nano_k1.83.fasta,46.5,0,4040,17297072,2500,4281.5,26093,Mediolabrus comicus,cellular organisms,Eukaryota,Sar,Stramenopiles,Ochrophyta,Bacillariophyta,Coscinodiscophyceae,Thalassiosirophycidae,Thalassiosirales,Thalassiosiraceae,Mediolabrus,Mediolabrus comicus,,,,,,,,,,,,,,
EUK_nano_k10.89.fasta,57.4,0,2109,8703075,2500,4126.6,24291,Micromonas,cellular organisms,Eukaryota,Viridiplantae,Chlorophyta,Mamiellophyceae,Mamiellales,Mamiellaceae,Micromonas,,,,,,,,,,,,,,,,,,
EUK_nano_k2_bin_672272.fasta,52.7,0,1151,10503783,2506,9125.8,59109,Micromonas,cellular organisms,Eukaryota,Viridiplantae,Chlorophyta,Mamiellophyceae,Mamiellales,Mamiellaceae,Micromonas,,,,,,,,,,,,,,,,,,
EUK_nano_k2.75.fasta,75.2,0,982,13662979,2501,13913.4,104497,Bathycoccus prasinos,cellular organisms,Eukaryota,Viridiplantae,Chlorophyta,Mamiellophyceae,Mamiellales,Bathycoccaceae,Bathycoccus,Bathycoccus prasinos,,,,,,,,,,,,,,,,,
EUK_nano_k2.85.fasta,45.7,0,3686,15971884,2500,4333.1,28918,Mediolabrus comicus,cellular organisms,Eukaryota,Sar,Stramenopiles,Ochrophyta,Bacillariophyta,Coscinodiscophyceae,Thalassiosirophycidae,Thalassiosirales,Thalassiosiraceae,Mediolabrus,Mediolabrus comicus,,,,,,,,,,,,,,
EUK_nano_k3.46.fasta,39.5,0,1401,6267730,2501,4473.8,21130,Amoebidium parasiticum,cellular organisms,Eukaryota,Opisthokonta,Ichthyosporea,Ichthyophonida,Amoebidiaceae,Amoebidium,Amoebidium parasiticum,,,,,,,,,,,,,,,,,,
EUK_nano_k4.73.fasta,69,4.7,14297,60582761,2500,4237.4,27390,Chrysochromulina,cellular organisms,Eukaryota,Haptista,Haptophyta,Prymnesiophyceae,Prymnesiales,Chrysochromulinaceae,Chrysochromulina,,,,,,,,,,,,,,,,,,
EUK_nano_k5.13.fasta,31,0,6466,24008049,2500,3713,20590,Acanthoeca,cellular organisms,Eukaryota,Opisthokonta,Choanoflagellata,Acanthoecida,Acanthoecidae,Acanthoeca,,,,,,,,,,,,,,,,,,,
EUK_nano_k6_bin_1151175.fasta,36.4,0.8,3737,15154676,2501,4055.3,24593,Nannochloropsis,cellular organisms,Eukaryota,Sar,Stramenopiles,Ochrophyta,Eustigmatophyceae,Eustigmatales,Monodopsidaceae,Nannochloropsis,,,,,,,,,,,,,,,,,
EUK_nano_k7.102.fasta,51.2,0,2805,12137484,2500,4327.1,20493,Cylindrotheca fusiformis,cellular organisms,Eukaryota,Sar,Stramenopiles,Ochrophyta,Bacillariophyta,Bacillariophyceae,Bacillariophycidae,Bacillariales,Bacillariaceae,Cylindrotheca,Cylindrotheca fusiformis,,,,,,,,,,,,,,
EUK_nano_k7.111.fasta,41.9,0,2749,10852856,2500,3947.9,21779,Mediolabrus comicus,cellular organisms,Eukaryota,Sar,Stramenopiles,Ochrophyta,Bacillariophyta,Coscinodiscophyceae,Thalassiosirophycidae,Thalassiosirales,Thalassiosiraceae,Mediolabrus,Mediolabrus comicus,,,,,,,,,,,,,,
EUK_nano_k7.123.fasta,65.1,0,6972,37027713,2500,5310.9,42336,Chrysochromulina,cellular organisms,Eukaryota,Haptista,Haptophyta,Prymnesiophyceae,Prymnesiales,Chrysochromulinaceae,Chrysochromulina,,,,,,,,,,,,,,,,,,
EUK_nano_k7.127.fasta,50.4,0.8,8808,38693576,2500,4393,35129,Acanthoeca,cellular organisms,Eukaryota,Opisthokonta,Choanoflagellata,Acanthoecida,Acanthoecidae,Acanthoeca,,,,,,,,,,,,,,,,,,,
EUK_nano_k7.132.fasta,42.6,0,3502,14954038,2500,4270.1,23956,Florenciella,cellular organisms,Eukaryota,Sar,Stramenopiles,Ochrophyta,Dictyochophyceae,Florenciellales,Florenciella,,,,,,,,,,,,,,,,,,
EUK_nano_k7.136.fasta,61.2,0,12446,58838319,2500,4727.5,29260,Emiliania huxleyi,cellular organisms,Eukaryota,Haptista,Haptophyta,Prymnesiophyceae,Isochrysidales,Noelaerhabdaceae,Emiliania,Emiliania huxleyi,,,,,,,,,,,,,,,,,
EUK_nano_k7.14.fasta,51.2,0,1555,6787063,2501,4364.7,15633,Ostreococcus,cellular organisms,Eukaryota,Viridiplantae,Chlorophyta,Mamiellophyceae,Mamiellales,Bathycoccaceae,Ostreococcus,,,,,,,,,,,,,,,,,,
EUK_nano_k7.159.fasta,64.3,0.8,1788,11267522,2502,6301.7,46477,Bathycoccus prasinos,cellular organisms,Eukaryota,Viridiplantae,Chlorophyta,Mamiellophyceae,Mamiellales,Bathycoccaceae,Bathycoccus,Bathycoccus prasinos,,,,,,,,,,,,,,,,,
EUK_nano_k7.166.fasta,31,0.8,5689,20166844,2500,3544.9,20670,Chrysochromulina,cellular organisms,Eukaryota,Haptista,Haptophyta,Prymnesiophyceae,Prymnesiales,Chrysochromulinaceae,Chrysochromulina,,,,,,,,,,,,,,,,,,
EUK_nano_k7.17.fasta,44.2,0,8325,33103402,2500,3976.4,27357,Phaeocystis cordata,cellular organisms,Eukaryota,Haptista,Haptophyta,Prymnesiophyceae,Phaeocystales,Phaeocystaceae,Phaeocystis,Phaeocystis cordata,,,,,,,,,,,,,,,,,
EUK_nano_k7.46.fasta,57.4,6.2,23487,93406772,2500,3977,27088,Geminigera,cellular organisms,Eukaryota,Cryptophyceae,Pyrenomonadales,Geminigeraceae,Geminigera,,,,,,,,,,,,,,,,,,,,
EUK_nano_k7.6.fasta,37.2,0,8146,30327259,2500,3723,21468,Chrysochromulina,cellular organisms,Eukaryota,Haptista,Haptophyta,Prymnesiophyceae,Prymnesiales,Chrysochromulinaceae,Chrysochromulina,,,,,,,,,,,,,,,,,,
EUK_nano_k7.64.fasta,48.8,0,2482,10570949,2500,4259,24125,Crustomastix,cellular organisms,Eukaryota,Viridiplantae,Chlorophyta,Mamiellophyceae,Dolichomastigales,Crustomastigaceae,Crustomastix,,,,,,,,,,,,,,,,,,
EUK_nano_k7.69.fasta,60.5,0.8,1980,11538241,2500,5827.4,27168,Bathycoccus,cellular organisms,Eukaryota,Viridiplantae,Chlorophyta,Mamiellophyceae,Mamiellales,Bathycoccaceae,Bathycoccus,,,,,,,,,,,,,,,,,,
EUK_nano_k7.78.fasta,35.7,0,3263,15507061,2500,4752.4,42362,Florenciella,cellular organisms,Eukaryota,Sar,Stramenopiles,Ochrophyta,Dictyochophyceae,Florenciellales,Florenciella,,,,,,,,,,,,,,,,,,
EUK_nano_k7.87.fasta,63.6,0,9067,44472430,2500,4904.9,32892,Imantonia,cellular organisms,Eukaryota,Haptista,Haptophyta,Prymnesiophyceae,Prymnesiales,Prymnesiaceae,Imantonia,,,,,,,,,,,,,,,,,,
EUK_nano_k8.171.fasta,42.6,0,3266,13332739,2500,4082.3,25110,Mediolabrus comicus,cellular organisms,Eukaryota,Sar,Stramenopiles,Ochrophyta,Bacillariophyta,Coscinodiscophyceae,Thalassiosirophycidae,Thalassiosirales,Thalassiosiraceae,Mediolabrus,Mediolabrus comicus,,,,,,,,,,,,,,
EUK_nano_k9.1.fasta,52.7,0.8,10598,44248685,2500,4175.2,17657,Emiliania huxleyi,cellular organisms,Eukaryota,Haptista,Haptophyta,Prymnesiophyceae,Isochrysidales,Noelaerhabdaceae,Emiliania,Emiliania huxleyi,,,,,,,,,,,,,,,,,
EUK_nano_k9.18.fasta,40.3,0,3601,13879677,2500,3854.4,16553,Pelagomonas calceolata,cellular organisms,Eukaryota,Sar,Stramenopiles,Ochrophyta,Pelagophyceae,Pelagomonadales,Pelagomonadaceae,Pelagomonas,Pelagomonas calceolata,,,,,,,,,,,,,,,,
EUK_nano_k9.23.fasta,37.2,0,1741,7472040,2500,4291.8,17184,Pyramimonas,cellular organisms,Eukaryota,Viridiplantae,Chlorophyta,Pyramimonadophyceae,Pyramimonadales,Pyramimonadaceae,Pyramimonas,,,,,,,,,,,,,,,,,,
EUK_nano_k9.3.fasta,93.8,0,1864,25977663,2504,13936.5,137272,Pseudo-nitzschia,cellular organisms,Eukaryota,Sar,Stramenopiles,Ochrophyta,Bacillariophyta,Bacillariophyceae,Bacillariophycidae,Bacillariales,Bacillariaceae,Pseudo-nitzschia,,,,,,,,,,,,,,,
EUK_nano_k9.47.fasta,31.8,0,3241,11585527,2500,3574.7,12113,Minutocellus polymorphus,cellular organisms,Eukaryota,Sar,Stramenopiles,Ochrophyta,Bacillariophyta,Mediophyceae,Cymatosirophycidae,Cymatosirales,Cymatosiraceae,Minutocellus,Minutocellus polymorphus,,,,,,,,,,,,,,
EUK_nano_k9.62.fasta,49.6,0,4688,20379587,2500,4347.2,30685,Mediolabrus comicus,cellular organisms,Eukaryota,Sar,Stramenopiles,Ochrophyta,Bacillariophyta,Coscinodiscophyceae,Thalassiosirophycidae,Thalassiosirales,Thalassiosiraceae,Mediolabrus,Mediolabrus comicus,,,,,,,,,,,,,,
EUK_nano_k9.74.fasta,74.4,0,3520,18793042,2500,5338.9,35435,Cylindrotheca fusiformis,cellular organisms,Eukaryota,Sar,Stramenopiles,Ochrophyta,Bacillariophyta,Bacillariophyceae,Bacillariophycidae,Bacillariales,Bacillariaceae,Cylindrotheca,Cylindrotheca fusiformis,,,,,,,,,,,,,,
EUK_pico_k1.182.fasta,69,0,1745,12040691,2501,6900.1,35057,Bathycoccus prasinos,cellular organisms,Eukaryota,Viridiplantae,Chlorophyta,Mamiellophyceae,Mamiellales,Bathycoccaceae,Bathycoccus,Bathycoccus prasinos,,,,,,,,,,,,,,,,,
EUK_pico_k1.196.fasta,62,4.7,14915,54439403,2500,3650,19711,Emiliania huxleyi,cellular organisms,Eukaryota,Haptista,Haptophyta,Prymnesiophyceae,Isochrysidales,Noelaerhabdaceae,Emiliania,Emiliania huxleyi,,,,,,,,,,,,,,,,,
EUK_pico_k1.212.fasta,66.7,0.8,7579,37453587,2500,4941.8,42729,Chrysochromulina,cellular organisms,Eukaryota,Haptista,Haptophyta,Prymnesiophyceae,Prymnesiales,Chrysochromulinaceae,Chrysochromulina,,,,,,,,,,,,,,,,,,
EUK_pico_k1.228.fasta,45,0.8,5276,18519183,2500,3510.1,12836,Geminigera,cellular organisms,Eukaryota,Cryptophyceae,Pyrenomonadales,Geminigeraceae,Geminigera,,,,,,,,,,,,,,,,,,,,
EUK_pico_k1.244.fasta,37.2,0,3249,13996457,2500,4307.9,43515,Prymnesium,cellular organisms,Eukaryota,Haptista,Haptophyta,Prymnesiophyceae,Prymnesiales,Prymnesiaceae,Prymnesium,,,,,,,,,,,,,,,,,,
EUK_pico_k1.266.fasta,55,0.8,5471,24928126,2500,4556.4,33468,Stramenopiles sp. MAST-4A-sp1,cellular organisms,Eukaryota,Sar,Stramenopiles,unclassified stramenopiles,MASTs group,Stramenopiles sp. MAST-4A-sp1,,,,,,,,,,,,,,,,,,,
EUK_pico_k1.277.fasta,45,0,2714,10272501,2500,3785,17690,Cylindrotheca fusiformis,cellular organisms,Eukaryota,Sar,Stramenopiles,Ochrophyta,Bacillariophyta,Bacillariophyceae,Bacillariophycidae,Bacillariales,Bacillariaceae,Cylindrotheca,Cylindrotheca fusiformis,,,,,,,,,,,,,,
EUK_pico_k1.318.fasta,74.4,0,5311,28366160,2501,5341,25915,Alexandrium,cellular organisms,Eukaryota,Sar,Alveolata,Dinophyceae,Gonyaulacales,Pyrocystaceae,Alexandrium,,,,,,,,,,,,,,,,,,
EUK_pico_k1.37.fasta,75.2,0,2404,15435384,2503,6420.7,36314,Micromonas,cellular organisms,Eukaryota,Viridiplantae,Chlorophyta,Mamiellophyceae,Mamiellales,Mamiellaceae,Micromonas,,,,,,,,,,,,,,,,,,
EUK_pico_k1.431.fasta,79.1,0,593,17309250,2560,29189.3,185172,Micromonas,cellular organisms,Eukaryota,Viridiplantae,Chlorophyta,Mamiellophyceae,Mamiellales,Mamiellaceae,Micromonas,,,,,,,,,,,,,,,,,,
EUK_pico_k1.87.fasta,65.1,0,7680,43240185,2500,5630.2,48229,Florenciella,cellular organisms,Eukaryota,Sar,Stramenopiles,Ochrophyta,Dictyochophyceae,Florenciellales,Florenciella,,,,,,,,,,,,,,,,,,
EUK_pico_k10.128.fasta,78.3,5.4,2701,17856520,2502,6611.1,96270,Micromonas,cellular organisms,Eukaryota,Viridiplantae,Chlorophyta,Mamiellophyceae,Mamiellales,Mamiellaceae,Micromonas,,,,,,,,,,,,,,,,,,
EUK_pico_k10.153.fasta,33.3,1.6,4753,17132116,2500,3604.5,18278,Florenciella,cellular organisms,Eukaryota,Sar,Stramenopiles,Ochrophyta,Dictyochophyceae,Florenciellales,Florenciella,,,,,,,,,,,,,,,,,,
EUK_pico_k11_bin_7987772.fasta,52.7,0,988,10610462,2507,10739.3,94901,Micromonas,cellular organisms,Eukaryota,Viridiplantae,Chlorophyta,Mamiellophyceae,Mamiellales,Mamiellaceae,Micromonas,,,,,,,,,,,,,,,,,,
EUK_pico_k11.103.fasta,72.1,2.3,4875,28278778,2500,5800.8,48100,Pelagomonas calceolata,cellular organisms,Eukaryota,Sar,Stramenopiles,Ochrophyta,Pelagophyceae,Pelagomonadales,Pelagomonadaceae,Pelagomonas,Pelagomonas calceolata,,,,,,,,,,,,,,,,
EUK_pico_k11.119.fasta,69,0,1826,12063419,2505,6606.5,31491,Bathycoccus prasinos,cellular organisms,Eukaryota,Viridiplantae,Chlorophyta,Mamiellophyceae,Mamiellales,Bathycoccaceae,Bathycoccus,Bathycoccus prasinos,,,,,,,,,,,,,,,,,
EUK_pico_k11.123.fasta,48.8,3.9,7633,32163279,2500,4213.7,32722,Prymnesium,cellular organisms,Eukaryota,Haptista,Haptophyta,Prymnesiophyceae,Prymnesiales,Prymnesiaceae,Prymnesium,,,,,,,,,,,,,,,,,,
EUK_pico_k11.54.fasta,33.3,0,3982,15991270,2500,4015.9,29503,Prymnesium,cellular organisms,Eukaryota,Haptista,Haptophyta,Prymnesiophyceae,Prymnesiales,Prymnesiaceae,Prymnesium,,,,,,,,,,,,,,,,,,
EUK_pico_k12.16.fasta,44.2,0,1791,7489079,2500,4181.5,16981,Bathycoccus prasinos,cellular organisms,Eukaryota,Viridiplantae,Chlorophyta,Mamiellophyceae,Mamiellales,Bathycoccaceae,Bathycoccus,Bathycoccus prasinos,,,,,,,,,,,,,,,,,
EUK_pico_k13.25.fasta,55,0,1912,10579192,2502,5533.1,29997,Bathycoccus prasinos,cellular organisms,Eukaryota,Viridiplantae,Chlorophyta,Mamiellophyceae,Mamiellales,Bathycoccaceae,Bathycoccus,Bathycoccus prasinos,,,,,,,,,,,,,,,,,
EUK_pico_k13.60.fasta,40.3,0,3120,13441971,2500,4308.3,25502,Mediolabrus comicus,cellular organisms,Eukaryota,Sar,Stramenopiles,Ochrophyta,Bacillariophyta,Coscinodiscophyceae,Thalassiosirophycidae,Thalassiosirales,Thalassiosiraceae,Mediolabrus,Mediolabrus comicus,,,,,,,,,,,,,,
EUK_pico_k2.22.fasta,69,0,2256,15859843,2504,7030.1,48602,Micromonas,cellular organisms,Eukaryota,Viridiplantae,Chlorophyta,Mamiellophyceae,Mamiellales,Mamiellaceae,Micromonas,,,,,,,,,,,,,,,,,,
EUK_pico_k2.26.fasta,72.1,7,24867,128827692,2500,5180.7,64925,Geminigera,cellular organisms,Eukaryota,Cryptophyceae,Pyrenomonadales,Geminigeraceae,Geminigera,,,,,,,,,,,,,,,,,,,,
EUK_pico_k2.317.fasta,66.7,1.6,9380,46414394,2500,4948.2,26749,Imantonia,cellular organisms,Eukaryota,Haptista,Haptophyta,Prymnesiophyceae,Prymnesiales,Prymnesiaceae,Imantonia,,,,,,,,,,,,,,,,,,
EUK_pico_k2.322.fasta,55,0,6707,28984769,2501,4321.6,19510,Chrysochromulina,cellular organisms,Eukaryota,Haptista,Haptophyta,Prymnesiophyceae,Prymnesiales,Chrysochromulinaceae,Chrysochromulina,,,,,,,,,,,,,,,,,,
EUK_pico_k2.328.fasta,65.9,2.3,7815,42650648,2500,5457.5,67628,Florenciella,cellular organisms,Eukaryota,Sar,Stramenopiles,Ochrophyta,Dictyochophyceae,Florenciellales,Florenciella,,,,,,,,,,,,,,,,,,
EUK_pico_k2.358.fasta,55.8,0,2294,11948276,2500,5208.5,24577,Micromonas,cellular organisms,Eukaryota,Viridiplantae,Chlorophyta,Mamiellophyceae,Mamiellales,Mamiellaceae,Micromonas,,,,,,,,,,,,,,,,,,
EUK_pico_k2.367.fasta,38.8,0,4501,20744735,2501,4608.9,25261,Schmidingerella,cellular organisms,Eukaryota,Sar,Alveolata,Ciliophora,Intramacronucleata,Spirotrichea,Choreotrichia,Tintinnida,Rhabdonellidae,Schmidingerella,,,,,,,,,,,,,,,
EUK_pico_k2.368.fasta,69.8,0,6038,29939457,2500,4958.5,37686,Stramenopiles sp. MAST-4A-sp1,cellular organisms,Eukaryota,Sar,Stramenopiles,unclassified stramenopiles,MASTs group,Stramenopiles sp. MAST-4A-sp1,,,,,,,,,,,,,,,,,,,
EUK_pico_k2.371.fasta,31.8,4.7,3543,13359757,2500,3770.7,17468,Pelagomonas calceolata,cellular organisms,Eukaryota,Sar,Stramenopiles,Ochrophyta,Pelagophyceae,Pelagomonadales,Pelagomonadaceae,Pelagomonas,Pelagomonas calceolata,,,,,,,,,,,,,,,,
EUK_pico_k2.453.fasta,34.9,0,1562,6479136,2500,4148,12194,Bathycoccus,cellular organisms,Eukaryota,Viridiplantae,Chlorophyta,Mamiellophyceae,Mamiellales,Bathycoccaceae,Bathycoccus,,,,,,,,,,,,,,,,,,
EUK_pico_k2.493.fasta,67.4,0,6700,31657425,2500,4725,22866,Alexandrium,cellular organisms,Eukaryota,Sar,Alveolata,Dinophyceae,Gonyaulacales,Pyrocystaceae,Alexandrium,,,,,,,,,,,,,,,,,,
EUK_pico_k2.543.fasta,36.4,0,3104,13145249,2500,4234.9,21722,Mediolabrus comicus,cellular organisms,Eukaryota,Sar,Stramenopiles,Ochrophyta,Bacillariophyta,Coscinodiscophyceae,Thalassiosirophycidae,Thalassiosirales,Thalassiosiraceae,Mediolabrus,Mediolabrus comicus,,,,,,,,,,,,,,
EUK_pico_k2.6.fasta,33.3,0,2730,10188494,2501,3732,14170,Minutocellus polymorphus,cellular organisms,Eukaryota,Sar,Stramenopiles,Ochrophyta,Bacillariophyta,Mediophyceae,Cymatosirophycidae,Cymatosirales,Cymatosiraceae,Minutocellus,Minutocellus polymorphus,,,,,,,,,,,,,,
EUK_pico_k2.641.fasta,87.6,0,4681,37199202,2501,7946.8,64905,Alexandrium,cellular organisms,Eukaryota,Sar,Alveolata,Dinophyceae,Gonyaulacales,Pyrocystaceae,Alexandrium,,,,,,,,,,,,,,,,,,
EUK_pico_k2.714.fasta,68.2,0,3541,15791847,2500,4459.7,19450,Cylindrotheca fusiformis,cellular organisms,Eukaryota,Sar,Stramenopiles,Ochrophyta,Bacillariophyta,Bacillariophyceae,Bacillariophycidae,Bacillariales,Bacillariaceae,Cylindrotheca,Cylindrotheca fusiformis,,,,,,,,,,,,,,
EUK_pico_k2.744.fasta,67.4,4.7,2716,14260406,2501,5250.5,25491,Micromonas,cellular organisms,Eukaryota,Viridiplantae,Chlorophyta,Mamiellophyceae,Mamiellales,Mamiellaceae,Micromonas,,,,,,,,,,,,,,,,,,
EUK_pico_k3_bin_7100759.fasta,41.9,0,636,10259443,2506,16131.2,143713,Micromonas,cellular organisms,Eukaryota,Viridiplantae,Chlorophyta,Mamiellophyceae,Mamiellales,Mamiellaceae,Micromonas,,,,,,,,,,,,,,,,,,
EUK_pico_k3.133.fasta,41.1,2.3,6134,23086967,2500,3763.8,25186,Emiliania huxleyi,cellular organisms,Eukaryota,Haptista,Haptophyta,Prymnesiophyceae,Isochrysidales,Noelaerhabdaceae,Emiliania,Emiliania huxleyi,,,,,,,,,,,,,,,,,
EUK_pico_k3.185.fasta,51.9,2.3,16635,72718343,2500,4371.4,41688,Geminigera,cellular organisms,Eukaryota,Cryptophyceae,Pyrenomonadales,Geminigeraceae,Geminigera,,,,,,,,,,,,,,,,,,,,
EUK_pico_k3.187.fasta,58.1,0.8,4429,18891968,2500,4265.5,42996,Pelagomonas calceolata,cellular organisms,Eukaryota,Sar,Stramenopiles,Ochrophyta,Pelagophyceae,Pelagomonadales,Pelagomonadaceae,Pelagomonas,Pelagomonas calceolata,,,,,,,,,,,,,,,,
EUK_pico_k3.235.fasta,36.4,0,196,7628420,3069,38920.5,150374,Micromonas,cellular organisms,Eukaryota,Viridiplantae,Chlorophyta,Mamiellophyceae,Mamiellales,Mamiellaceae,Micromonas,,,,,,,,,,,,,,,,,,
EUK_pico_k3.295.fasta,40.3,0,4651,19137240,2500,4114.7,41374,Prymnesium,cellular organisms,Eukaryota,Haptista,Haptophyta,Prymnesiophyceae,Prymnesiales,Prymnesiaceae,Prymnesium,,,,,,,,,,,,,,,,,,
EUK_pico_k3.301.fasta,32.6,0,2178,8861755,2502,4068.8,14925,Micromonas,cellular organisms,Eukaryota,Viridiplantae,Chlorophyta,Mamiellophyceae,Mamiellales,Mamiellaceae,Micromonas,,,,,,,,,,,,,,,,,,
EUK_pico_k3.357.fasta,66.7,0,1782,8867340,2500,4976.1,22466,Ostreococcus sp. lucimarinus,cellular organisms,Eukaryota,Viridiplantae,Chlorophyta,Mamiellophyceae,Mamiellales,Bathycoccaceae,Ostreococcus,unclassified Ostreococcus,Ostreococcus sp. lucimarinus,,,,,,,,,,,,,,,,
EUK_pico_k3.385.fasta,41.9,0,1808,7434099,2500,4111.8,15870,Micromonas,cellular organisms,Eukaryota,Viridiplantae,Chlorophyta,Mamiellophyceae,Mamiellales,Mamiellaceae,Micromonas,,,,,,,,,,,,,,,,,,
EUK_pico_k3.392.fasta,40.3,0,5013,21056200,2500,4200.3,30114,Florenciella,cellular organisms,Eukaryota,Sar,Stramenopiles,Ochrophyta,Dictyochophyceae,Florenciellales,Florenciella,,,,,,,,,,,,,,,,,,
EUK_pico_k3.394.fasta,58.9,0,565,12817522,2506,22685.9,214382,Micromonas,cellular organisms,Eukaryota,Viridiplantae,Chlorophyta,Mamiellophyceae,Mamiellales,Mamiellaceae,Micromonas,,,,,,,,,,,,,,,,,,
EUK_pico_k3.403.fasta,37.2,0,3478,14610772,2500,4200.9,24046,Mediolabrus comicus,cellular organisms,Eukaryota,Sar,Stramenopiles,Ochrophyta,Bacillariophyta,Coscinodiscophyceae,Thalassiosirophycidae,Thalassiosirales,Thalassiosiraceae,Mediolabrus,Mediolabrus comicus,,,,,,,,,,,,,,
EUK_pico_k3.433.fasta,80.6,0,3748,23261145,2500,6206.3,59867,Cylindrotheca fusiformis,cellular organisms,Eukaryota,Sar,Stramenopiles,Ochrophyta,Bacillariophyta,Bacillariophyceae,Bacillariophycidae,Bacillariales,Bacillariaceae,Cylindrotheca,Cylindrotheca fusiformis,,,,,,,,,,,,,,
EUK_pico_k4.194.fasta,93.8,0,1099,19623458,2514,17855.7,140412,Micromonas,cellular organisms,Eukaryota,Viridiplantae,Chlorophyta,Mamiellophyceae,Mamiellales,Mamiellaceae,Micromonas,,,,,,,,,,,,,,,,,,
EUK_pico_k4.386.fasta,55,0.8,3412,13492331,2500,3954.4,16081,Chaetoceros tenuissimus,cellular organisms,Eukaryota,Sar,Stramenopiles,Ochrophyta,Bacillariophyta,Coscinodiscophyceae,Chaetocerotophycidae,Chaetocerotales,Chaetocerotaceae,Chaetoceros,Chaetoceros tenuissimus,,,,,,,,,,,,,,
EUK_pico_k6.149.fasta,96.9,0,1802,27467055,2507,15242.5,133994,Lotharella,cellular organisms,Eukaryota,Sar,Rhizaria,Cercozoa,Chlorarachniophyceae,Lotharella,,,,,,,,,,,,,,,,,,,
EUK_pico_k6.223.fasta,76.7,0.8,9782,59599625,2500,6092.8,63710,Oithona nana,cellular organisms,Eukaryota,Opisthokonta,Metazoa,Eumetazoa,Bilateria,Protostomia,Ecdysozoa,Panarthropoda,Arthropoda,Mandibulata,Pancrustacea,Crustacea,Multicrustacea,Hexanauplia,Copepoda,Neocopepoda,Podoplea,Cyclopoida,Oithonidae,Oithona,Oithona nana,,,,
EUK_pico_k6.234.fasta,30.2,0.8,2065,7487778,2500,3626,12177,Stramenopiles sp. MAST-3A-sp1,cellular organisms,Eukaryota,Sar,Stramenopiles,unclassified stramenopiles,MASTs group,Stramenopiles sp. MAST-3A-sp1,,,,,,,,,,,,,,,,,,,
EUK_pico_k7.103.fasta,79.8,0,9988,59576011,2500,5964.8,80251,Oithona nana,cellular organisms,Eukaryota,Opisthokonta,Metazoa,Eumetazoa,Bilateria,Protostomia,Ecdysozoa,Panarthropoda,Arthropoda,Mandibulata,Pancrustacea,Crustacea,Multicrustacea,Hexanauplia,Copepoda,Neocopepoda,Podoplea,Cyclopoida,Oithonidae,Oithona,Oithona nana,,,,
EUK_pico_k7.246.fasta,36.4,0.8,4263,17056704,2500,4001.1,25164,Stramenopiles sp. MAST-4A-sp1,cellular organisms,Eukaryota,Sar,Stramenopiles,unclassified stramenopiles,MASTs group,Stramenopiles sp. MAST-4A-sp1,,,,,,,,,,,,,,,,,,,
EUK_pico_k7.345.fasta,70.5,4.7,3844,17162292,2500,4464.7,28044,Micromonas,cellular organisms,Eukaryota,Viridiplantae,Chlorophyta,Mamiellophyceae,Mamiellales,Mamiellaceae,Micromonas,,,,,,,,,,,,,,,,,,
EUK_pico_k8.120.fasta,68.2,0,9616,43642184,2500,4538.5,28995,Oithona nana,cellular organisms,Eukaryota,Opisthokonta,Metazoa,Eumetazoa,Bilateria,Protostomia,Ecdysozoa,Panarthropoda,Arthropoda,Mandibulata,Pancrustacea,Crustacea,Multicrustacea,Hexanauplia,Copepoda,Neocopepoda,Podoplea,Cyclopoida,Oithonidae,Oithona,Oithona nana,,,,
EUK_pico_k8.232.fasta,34.1,0,1885,7376422,2500,3913.2,11811,Micromonas,cellular organisms,Eukaryota,Viridiplantae,Chlorophyta,Mamiellophyceae,Mamiellales,Mamiellaceae,Micromonas,,,,,,,,,,,,,,,,,,
EUK_pico_k8.321.fasta,41.9,0,4252,16831659,2500,3958.5,28516,Stramenopiles sp. MAST-4A-sp1,cellular organisms,Eukaryota,Sar,Stramenopiles,unclassified stramenopiles,MASTs group,Stramenopiles sp. MAST-4A-sp1,,,,,,,,,,,,,,,,,,,
EUK_pico_k8.343.fasta,41.1,0,4329,17280630,2500,3991.8,28687,Florenciella,cellular organisms,Eukaryota,Sar,Stramenopiles,Ochrophyta,Dictyochophyceae,Florenciellales,Florenciella,,,,,,,,,,,,,,,,,,
EUK_pico_k9_bin_5800432.fasta,49.6,0.8,1130,11434035,2502,10118.6,91733,Micromonas,cellular organisms,Eukaryota,Viridiplantae,Chlorophyta,Mamiellophyceae,Mamiellales,Mamiellaceae,Micromonas,,,,,,,,,,,,,,,,,,
EUK_pico_k9.121.fasta,32.6,0,2092,7639970,2500,3652,12863,Pseudo-nitzschia,cellular organisms,Eukaryota,Sar,Stramenopiles,Ochrophyta,Bacillariophyta,Bacillariophyceae,Bacillariophycidae,Bacillariales,Bacillariaceae,Pseudo-nitzschia,,,,,,,,,,,,,,,
EUK_pico_k9.125.fasta,62,7.8,5136,25840797,2500,5031.3,35018,Pelagomonas calceolata,cellular organisms,Eukaryota,Sar,Stramenopiles,Ochrophyta,Pelagophyceae,Pelagomonadales,Pelagomonadaceae,Pelagomonas,Pelagomonas calceolata,,,,,,,,,,,,,,,,
EUK_pico_k9.32.fasta,37.2,0,1101,4051326,2500,3679.7,9700,Ostreococcus,cellular organisms,Eukaryota,Viridiplantae,Chlorophyta,Mamiellophyceae,Mamiellales,Bathycoccaceae,Ostreococcus,,,,,,,,,,,,,,,,,,
EUK_pico_k9.62.fasta,52.7,0,5658,26862761,2500,4747.7,30615,Florenciella,cellular organisms,Eukaryota,Sar,Stramenopiles,Ochrophyta,Dictyochophyceae,Florenciellales,Florenciella,,,,,,,,,,,,,,,,,,
EUK_pico_k9.70.fasta,57.4,3.9,2109,10841419,2500,5140.5,127306,Micromonas,cellular organisms,Eukaryota,Viridiplantae,Chlorophyta,Mamiellophyceae,Mamiellales,Mamiellaceae,Micromonas,,,,,,,,,,,,,,,,,,
EUK_pico_k9.95.fasta,50.4,0,4509,18856278,2500,4181.9,45247,Prymnesium,cellular organisms,Eukaryota,Haptista,Haptophyta,Prymnesiophyceae,Prymnesiales,Prymnesiaceae,Prymnesium,,,,,,,,,,,,,,,,,,
EUK_TARA_ANE_2018_MAG_00101.fasta,91.5,0,1574,19009552,2504,12077.2,65523,Micromonas,cellular organisms,Eukaryota,Viridiplantae,Chlorophyta,Mamiellophyceae,Mamiellales,Mamiellaceae,Micromonas,,,,,,,,,,,,,,,,,,
EUK_TARA_AON_82_MAG_00012.fasta,88.4,0.8,623,12411452,2510,19922.1,170663,Ostreococcus sp. lucimarinus,cellular organisms,Eukaryota,Viridiplantae,Chlorophyta,Mamiellophyceae,Mamiellales,Bathycoccaceae,Ostreococcus,unclassified Ostreococcus,Ostreococcus sp. lucimarinus,,,,,,,,,,,,,,,,
EUK_TARA_AON_82_MAG_00097.fasta,93.8,0.8,885,21823700,2512,24659.5,206376,Micromonas,cellular organisms,Eukaryota,Viridiplantae,Chlorophyta,Mamiellophyceae,Mamiellales,Mamiellaceae,Micromonas,,,,,,,,,,,,,,,,,,
EUK_TARA_AON_82_MAG_00118.fasta,82.2,0,1336,19088604,2501,14287.9,273170,Pelagococcus subviridis,cellular organisms,Eukaryota,Sar,Stramenopiles,Ochrophyta,Pelagophyceae,Pelagomonadales,Pelagomonadaceae,Pelagococcus,Pelagococcus subviridis,,,,,,,,,,,,,,,,
EUK_TARA_AON_82_MAG_00125.fasta,89.9,0,6393,60707190,2500,9495.9,85535,Acanthoeca,cellular organisms,Eukaryota,Opisthokonta,Choanoflagellata,Acanthoecida,Acanthoecidae,Acanthoeca,,,,,,,,,,,,,,,,,,,
EUK_TARA_AON_82_MAG_00160.fasta,86,0,6324,41941279,2500,6632.1,68680,Alexandrium,cellular organisms,Eukaryota,Sar,Alveolata,Dinophyceae,Gonyaulacales,Pyrocystaceae,Alexandrium,,,,,,,,,,,,,,,,,,
EUK_TARA_AON_82_MAG_00189.fasta,89.1,0,2180,20976897,2502,9622.4,76460,Pycnococcus provasolii,cellular organisms,Eukaryota,Viridiplantae,Chlorophyta,prasinophyte incertae sedis,Pycnococcaceae,Pycnococcus,Pycnococcus provasolii,,,,,,,,,,,,,,,,,,
EUK_TARA_AON_82_MAG_00198.fasta,90.7,0,897,10527501,2518,11736.3,62074,Picochlorum,cellular organisms,Eukaryota,Viridiplantae,Chlorophyta,core chlorophytes,Trebouxiophyceae,Trebouxiophyceae incertae sedis,Picochlorum,,,,,,,,,,,,,,,,,,
EUK_TARA_AON_82_MAG_00229.fasta,87.6,0.8,2328,14815893,2500,6364.2,47959,Chloropicon roscoffensis,cellular organisms,Eukaryota,Viridiplantae,Chlorophyta,Chloropicophyceae,Chloropicales,Chloropicaceae,Chloropicon,Chloropicon roscoffensis,,,,,,,,,,,,,,,,,
EUK_TARA_AON_82_MAG_00271.fasta,55,0,2570,10892672,2500,4238.4,22202,Bathycoccus prasinos,cellular organisms,Eukaryota,Viridiplantae,Chlorophyta,Mamiellophyceae,Mamiellales,Bathycoccaceae,Bathycoccus,Bathycoccus prasinos,,,,,,,,,,,,,,,,,
EUK_TARA_AON_82_MAG_00272.fasta,64.3,0.8,5807,28398303,2500,4890.4,28487,Stramenopiles sp. MAST-4A-sp1,cellular organisms,Eukaryota,Sar,Stramenopiles,unclassified stramenopiles,MASTs group,Stramenopiles sp. MAST-4A-sp1,,,,,,,,,,,,,,,,,,,
EUK_TARA_AON_82_MAG_00274.fasta,44.2,0,3596,13164750,2500,3660.9,13419,Aureococcus anophagefferens,cellular organisms,Eukaryota,Sar,Stramenopiles,Ochrophyta,Pelagophyceae,Pelagomonadales,Pelagomonadaceae,Aureococcus,Aureococcus anophagefferens,,,,,,,,,,,,,,,,
EUK_TARA_AON_82_MAG_00275.fasta,46.5,0,3680,13920522,2500,3782.8,17127,Alexandrium,cellular organisms,Eukaryota,Sar,Alveolata,Dinophyceae,Gonyaulacales,Pyrocystaceae,Alexandrium,,,,,,,,,,,,,,,,,,
EUK_TARA_AON_82_MAG_00276.fasta,34.1,0,5044,20151734,2500,3995.2,21492,Alexandrium,cellular organisms,Eukaryota,Sar,Alveolata,Dinophyceae,Gonyaulacales,Pyrocystaceae,Alexandrium,,,,,,,,,,,,,,,,,,
EUK_TARA_AON_82_MAG_00281.fasta,72.1,0,6998,36681262,2500,5241.7,31016,Alexandrium,cellular organisms,Eukaryota,Sar,Alveolata,Dinophyceae,Gonyaulacales,Pyrocystaceae,Alexandrium,,,,,,,,,,,,,,,,,,
EUK_TARA_AON_82_MAG_00283.fasta,41.1,0,8825,34447234,2500,3903.4,25160,Chrysochromulina,cellular organisms,Eukaryota,Haptista,Haptophyta,Prymnesiophyceae,Prymnesiales,Chrysochromulinaceae,Chrysochromulina,,,,,,,,,,,,,,,,,,
EUK_TARA_AON_82_MAG_00284.fasta,41.1,0,1931,20900661,2507,10823.7,101987,Climacostomum,cellular organisms,Eukaryota,Sar,Alveolata,Ciliophora,Postciliodesmatophora,Heterotrichea,Heterotrichida,Climacostomidae,Climacostomum,,,,,,,,,,,,,,,,
EUK_TARA_AON_82_MAG_00285.fasta,37.2,0,6475,22259560,2500,3437.8,17324,Paracyclopina nana,cellular organisms,Eukaryota,Opisthokonta,Metazoa,Eumetazoa,Bilateria,Protostomia,Ecdysozoa,Panarthropoda,Arthropoda,Mandibulata,Pancrustacea,Crustacea,Multicrustacea,Hexanauplia,Copepoda,Neocopepoda,Podoplea,Cyclopoida,Cyclopettidae,Paracyclopina,Paracyclopina nana,,,,
EUK_TARA_AON_82_MAG_00286.fasta,38.8,0.8,3011,12743960,2501,4232.5,34497,Neocalanus flemingeri,cellular organisms,Eukaryota,Opisthokonta,Metazoa,Eumetazoa,Bilateria,Protostomia,Ecdysozoa,Panarthropoda,Arthropoda,Mandibulata,Pancrustacea,Crustacea,Multicrustacea,Hexanauplia,Copepoda,Neocopepoda,Gymnoplea,Calanoida,Calanidae,Neocalanus,Neocalanus flemingeri,,,,
EUK_TARA_AON_82_MAG_00292.fasta,55,0,4454,25883962,2500,5811.4,62405,Symbiodinium,cellular organisms,Eukaryota,Sar,Alveolata,Dinophyceae,Suessiales,Symbiodiniaceae,Symbiodinium,,,,,,,,,,,,,,,,,,
EUK_TARA_AON_82_MAG_00297.fasta,46.5,0.8,2405,10088831,2500,4194.9,22650,Micromonas,cellular organisms,Eukaryota,Viridiplantae,Chlorophyta,Mamiellophyceae,Mamiellales,Mamiellaceae,Micromonas,,,,,,,,,,,,,,,,,,
EUK_TARA_AON_82_MAG_00298.fasta,30.2,0.8,7474,27887026,2500,3731.2,24641,Calanus finmarchicus,cellular organisms,Eukaryota,Opisthokonta,Metazoa,Eumetazoa,Bilateria,Protostomia,Ecdysozoa,Panarthropoda,Arthropoda,Mandibulata,Pancrustacea,Crustacea,Multicrustacea,Hexanauplia,Copepoda,Neocopepoda,Gymnoplea,Calanoida,Calanidae,Calanus,Calanus finmarchicus,,,,
EUK_TARA_AON_82_MAG_00300.fasta,73.6,0.8,3270,14647218,2500,4479.3,31689,Tetraselmis,cellular organisms,Eukaryota,Viridiplantae,Chlorophyta,core chlorophytes,Chlorodendrophyceae,Chlorodendrales,Chlorodendraceae,Tetraselmis,,,,,,,,,,,,,,,,,
EUK_TARA_AON_82_MAG_00301.fasta,65.9,0,9888,42789407,2500,4327.4,33767,Acanthoeca,cellular organisms,Eukaryota,Opisthokonta,Choanoflagellata,Acanthoecida,Acanthoecidae,Acanthoeca,,,,,,,,,,,,,,,,,,,
EUK_TARA_AON_82_MAG_00302.fasta,62,1.6,9667,39083147,2500,4042.9,21943,Geminigera,cellular organisms,Eukaryota,Cryptophyceae,Pyrenomonadales,Geminigeraceae,Geminigera,,,,,,,,,,,,,,,,,,,,
EUK_TARA_AON_82_MAG_00305.fasta,54.3,1.6,9137,32125083,2500,3515.9,18188,Neocalanus flemingeri,cellular organisms,Eukaryota,Opisthokonta,Metazoa,Eumetazoa,Bilateria,Protostomia,Ecdysozoa,Panarthropoda,Arthropoda,Mandibulata,Pancrustacea,Crustacea,Multicrustacea,Hexanauplia,Copepoda,Neocopepoda,Gymnoplea,Calanoida,Calanidae,Neocalanus,Neocalanus flemingeri,,,,
EUK_TARA_AON_82_MAG_00315.fasta,42.6,0,12785,50968119,2500,3986.6,18945,Chrysochromulina,cellular organisms,Eukaryota,Haptista,Haptophyta,Prymnesiophyceae,Prymnesiales,Chrysochromulinaceae,Chrysochromulina,,,,,,,,,,,,,,,,,,
EUK_TARA_AON_82_MAG_00316.fasta,56.6,0,12400,47199099,2500,3806.4,20323,Acanthoeca,cellular organisms,Eukaryota,Opisthokonta,Choanoflagellata,Acanthoecida,Acanthoecidae,Acanthoeca,,,,,,,,,,,,,,,,,,,
EUK_TARA_AON_82_MAG_00322.fasta,38.8,0,22166,76526538,2500,3452.4,24281,Neocalanus flemingeri,cellular organisms,Eukaryota,Opisthokonta,Metazoa,Eumetazoa,Bilateria,Protostomia,Ecdysozoa,Panarthropoda,Arthropoda,Mandibulata,Pancrustacea,Crustacea,Multicrustacea,Hexanauplia,Copepoda,Neocopepoda,Gymnoplea,Calanoida,Calanidae,Neocalanus,Neocalanus flemingeri,,,,
EUK_TARA_AON_82_MAG_00325.fasta,69,0,4894,30874214,2501,6308.6,46153,Neocalanus flemingeri,cellular organisms,Eukaryota,Opisthokonta,Metazoa,Eumetazoa,Bilateria,Protostomia,Ecdysozoa,Panarthropoda,Arthropoda,Mandibulata,Pancrustacea,Crustacea,Multicrustacea,Hexanauplia,Copepoda,Neocopepoda,Gymnoplea,Calanoida,Calanidae,Neocalanus,Neocalanus flemingeri,,,,
EUK_TARA_AON_82_MAG_00329.fasta,48.1,0,4588,30472938,2500,6641.9,34939,Tigriopus kingsejongensis,cellular organisms,Eukaryota,Opisthokonta,Metazoa,Eumetazoa,Bilateria,Protostomia,Ecdysozoa,Panarthropoda,Arthropoda,Mandibulata,Pancrustacea,Crustacea,Multicrustacea,Hexanauplia,Copepoda,Neocopepoda,Podoplea,Harpacticoida,Harpacticidae,Tigriopus,Tigriopus kingsejongensis,,,,
EUK_TARA_AON_82_MAG_00334.fasta,62,0,6493,34329122,2501,5287.1,39846,Florenciella,cellular organisms,Eukaryota,Sar,Stramenopiles,Ochrophyta,Dictyochophyceae,Florenciellales,Florenciella,,,,,,,,,,,,,,,,,,
EUK_TARA_AON_82_MAG_00336.fasta,65.9,0.8,16187,64693518,2500,3996.6,23102,Calanus finmarchicus,cellular organisms,Eukaryota,Opisthokonta,Metazoa,Eumetazoa,Bilateria,Protostomia,Ecdysozoa,Panarthropoda,Arthropoda,Mandibulata,Pancrustacea,Crustacea,Multicrustacea,Hexanauplia,Copepoda,Neocopepoda,Gymnoplea,Calanoida,Calanidae,Calanus,Calanus finmarchicus,,,,
EUK_TARA_AON_82_MAG_00337.fasta,49.6,0,12934,52299828,2500,4043.6,22988,Phaeocystis cordata,cellular organisms,Eukaryota,Haptista,Haptophyta,Prymnesiophyceae,Phaeocystales,Phaeocystaceae,Phaeocystis,Phaeocystis cordata,,,,,,,,,,,,,,,,,
EUK_TARA_AON_82_MAG_00338.fasta,58.9,0,4021,18254396,2500,4539.8,42335,Minutocellus,cellular organisms,Eukaryota,Sar,Stramenopiles,Ochrophyta,Bacillariophyta,Mediophyceae,Cymatosirophycidae,Cymatosirales,Cymatosiraceae,Minutocellus,,,,,,,,,,,,,,,
EUK_TARA_AON_82_MAG_00341.fasta,83.7,0,8212,47979669,2500,5842.6,41932,Chrysochromulina,cellular organisms,Eukaryota,Haptista,Haptophyta,Prymnesiophyceae,Prymnesiales,Chrysochromulinaceae,Chrysochromulina,,,,,,,,,,,,,,,,,,
EUK_TARA_AON_82_MAG_00342.fasta,52.7,0,9890,36684838,2500,3709.3,26505,Paracyclopina nana,cellular organisms,Eukaryota,Opisthokonta,Metazoa,Eumetazoa,Bilateria,Protostomia,Ecdysozoa,Panarthropoda,Arthropoda,Mandibulata,Pancrustacea,Crustacea,Multicrustacea,Hexanauplia,Copepoda,Neocopepoda,Podoplea,Cyclopoida,Cyclopettidae,Paracyclopina,Paracyclopina nana,,,,
EUK_TARA_AON_82_MAG_00343.fasta,65.9,0,9895,49749346,2500,5027.7,38575,Calanus finmarchicus,cellular organisms,Eukaryota,Opisthokonta,Metazoa,Eumetazoa,Bilateria,Protostomia,Ecdysozoa,Panarthropoda,Arthropoda,Mandibulata,Pancrustacea,Crustacea,Multicrustacea,Hexanauplia,Copepoda,Neocopepoda,Gymnoplea,Calanoida,Calanidae,Calanus,Calanus finmarchicus,,,,
EUK_TARA_AON_82_MAG_00346.fasta,66.7,0,14121,59679675,2500,4226.3,31170,Paracyclopina nana,cellular organisms,Eukaryota,Opisthokonta,Metazoa,Eumetazoa,Bilateria,Protostomia,Ecdysozoa,Panarthropoda,Arthropoda,Mandibulata,Pancrustacea,Crustacea,Multicrustacea,Hexanauplia,Copepoda,Neocopepoda,Podoplea,Cyclopoida,Cyclopettidae,Paracyclopina,Paracyclopina nana,,,,
EUK_TARA_AON_82_MAG_00347.fasta,58.1,0,19199,80011785,2500,4167.5,26786,Acanthoeca,cellular organisms,Eukaryota,Opisthokonta,Choanoflagellata,Acanthoecida,Acanthoecidae,Acanthoeca,,,,,,,,,,,,,,,,,,,
EUK_TARA_AON_82_MAG_00351.fasta,35.7,0,9558,36971169,2500,3868.1,26498,Emiliania huxleyi,cellular organisms,Eukaryota,Haptista,Haptophyta,Prymnesiophyceae,Isochrysidales,Noelaerhabdaceae,Emiliania,Emiliania huxleyi,,,,,,,,,,,,,,,,,
EUK_TARA_AON_82_MAG_00354.fasta,67.4,0,8376,46776119,2500,5584.5,37452,Chrysochromulina,cellular organisms,Eukaryota,Haptista,Haptophyta,Prymnesiophyceae,Prymnesiales,Chrysochromulinaceae,Chrysochromulina,,,,,,,,,,,,,,,,,,
EUK_TARA_AON_82_MAG_00356.fasta,82.2,0,9552,69436919,2500,7269.4,60728,Chrysochromulina,cellular organisms,Eukaryota,Haptista,Haptophyta,Prymnesiophyceae,Prymnesiales,Chrysochromulinaceae,Chrysochromulina,,,,,,,,,,,,,,,,,,
EUK_TARA_AON_82_MAG_00357.fasta,53.5,0,10199,52170580,2500,5115.3,82096,Oikopleura dioica,cellular organisms,Eukaryota,Opisthokonta,Metazoa,Eumetazoa,Bilateria,Deuterostomia,Chordata,Tunicata,Appendicularia,Copelata,Oikopleuridae,Oikopleura,Oikopleura dioica,,,,,,,,,,,,
EUK_TARA_AOS_82_MAG_00032.fasta,98.4,0.8,523,15880967,2507,30365.1,199228,Chloropicon roscoffensis,cellular organisms,Eukaryota,Viridiplantae,Chlorophyta,Chloropicophyceae,Chloropicales,Chloropicaceae,Chloropicon,Chloropicon roscoffensis,,,,,,,,,,,,,,,,,
EUK_TARA_AOS_82_MAG_00129.fasta,61.2,0,6147,27129373,2500,4413.4,19498,Aureococcus anophagefferens,cellular organisms,Eukaryota,Sar,Stramenopiles,Ochrophyta,Pelagophyceae,Pelagomonadales,Pelagomonadaceae,Aureococcus,Aureococcus anophagefferens,,,,,,,,,,,,,,,,
EUK_TARA_AOS_82_MAG_00131.fasta,63.6,0,2356,10098680,2501,4286.4,25463,Pycnococcus,cellular organisms,Eukaryota,Viridiplantae,Chlorophyta,prasinophyte incertae sedis,Pycnococcaceae,Pycnococcus,,,,,,,,,,,,,,,,,,,
EUK_TARA_AOS_82_MAG_00132.fasta,60.5,0,4758,24427585,2500,5134,57498,Prymnesium,cellular organisms,Eukaryota,Haptista,Haptophyta,Prymnesiophyceae,Prymnesiales,Prymnesiaceae,Prymnesium,,,,,,,,,,,,,,,,,,
EUK_TARA_AOS_82_MAG_00135.fasta,33.3,0,4842,19057692,2500,3935.9,20095,Alexandrium,cellular organisms,Eukaryota,Sar,Alveolata,Dinophyceae,Gonyaulacales,Pyrocystaceae,Alexandrium,,,,,,,,,,,,,,,,,,
EUK_TARA_AOS_82_MAG_00137.fasta,62.8,1.6,2958,12392203,2500,4189.4,41437,Micromonas,cellular organisms,Eukaryota,Viridiplantae,Chlorophyta,Mamiellophyceae,Mamiellales,Mamiellaceae,Micromonas,,,,,,,,,,,,,,,,,,
EUK_TARA_AOS_82_MAG_00140.fasta,51.2,0,8291,34960527,2500,4216.7,24297,Chrysochromulina,cellular organisms,Eukaryota,Haptista,Haptophyta,Prymnesiophyceae,Prymnesiales,Chrysochromulinaceae,Chrysochromulina,,,,,,,,,,,,,,,,,,
EUK_TARA_AOS_82_MAG_00142.fasta,52.7,0,5010,18832268,2500,3758.9,27351,Prymnesium,cellular organisms,Eukaryota,Haptista,Haptophyta,Prymnesiophyceae,Prymnesiales,Prymnesiaceae,Prymnesium,,,,,,,,,,,,,,,,,,
EUK_TARA_AOS_82_MAG_00160.fasta,41.1,0,2793,12365631,2500,4427.4,24103,Neocalanus flemingeri,cellular organisms,Eukaryota,Opisthokonta,Metazoa,Eumetazoa,Bilateria,Protostomia,Ecdysozoa,Panarthropoda,Arthropoda,Mandibulata,Pancrustacea,Crustacea,Multicrustacea,Hexanauplia,Copepoda,Neocopepoda,Gymnoplea,Calanoida,Calanidae,Neocalanus,Neocalanus flemingeri,,,,
EUK_TARA_AOS_82_MAG_00161.fasta,33.3,0,9271,36278491,2500,3913.1,26494,Emiliania huxleyi,cellular organisms,Eukaryota,Haptista,Haptophyta,Prymnesiophyceae,Isochrysidales,Noelaerhabdaceae,Emiliania,Emiliania huxleyi,,,,,,,,,,,,,,,,,
EUK_TARA_AOS_82_MAG_00165.fasta,39.5,0,17985,62875516,2500,3496,23104,Neocalanus flemingeri,cellular organisms,Eukaryota,Opisthokonta,Metazoa,Eumetazoa,Bilateria,Protostomia,Ecdysozoa,Panarthropoda,Arthropoda,Mandibulata,Pancrustacea,Crustacea,Multicrustacea,Hexanauplia,Copepoda,Neocopepoda,Gymnoplea,Calanoida,Calanidae,Neocalanus,Neocalanus flemingeri,,,,
EUK_TARA_AOS_82_MAG_00168.fasta,43.4,0,7551,28347013,2500,3754.1,20104,Paracyclopina nana,cellular organisms,Eukaryota,Opisthokonta,Metazoa,Eumetazoa,Bilateria,Protostomia,Ecdysozoa,Panarthropoda,Arthropoda,Mandibulata,Pancrustacea,Crustacea,Multicrustacea,Hexanauplia,Copepoda,Neocopepoda,Podoplea,Cyclopoida,Cyclopettidae,Paracyclopina,Paracyclopina nana,,,,
EUK_TARA_AOS_82_MAG_00169.fasta,65.9,0,11669,54419707,2500,4663.6,28351,Paracyclopina nana,cellular organisms,Eukaryota,Opisthokonta,Metazoa,Eumetazoa,Bilateria,Protostomia,Ecdysozoa,Panarthropoda,Arthropoda,Mandibulata,Pancrustacea,Crustacea,Multicrustacea,Hexanauplia,Copepoda,Neocopepoda,Podoplea,Cyclopoida,Cyclopettidae,Paracyclopina,Paracyclopina nana,,,,
EUK_TARA_AOS_82_MAG_00173.fasta,54.3,0,9215,37509458,2500,4070.5,20616,Daphnia pulex,cellular organisms,Eukaryota,Opisthokonta,Metazoa,Eumetazoa,Bilateria,Protostomia,Ecdysozoa,Panarthropoda,Arthropoda,Mandibulata,Pancrustacea,Crustacea,Branchiopoda,Phyllopoda,Diplostraca,Cladocera,Anomopoda,Daphniidae,Daphnia,Daphnia pulex,,,,,
EUK_TARA_AOS_82_MAG_00176.fasta,67.4,0,6363,28681957,2500,4507.6,27468,Fragilariopsis,cellular organisms,Eukaryota,Sar,Stramenopiles,Ochrophyta,Bacillariophyta,Bacillariophyceae,Bacillariophycidae,Bacillariales,Bacillariaceae,Fragilariopsis,,,,,,,,,,,,,,,
EUK_TARA_AOS_82_MAG_00179.fasta,43.4,0,15074,62260828,2500,4130.3,34399,Calanus finmarchicus,cellular organisms,Eukaryota,Opisthokonta,Metazoa,Eumetazoa,Bilateria,Protostomia,Ecdysozoa,Panarthropoda,Arthropoda,Mandibulata,Pancrustacea,Crustacea,Multicrustacea,Hexanauplia,Copepoda,Neocopepoda,Gymnoplea,Calanoida,Calanidae,Calanus,Calanus finmarchicus,,,,
EUK_TARA_AOS_82_MAG_00181.fasta,74.4,0,3081,15561846,2500,5050.9,27815,Micromonas,cellular organisms,Eukaryota,Viridiplantae,Chlorophyta,Mamiellophyceae,Mamiellales,Mamiellaceae,Micromonas,,,,,,,,,,,,,,,,,,
EUK_TARA_AOS_82_MAG_00183.fasta,51.2,0.8,8613,41217481,2500,4785.5,35539,Phaeocystis antarctica,cellular organisms,Eukaryota,Haptista,Haptophyta,Prymnesiophyceae,Phaeocystales,Phaeocystaceae,Phaeocystis,Phaeocystis antarctica,,,,,,,,,,,,,,,,,
EUK_TARA_AOS_82_MAG_00184.fasta,63.6,0,15579,76430191,2500,4906,37910,Chrysochromulina,cellular organisms,Eukaryota,Haptista,Haptophyta,Prymnesiophyceae,Prymnesiales,Chrysochromulinaceae,Chrysochromulina,,,,,,,,,,,,,,,,,,
EUK_TARA_AOS_82_MAG_00185.fasta,55,0,9518,54476297,2500,5723.5,44908,Florenciella,cellular organisms,Eukaryota,Sar,Stramenopiles,Ochrophyta,Dictyochophyceae,Florenciellales,Florenciella,,,,,,,,,,,,,,,,,,
EUK_TARA_AOS_82_MAG_00186.fasta,65.1,0.8,2670,11913442,2500,4462,30302,Bathycoccus,cellular organisms,Eukaryota,Viridiplantae,Chlorophyta,Mamiellophyceae,Mamiellales,Bathycoccaceae,Bathycoccus,,,,,,,,,,,,,,,,,,
EUK_TARA_ARC_108_MAG_00100.fasta,94.6,0.8,1020,22042985,2530,21610.8,188293,Micromonas,cellular organisms,Eukaryota,Viridiplantae,Chlorophyta,Mamiellophyceae,Mamiellales,Mamiellaceae,Micromonas,,,,,,,,,,,,,,,,,,
EUK_TARA_ARC_108_MAG_00108.fasta,88.4,0.8,7090,40473145,2500,5708.5,38192,Leptocylindrus,cellular organisms,Eukaryota,Sar,Stramenopiles,Ochrophyta,Bacillariophyta,Coscinodiscophyceae,Chaetocerotophycidae,Leptocylindrales,Leptocylindraceae,Leptocylindrus,,,,,,,,,,,,,,,
EUK_TARA_ARC_108_MAG_00116.fasta,94.6,0.8,3326,32722577,2500,9838.4,99293,Chaetoceros,cellular organisms,Eukaryota,Sar,Stramenopiles,Ochrophyta,Bacillariophyta,Coscinodiscophyceae,Chaetocerotophycidae,Chaetocerotales,Chaetocerotaceae,Chaetoceros,,,,,,,,,,,,,,,
EUK_TARA_ARC_108_MAG_00122.fasta,86,0,4966,35575995,2500,7163.9,61454,Fragilariopsis,cellular organisms,Eukaryota,Sar,Stramenopiles,Ochrophyta,Bacillariophyta,Bacillariophyceae,Bacillariophycidae,Bacillariales,Bacillariaceae,Fragilariopsis,,,,,,,,,,,,,,,
EUK_TARA_ARC_108_MAG_00123.fasta,79.1,0.8,1951,24697883,2502,12659.1,71359,Pelagomonas,cellular organisms,Eukaryota,Sar,Stramenopiles,Ochrophyta,Pelagophyceae,Pelagomonadales,Pelagomonadaceae,Pelagomonas,,,,,,,,,,,,,,,,,
EUK_TARA_ARC_108_MAG_00137.fasta,79.1,0,7917,40678489,2500,5138.1,30808,Pseudo-nitzschia,cellular organisms,Eukaryota,Sar,Stramenopiles,Ochrophyta,Bacillariophyta,Bacillariophyceae,Bacillariophycidae,Bacillariales,Bacillariaceae,Pseudo-nitzschia,,,,,,,,,,,,,,,
EUK_TARA_ARC_108_MAG_00138.fasta,91.5,0,3476,29129855,2500,8380.3,42689,Skeletonema,cellular organisms,Eukaryota,Sar,Stramenopiles,Ochrophyta,Bacillariophyta,Coscinodiscophyceae,Thalassiosirophycidae,Thalassiosirales,Skeletonemataceae,Skeletonema,,,,,,,,,,,,,,,
EUK_TARA_ARC_108_MAG_00147.fasta,77.5,0,10499,55407913,2500,5277.4,38480,Acanthoeca,cellular organisms,Eukaryota,Opisthokonta,Choanoflagellata,Acanthoecida,Acanthoecidae,Acanthoeca,,,,,,,,,,,,,,,,,,,
EUK_TARA_ARC_108_MAG_00165.fasta,87.6,0.8,7674,39329959,2500,5125.1,32962,Synedropsis,cellular organisms,Eukaryota,Sar,Stramenopiles,Ochrophyta,Bacillariophyta,Fragilariophyceae,Fragilariophycidae,Fragilariales,Fragilariaceae,Synedropsis,,,,,,,,,,,,,,,
EUK_TARA_ARC_108_MAG_00187.fasta,78.3,0,8306,41050103,2500,4942.2,33473,Fragilariopsis,cellular organisms,Eukaryota,Sar,Stramenopiles,Ochrophyta,Bacillariophyta,Bacillariophyceae,Bacillariophycidae,Bacillariales,Bacillariaceae,Fragilariopsis,,,,,,,,,,,,,,,
EUK_TARA_ARC_108_MAG_00188.fasta,84.5,0,5856,44642736,2500,7623.4,110144,Alexandrium,cellular organisms,Eukaryota,Sar,Alveolata,Dinophyceae,Gonyaulacales,Pyrocystaceae,Alexandrium,,,,,,,,,,,,,,,,,,
EUK_TARA_ARC_108_MAG_00189.fasta,91.5,0,4441,34156899,2500,7691.3,75117,Chaetoceros,cellular organisms,Eukaryota,Sar,Stramenopiles,Ochrophyta,Bacillariophyta,Coscinodiscophyceae,Chaetocerotophycidae,Chaetocerotales,Chaetocerotaceae,Chaetoceros,,,,,,,,,,,,,,,
EUK_TARA_ARC_108_MAG_00209.fasta,82.9,0,4714,27486254,2500,5830.8,39399,Minutocellus polymorphus,cellular organisms,Eukaryota,Sar,Stramenopiles,Ochrophyta,Bacillariophyta,Mediophyceae,Cymatosirophycidae,Cymatosirales,Cymatosiraceae,Minutocellus,Minutocellus polymorphus,,,,,,,,,,,,,,
EUK_TARA_ARC_108_MAG_00212.fasta,77.5,0.8,5125,28586333,2500,5577.8,43013,Pseudo-nitzschia,cellular organisms,Eukaryota,Sar,Stramenopiles,Ochrophyta,Bacillariophyta,Bacillariophyceae,Bacillariophycidae,Bacillariales,Bacillariaceae,Pseudo-nitzschia,,,,,,,,,,,,,,,
EUK_TARA_ARC_108_MAG_00215.fasta,81.4,0,3356,31722001,2500,9452.3,121201,Paraphysomonas,cellular organisms,Eukaryota,Sar,Stramenopiles,Ochrophyta,Chrysophyceae,Chromulinales,Paraphysomonadaceae,Paraphysomonas,,,,,,,,,,,,,,,,,
EUK_TARA_ARC_108_MAG_00217.fasta,85.3,0.8,6182,33988865,2500,5498,50886,Chaetoceros,cellular organisms,Eukaryota,Sar,Stramenopiles,Ochrophyta,Bacillariophyta,Coscinodiscophyceae,Chaetocerotophycidae,Chaetocerotales,Chaetocerotaceae,Chaetoceros,,,,,,,,,,,,,,,
EUK_TARA_ARC_108_MAG_00219.fasta,65.9,0.8,6685,33514166,2500,5013.3,30859,Minidiscus variabilis,cellular organisms,Eukaryota,Sar,Stramenopiles,Ochrophyta,Bacillariophyta,Coscinodiscophyceae,Thalassiosirophycidae,Thalassiosirales,Thalassiosiraceae,Minidiscus,Minidiscus variabilis,,,,,,,,,,,,,,
EUK_TARA_ARC_108_MAG_00220.fasta,66.7,0,7069,32149358,2500,4547.9,33670,Alexandrium,cellular organisms,Eukaryota,Sar,Alveolata,Dinophyceae,Gonyaulacales,Pyrocystaceae,Alexandrium,,,,,,,,,,,,,,,,,,
EUK_TARA_ARC_108_MAG_00221.fasta,68.2,0,3776,22903774,2500,6065.6,39437,Bolidomonas,cellular organisms,Eukaryota,Sar,Stramenopiles,Ochrophyta,Bolidophyceae,Parmales,Triparmaceae,Bolidomonas,,,,,,,,,,,,,,,,,
EUK_TARA_ARC_108_MAG_00222.fasta,54.3,0,7131,40136874,2500,5628.5,32312,Cylindrotheca,cellular organisms,Eukaryota,Sar,Stramenopiles,Ochrophyta,Bacillariophyta,Bacillariophyceae,Bacillariophycidae,Bacillariales,Bacillariaceae,Cylindrotheca,,,,,,,,,,,,,,,
EUK_TARA_ARC_108_MAG_00223.fasta,63.6,0,7155,33973234,2500,4748.2,36102,Oikopleura dioica,cellular organisms,Eukaryota,Opisthokonta,Metazoa,Eumetazoa,Bilateria,Deuterostomia,Chordata,Tunicata,Appendicularia,Copelata,Oikopleuridae,Oikopleura,Oikopleura dioica,,,,,,,,,,,,
EUK_TARA_ARC_108_MAG_00224.fasta,62.8,0,2678,15271292,2500,5702.5,43519,Paraphysomonas,cellular organisms,Eukaryota,Sar,Stramenopiles,Ochrophyta,Chrysophyceae,Chromulinales,Paraphysomonadaceae,Paraphysomonas,,,,,,,,,,,,,,,,,
EUK_TARA_ARC_108_MAG_00225.fasta,53.5,0,14291,57792377,2500,4044,28352,Bolinopsis microptera,cellular organisms,Eukaryota,Opisthokonta,Metazoa,Eumetazoa,Ctenophora,Tentaculata,Lobata,Bolinopsidae,Bolinopsis,Bolinopsis microptera,,,,,,,,,,,,,,,
EUK_TARA_ARC_108_MAG_00226.fasta,45.7,0,15769,64808533,2500,4109.9,50550,Bolinopsis microptera,cellular organisms,Eukaryota,Opisthokonta,Metazoa,Eumetazoa,Ctenophora,Tentaculata,Lobata,Bolinopsidae,Bolinopsis,Bolinopsis microptera,,,,,,,,,,,,,,,
EUK_TARA_ARC_108_MAG_00227.fasta,53.5,0.8,27899,107520525,2500,3853.9,22234,Mnemiopsis leidyi,cellular organisms,Eukaryota,Opisthokonta,Metazoa,Eumetazoa,Ctenophora,Tentaculata,Lobata,Bolinopsidae,Mnemiopsis,Mnemiopsis leidyi,,,,,,,,,,,,,,,
EUK_TARA_ARC_108_MAG_00228.fasta,53.5,0,4801,18046799,2500,3759,14923,Pseudo-nitzschia,cellular organisms,Eukaryota,Sar,Stramenopiles,Ochrophyta,Bacillariophyta,Bacillariophyceae,Bacillariophycidae,Bacillariales,Bacillariaceae,Pseudo-nitzschia,,,,,,,,,,,,,,,
EUK_TARA_ARC_108_MAG_00229.fasta,37.2,0,4847,20562401,2500,4242.3,21289,Calanus finmarchicus,cellular organisms,Eukaryota,Opisthokonta,Metazoa,Eumetazoa,Bilateria,Protostomia,Ecdysozoa,Panarthropoda,Arthropoda,Mandibulata,Pancrustacea,Crustacea,Multicrustacea,Hexanauplia,Copepoda,Neocopepoda,Gymnoplea,Calanoida,Calanidae,Calanus,Calanus finmarchicus,,,,
EUK_TARA_ARC_108_MAG_00230.fasta,46.5,0.8,4737,20673871,2500,4364.3,18617,Pseudo-nitzschia,cellular organisms,Eukaryota,Sar,Stramenopiles,Ochrophyta,Bacillariophyta,Bacillariophyceae,Bacillariophycidae,Bacillariales,Bacillariaceae,Pseudo-nitzschia,,,,,,,,,,,,,,,
EUK_TARA_ARC_108_MAG_00231.fasta,55.8,0.8,12977,47807461,2500,3684,17927,Lingula anatina,cellular organisms,Eukaryota,Opisthokonta,Metazoa,Eumetazoa,Bilateria,Protostomia,Spiralia,Lophotrochozoa,Brachiopoda,Linguliformea,Lingulata,Lingulida,Linguloidea,Lingulidae,Lingula,Lingula anatina,,,,,,,,,
EUK_TARA_ARC_108_MAG_00233.fasta,57.4,0.8,2373,11089447,2500,4673.2,27917,Micromonas,cellular organisms,Eukaryota,Viridiplantae,Chlorophyta,Mamiellophyceae,Mamiellales,Mamiellaceae,Micromonas,,,,,,,,,,,,,,,,,,
EUK_TARA_ARC_108_MAG_00235.fasta,82.2,0,2950,17283503,2500,5858.8,36709,Phytophthora,cellular organisms,Eukaryota,Sar,Stramenopiles,Oomycota,Peronosporales,Peronosporaceae,Phytophthora,,,,,,,,,,,,,,,,,,
EUK_TARA_ARC_108_MAG_00238.fasta,46.5,0,947,13995552,2631,14778.8,52463,Tiarina,cellular organisms,Eukaryota,Sar,Alveolata,Ciliophora,Intramacronucleata,Prostomatea,Prorodontida,Colepidae,Tiarina,,,,,,,,,,,,,,,,
EUK_TARA_ARC_108_MAG_00239.fasta,36.4,0,3186,11711613,2500,3676,17719,Attheya,cellular organisms,Eukaryota,Sar,Stramenopiles,Ochrophyta,Bacillariophyta,Coscinodiscophyceae,Chaetocerotophycidae,Chaetocerotales,Attheyaceae,Attheya,,,,,,,,,,,,,,,
EUK_TARA_ARC_108_MAG_00240.fasta,37.2,0,10020,43389750,2500,4330.3,29352,Acanthoeca,cellular organisms,Eukaryota,Opisthokonta,Choanoflagellata,Acanthoecida,Acanthoecidae,Acanthoeca,,,,,,,,,,,,,,,,,,,
EUK_TARA_ARC_108_MAG_00241.fasta,38,0,4333,18052073,2500,4166.2,24563,Acanthoeca,cellular organisms,Eukaryota,Opisthokonta,Choanoflagellata,Acanthoecida,Acanthoecidae,Acanthoeca,,,,,,,,,,,,,,,,,,,
EUK_TARA_ARC_108_MAG_00243.fasta,32.6,0,4402,16272952,2500,3696.7,19321,Alexandrium,cellular organisms,Eukaryota,Sar,Alveolata,Dinophyceae,Gonyaulacales,Pyrocystaceae,Alexandrium,,,,,,,,,,,,,,,,,,
EUK_TARA_ARC_108_MAG_00244.fasta,38.8,0,18769,80853461,2500,4307.8,51433,Geminigera,cellular organisms,Eukaryota,Cryptophyceae,Pyrenomonadales,Geminigeraceae,Geminigera,,,,,,,,,,,,,,,,,,,,
EUK_TARA_ARC_108_MAG_00245.fasta,77.5,0,7163,37388864,2500,5219.7,40136,Acanthoeca,cellular organisms,Eukaryota,Opisthokonta,Choanoflagellata,Acanthoecida,Acanthoecidae,Acanthoeca,,,,,,,,,,,,,,,,,,,
EUK_TARA_ARC_108_MAG_00247.fasta,58.9,0,9669,45225790,2500,4677.4,62847,Acanthoeca,cellular organisms,Eukaryota,Opisthokonta,Choanoflagellata,Acanthoecida,Acanthoecidae,Acanthoeca,,,,,,,,,,,,,,,,,,,
EUK_TARA_ARC_108_MAG_00248.fasta,57.4,0,12726,51554084,2500,4051.1,30781,Phaeocystis,cellular organisms,Eukaryota,Haptista,Haptophyta,Prymnesiophyceae,Phaeocystales,Phaeocystaceae,Phaeocystis,,,,,,,,,,,,,,,,,,
EUK_TARA_ARC_108_MAG_00250.fasta,41.1,0,12310,53246527,2500,4325.5,31845,Acanthoeca,cellular organisms,Eukaryota,Opisthokonta,Choanoflagellata,Acanthoecida,Acanthoecidae,Acanthoeca,,,,,,,,,,,,,,,,,,,
EUK_TARA_ARC_108_MAG_00251.fasta,42.6,0,4653,16495169,2500,3545.1,14791,Adineta ricciae,cellular organisms,Eukaryota,Opisthokonta,Metazoa,Eumetazoa,Bilateria,Protostomia,Spiralia,Gnathifera,Rotifera,Eurotatoria,Bdelloidea,Adinetida,Adinetidae,Adineta,Adineta ricciae,,,,,,,,,,
EUK_TARA_ARC_108_MAG_00253.fasta,56.6,0,5001,23295314,2500,4658.1,24036,Skeletonema marinoi,cellular organisms,Eukaryota,Sar,Stramenopiles,Ochrophyta,Bacillariophyta,Coscinodiscophyceae,Thalassiosirophycidae,Thalassiosirales,Skeletonemataceae,Skeletonema,Skeletonema marinoi-dohrnii complex,Skeletonema marinoi,,,,,,,,,,,,,
EUK_TARA_ARC_108_MAG_00254.fasta,39.5,0,10565,39160233,2500,3706.6,25106,Bolinopsis microptera,cellular organisms,Eukaryota,Opisthokonta,Metazoa,Eumetazoa,Ctenophora,Tentaculata,Lobata,Bolinopsidae,Bolinopsis,Bolinopsis microptera,,,,,,,,,,,,,,,
EUK_TARA_ARC_108_MAG_00255.fasta,73.6,0,14766,77998856,2500,5282.3,62114,Acanthoeca,cellular organisms,Eukaryota,Opisthokonta,Choanoflagellata,Acanthoecida,Acanthoecidae,Acanthoeca,,,,,,,,,,,,,,,,,,,
EUK_TARA_ARC_108_MAG_00261.fasta,38.8,0,4370,17516050,2500,4008.2,27407,Dinobryon,cellular organisms,Eukaryota,Sar,Stramenopiles,Ochrophyta,Chrysophyceae,Chromulinales,Dinobryaceae,Dinobryon,,,,,,,,,,,,,,,,,
EUK_TARA_ARC_108_MAG_00263.fasta,34.9,0,6705,28300579,2500,4220.8,25208,Pelagococcus,cellular organisms,Eukaryota,Sar,Stramenopiles,Ochrophyta,Pelagophyceae,Pelagomonadales,Pelagomonadaceae,Pelagococcus,,,,,,,,,,,,,,,,,
EUK_TARA_ARC_108_MAG_00264.fasta,55.8,1.6,2488,10521838,2500,4229,22698,Bathycoccus,cellular organisms,Eukaryota,Viridiplantae,Chlorophyta,Mamiellophyceae,Mamiellales,Bathycoccaceae,Bathycoccus,,,,,,,,,,,,,,,,,,
EUK_TARA_ARC_108_MAG_00267.fasta,56.6,0,7475,29563790,2500,3955,22034,Chaetoceros,cellular organisms,Eukaryota,Sar,Stramenopiles,Ochrophyta,Bacillariophyta,Coscinodiscophyceae,Chaetocerotophycidae,Chaetocerotales,Chaetocerotaceae,Chaetoceros,,,,,,,,,,,,,,,
EUK_TARA_ARC_108_MAG_00270.fasta,30.2,0,3182,11590719,2500,3642.6,17460,Paracyclopina nana,cellular organisms,Eukaryota,Opisthokonta,Metazoa,Eumetazoa,Bilateria,Protostomia,Ecdysozoa,Panarthropoda,Arthropoda,Mandibulata,Pancrustacea,Crustacea,Multicrustacea,Hexanauplia,Copepoda,Neocopepoda,Podoplea,Cyclopoida,Cyclopettidae,Paracyclopina,Paracyclopina nana,,,,
EUK_TARA_ARC_108_MAG_00276.fasta,62,0,6391,27285525,2500,4269.4,21090,Pseudo-nitzschia,cellular organisms,Eukaryota,Sar,Stramenopiles,Ochrophyta,Bacillariophyta,Bacillariophyceae,Bacillariophycidae,Bacillariales,Bacillariaceae,Pseudo-nitzschia,,,,,,,,,,,,,,,
EUK_TARA_ARC_108_MAG_00278.fasta,62,0,23476,110525161,2500,4708,53799,Acanthoeca,cellular organisms,Eukaryota,Opisthokonta,Choanoflagellata,Acanthoecida,Acanthoecidae,Acanthoeca,,,,,,,,,,,,,,,,,,,
EUK_TARA_ARC_108_MAG_00279.fasta,68.2,1.6,17486,79577012,2500,4550.9,42798,Acanthoeca,cellular organisms,Eukaryota,Opisthokonta,Choanoflagellata,Acanthoecida,Acanthoecidae,Acanthoeca,,,,,,,,,,,,,,,,,,,
EUK_TARA_ARC_108_MAG_00289.fasta,70.5,0,14201,85130718,2500,5994.7,52037,Chrysochromulina,cellular organisms,Eukaryota,Haptista,Haptophyta,Prymnesiophyceae,Prymnesiales,Chrysochromulinaceae,Chrysochromulina,,,,,,,,,,,,,,,,,,
EUK_TARA_ARC_108_MAG_00297.fasta,61.2,0,18708,87612111,2500,4683.1,47552,Tigriopus kingsejongensis,cellular organisms,Eukaryota,Opisthokonta,Metazoa,Eumetazoa,Bilateria,Protostomia,Ecdysozoa,Panarthropoda,Arthropoda,Mandibulata,Pancrustacea,Crustacea,Multicrustacea,Hexanauplia,Copepoda,Neocopepoda,Podoplea,Harpacticoida,Harpacticidae,Tigriopus,Tigriopus kingsejongensis,,,,
EUK_TARA_ARC_108_MAG_00303.fasta,44.2,0,17489,70472993,2500,4029.6,25361,Haptolina,cellular organisms,Eukaryota,Haptista,Haptophyta,Prymnesiophyceae,Prymnesiales,Prymnesiaceae,Haptolina,,,,,,,,,,,,,,,,,,
EUK_TARA_ARC_108_MAG_00306.fasta,57.4,0.8,5895,33612460,2500,5701.9,50017,Tetrahymena,cellular organisms,Eukaryota,Sar,Alveolata,Ciliophora,Intramacronucleata,Oligohymenophorea,Hymenostomatida,Tetrahymenina,Tetrahymenidae,Tetrahymena,,,,,,,,,,,,,,,
EUK_TARA_ARC_108_MAG_00310.fasta,40.3,0,20695,79329714,2500,3833.3,35214,Florenciella,cellular organisms,Eukaryota,Sar,Stramenopiles,Ochrophyta,Dictyochophyceae,Florenciellales,Florenciella,,,,,,,,,,,,,,,,,,
EUK_TARA_ARC_108_MAG_00312.fasta,42.6,0,15236,78421886,2500,5147.1,51507,Geminigera,cellular organisms,Eukaryota,Cryptophyceae,Pyrenomonadales,Geminigeraceae,Geminigera,,,,,,,,,,,,,,,,,,,,
EUK_TARA_ARC_108_MAG_00313.fasta,51.2,0,33811,129558273,2500,3831.8,21057,Thalassiosira,cellular organisms,Eukaryota,Sar,Stramenopiles,Ochrophyta,Bacillariophyta,Coscinodiscophyceae,Thalassiosirophycidae,Thalassiosirales,Thalassiosiraceae,Thalassiosira,,,,,,,,,,,,,,,
EUK_TARA_ARC_108_MAG_00315.fasta,62.8,0,13090,60733454,2500,4639.7,28701,Chrysochromulina,cellular organisms,Eukaryota,Haptista,Haptophyta,Prymnesiophyceae,Prymnesiales,Chrysochromulinaceae,Chrysochromulina,,,,,,,,,,,,,,,,,,
EUK_TARA_ARC_108_MAG_00316.fasta,45,0,45214,187728874,2500,4152,28482,Oikopleura dioica,cellular organisms,Eukaryota,Opisthokonta,Metazoa,Eumetazoa,Bilateria,Deuterostomia,Chordata,Tunicata,Appendicularia,Copelata,Oikopleuridae,Oikopleura,Oikopleura dioica,,,,,,,,,,,,
EUK_TARA_ARC_108_MAG_00317.fasta,83.7,0.8,20596,107893875,2500,5238.6,48566,Picozoa sp.,cellular organisms,Eukaryota,Eukaryota incertae sedis,Picozoa,unclassified Picozoa,Picozoa sp.,,,,,,,,,,,,,,,,,,,,
EUK_TARA_ARC_108_MAG_00318.fasta,75.2,0,11732,85263096,2500,7267.6,108719,Oikopleura dioica,cellular organisms,Eukaryota,Opisthokonta,Metazoa,Eumetazoa,Bilateria,Deuterostomia,Chordata,Tunicata,Appendicularia,Copelata,Oikopleuridae,Oikopleura,Oikopleura dioica,,,,,,,,,,,,
EUK_TARA_ARC_108_MAG_00319.fasta,65.9,0,12266,54354869,2500,4431.3,29213,Phaeocystis antarctica,cellular organisms,Eukaryota,Haptista,Haptophyta,Prymnesiophyceae,Phaeocystales,Phaeocystaceae,Phaeocystis,Phaeocystis antarctica,,,,,,,,,,,,,,,,,
EUK_TARA_ARC_108_MAG_00320.fasta,69,0,13496,61244504,2500,4538,34879,Chrysochromulina,cellular organisms,Eukaryota,Haptista,Haptophyta,Prymnesiophyceae,Prymnesiales,Chrysochromulinaceae,Chrysochromulina,,,,,,,,,,,,,,,,,,
EUK_TARA_ARC_108_MAG_00323.fasta,68.2,0.8,24345,114430936,2500,4700.4,33608,Haptolina,cellular organisms,Eukaryota,Haptista,Haptophyta,Prymnesiophyceae,Prymnesiales,Prymnesiaceae,Haptolina,,,,,,,,,,,,,,,,,,
EUK_TARA_ARC_108_MAG_00324.fasta,64.3,0,18974,95514486,2500,5034,34428,Chrysochromulina,cellular organisms,Eukaryota,Haptista,Haptophyta,Prymnesiophyceae,Prymnesiales,Chrysochromulinaceae,Chrysochromulina,,,,,,,,,,,,,,,,,,
EUK_TARA_ARC_108_MAG_00325.fasta,65.9,0.8,40899,186614357,2500,4562.8,42501,Acanthoeca,cellular organisms,Eukaryota,Opisthokonta,Choanoflagellata,Acanthoecida,Acanthoecidae,Acanthoeca,,,,,,,,,,,,,,,,,,,
EUK_TARA_ARC_108_MAG_00326.fasta,77.5,0,11292,81124695,2500,7184.3,57261,Chrysochromulina,cellular organisms,Eukaryota,Haptista,Haptophyta,Prymnesiophyceae,Prymnesiales,Chrysochromulinaceae,Chrysochromulina,,,,,,,,,,,,,,,,,,
EUK_TARA_ASE_2018_MAG_00032.fasta,65.1,0.8,2400,12391309,2501,5163,34105,Micromonas,cellular organisms,Eukaryota,Viridiplantae,Chlorophyta,Mamiellophyceae,Mamiellales,Mamiellaceae,Micromonas,,,,,,,,,,,,,,,,,,
EUK_TARA_ION_45_MAG_00010.fasta,87.6,0,653,12663823,2528,19393.3,133601,Ostreococcus,cellular organisms,Eukaryota,Viridiplantae,Chlorophyta,Mamiellophyceae,Mamiellales,Bathycoccaceae,Ostreococcus,,,,,,,,,,,,,,,,,,
EUK_TARA_ION_45_MAG_00030.fasta,80.6,0.8,788,14573389,2519,18494.1,135001,Bathycoccus,cellular organisms,Eukaryota,Viridiplantae,Chlorophyta,Mamiellophyceae,Mamiellales,Bathycoccaceae,Bathycoccus,,,,,,,,,,,,,,,,,,
EUK_TARA_ION_45_MAG_00143.fasta,65.1,1.6,2830,12080729,2500,4268.8,16246,Micromonas,cellular organisms,Eukaryota,Viridiplantae,Chlorophyta,Mamiellophyceae,Mamiellales,Mamiellaceae,Micromonas,,,,,,,,,,,,,,,,,,
EUK_TARA_ION_45_MAG_00145.fasta,39.5,0,3731,13909006,2500,3728,12870,Alexandrium,cellular organisms,Eukaryota,Sar,Alveolata,Dinophyceae,Gonyaulacales,Pyrocystaceae,Alexandrium,,,,,,,,,,,,,,,,,,
EUK_TARA_ION_45_MAG_00146.fasta,66.7,0,3720,14847628,2500,3991.3,16483,Stephanopyxis,cellular organisms,Eukaryota,Sar,Stramenopiles,Ochrophyta,Bacillariophyta,Coscinodiscophyceae,Coscinodiscophycidae,Melosirales,Stephanopyxidaceae,Stephanopyxis,,,,,,,,,,,,,,,
EUK_TARA_ION_45_MAG_00147.fasta,31,0,2998,11851902,2500,3953.3,21480,Cafeteria roenbergensis,cellular organisms,Eukaryota,Sar,Stramenopiles,Bigyra,Opalozoa,Bicosoecida,Cafeteriaceae,Cafeteria,Cafeteria roenbergensis,,,,,,,,,,,,,,,,
EUK_TARA_ION_45_MAG_00149.fasta,34.9,0,7216,27443518,2500,3803.1,32286,Neocalanus flemingeri,cellular organisms,Eukaryota,Opisthokonta,Metazoa,Eumetazoa,Bilateria,Protostomia,Ecdysozoa,Panarthropoda,Arthropoda,Mandibulata,Pancrustacea,Crustacea,Multicrustacea,Hexanauplia,Copepoda,Neocopepoda,Gymnoplea,Calanoida,Calanidae,Neocalanus,Neocalanus flemingeri,,,,
EUK_TARA_ION_45_MAG_00152.fasta,45.7,0,6113,22946329,2500,3753.7,21781,Prymnesium,cellular organisms,Eukaryota,Haptista,Haptophyta,Prymnesiophyceae,Prymnesiales,Prymnesiaceae,Prymnesium,,,,,,,,,,,,,,,,,,
EUK_TARA_ION_45_MAG_00153.fasta,54.3,0,2663,10922896,2500,4101.7,25849,Micromonas,cellular organisms,Eukaryota,Viridiplantae,Chlorophyta,Mamiellophyceae,Mamiellales,Mamiellaceae,Micromonas,,,,,,,,,,,,,,,,,,
EUK_TARA_ION_45_MAG_00154.fasta,42.6,0,7234,27362640,2500,3782.5,21167,Phaeocystis,cellular organisms,Eukaryota,Haptista,Haptophyta,Prymnesiophyceae,Phaeocystales,Phaeocystaceae,Phaeocystis,,,,,,,,,,,,,,,,,,
EUK_TARA_ION_45_MAG_00155.fasta,37.2,0,8346,31632797,2500,3790.2,26241,Neocalanus flemingeri,cellular organisms,Eukaryota,Opisthokonta,Metazoa,Eumetazoa,Bilateria,Protostomia,Ecdysozoa,Panarthropoda,Arthropoda,Mandibulata,Pancrustacea,Crustacea,Multicrustacea,Hexanauplia,Copepoda,Neocopepoda,Gymnoplea,Calanoida,Calanidae,Neocalanus,Neocalanus flemingeri,,,,
EUK_TARA_ION_45_MAG_00156.fasta,65.9,0,2668,12167915,2500,4560.7,21129,Tetraselmis,cellular organisms,Eukaryota,Viridiplantae,Chlorophyta,core chlorophytes,Chlorodendrophyceae,Chlorodendrales,Chlorodendraceae,Tetraselmis,,,,,,,,,,,,,,,,,
EUK_TARA_ION_45_MAG_00159.fasta,41.9,0,14433,61859868,2500,4286,22124,Paracyclopina nana,cellular organisms,Eukaryota,Opisthokonta,Metazoa,Eumetazoa,Bilateria,Protostomia,Ecdysozoa,Panarthropoda,Arthropoda,Mandibulata,Pancrustacea,Crustacea,Multicrustacea,Hexanauplia,Copepoda,Neocopepoda,Podoplea,Cyclopoida,Cyclopettidae,Paracyclopina,Paracyclopina nana,,,,
EUK_TARA_ION_45_MAG_00162.fasta,39.5,0,8350,30824048,2500,3691.5,18030,Acanthoeca,cellular organisms,Eukaryota,Opisthokonta,Choanoflagellata,Acanthoecida,Acanthoecidae,Acanthoeca,,,,,,,,,,,,,,,,,,,
EUK_TARA_ION_45_MAG_00163.fasta,71.3,0,2962,15658610,2500,5286.5,35260,Pyramimonas,cellular organisms,Eukaryota,Viridiplantae,Chlorophyta,Pyramimonadophyceae,Pyramimonadales,Pyramimonadaceae,Pyramimonas,,,,,,,,,,,,,,,,,,
EUK_TARA_ION_45_MAG_00164.fasta,31,0,15887,54108668,2500,3405.8,14092,Neocalanus flemingeri,cellular organisms,Eukaryota,Opisthokonta,Metazoa,Eumetazoa,Bilateria,Protostomia,Ecdysozoa,Panarthropoda,Arthropoda,Mandibulata,Pancrustacea,Crustacea,Multicrustacea,Hexanauplia,Copepoda,Neocopepoda,Gymnoplea,Calanoida,Calanidae,Neocalanus,Neocalanus flemingeri,,,,
EUK_TARA_ION_45_MAG_00167.fasta,41.1,0.8,12440,51864704,2500,4169.2,35325,Calanus finmarchicus,cellular organisms,Eukaryota,Opisthokonta,Metazoa,Eumetazoa,Bilateria,Protostomia,Ecdysozoa,Panarthropoda,Arthropoda,Mandibulata,Pancrustacea,Crustacea,Multicrustacea,Hexanauplia,Copepoda,Neocopepoda,Gymnoplea,Calanoida,Calanidae,Calanus,Calanus finmarchicus,,,,
EUK_TARA_ION_45_MAG_00168.fasta,47.3,0.8,9071,37477256,2500,4131.5,18921,Phaeocystis,cellular organisms,Eukaryota,Haptista,Haptophyta,Prymnesiophyceae,Phaeocystales,Phaeocystaceae,Phaeocystis,,,,,,,,,,,,,,,,,,
EUK_TARA_ION_45_MAG_00170.fasta,34.9,0,4136,15575301,2500,3765.8,16042,Paraphysomonas,cellular organisms,Eukaryota,Sar,Stramenopiles,Ochrophyta,Chrysophyceae,Chromulinales,Paraphysomonadaceae,Paraphysomonas,,,,,,,,,,,,,,,,,
EUK_TARA_ION_45_MAG_00171.fasta,35.7,0,6289,25163296,2500,4001.2,26541,Tigriopus kingsejongensis,cellular organisms,Eukaryota,Opisthokonta,Metazoa,Eumetazoa,Bilateria,Protostomia,Ecdysozoa,Panarthropoda,Arthropoda,Mandibulata,Pancrustacea,Crustacea,Multicrustacea,Hexanauplia,Copepoda,Neocopepoda,Podoplea,Harpacticoida,Harpacticidae,Tigriopus,Tigriopus kingsejongensis,,,,
EUK_TARA_ION_45_MAG_00172.fasta,43.4,0.8,5158,27829186,2500,5395.3,39580,Oikopleura dioica,cellular organisms,Eukaryota,Opisthokonta,Metazoa,Eumetazoa,Bilateria,Deuterostomia,Chordata,Tunicata,Appendicularia,Copelata,Oikopleuridae,Oikopleura,Oikopleura dioica,,,,,,,,,,,,
EUK_TARA_ION_45_MAG_00173.fasta,63.6,0,22760,98036362,2500,4307.4,34894,Neocalanus flemingeri,cellular organisms,Eukaryota,Opisthokonta,Metazoa,Eumetazoa,Bilateria,Protostomia,Ecdysozoa,Panarthropoda,Arthropoda,Mandibulata,Pancrustacea,Crustacea,Multicrustacea,Hexanauplia,Copepoda,Neocopepoda,Gymnoplea,Calanoida,Calanidae,Neocalanus,Neocalanus flemingeri,,,,
EUK_TARA_ION_45_MAG_00177.fasta,60.5,0.8,7511,37402750,2500,4979.7,27990,Florenciella,cellular organisms,Eukaryota,Sar,Stramenopiles,Ochrophyta,Dictyochophyceae,Florenciellales,Florenciella,,,,,,,,,,,,,,,,,,
EUK_TARA_ION_45_MAG_00178.fasta,48.8,0,9288,39336771,2500,4235.2,28838,Neocalanus flemingeri,cellular organisms,Eukaryota,Opisthokonta,Metazoa,Eumetazoa,Bilateria,Protostomia,Ecdysozoa,Panarthropoda,Arthropoda,Mandibulata,Pancrustacea,Crustacea,Multicrustacea,Hexanauplia,Copepoda,Neocopepoda,Gymnoplea,Calanoida,Calanidae,Neocalanus,Neocalanus flemingeri,,,,
EUK_TARA_ION_45_MAG_00179.fasta,72.1,0,11489,58217293,2500,5067.2,71416,Calanus finmarchicus,cellular organisms,Eukaryota,Opisthokonta,Metazoa,Eumetazoa,Bilateria,Protostomia,Ecdysozoa,Panarthropoda,Arthropoda,Mandibulata,Pancrustacea,Crustacea,Multicrustacea,Hexanauplia,Copepoda,Neocopepoda,Gymnoplea,Calanoida,Calanidae,Calanus,Calanus finmarchicus,,,,
EUK_TARA_ION_45_MAG_00186.fasta,59.7,0,14530,59951297,2500,4126,25624,Paracyclopina nana,cellular organisms,Eukaryota,Opisthokonta,Metazoa,Eumetazoa,Bilateria,Protostomia,Ecdysozoa,Panarthropoda,Arthropoda,Mandibulata,Pancrustacea,Crustacea,Multicrustacea,Hexanauplia,Copepoda,Neocopepoda,Podoplea,Cyclopoida,Cyclopettidae,Paracyclopina,Paracyclopina nana,,,,
EUK_TARA_ION_45_MAG_00191.fasta,54.3,2.3,9901,42006330,2500,4242.6,33703,Oithona nana,cellular organisms,Eukaryota,Opisthokonta,Metazoa,Eumetazoa,Bilateria,Protostomia,Ecdysozoa,Panarthropoda,Arthropoda,Mandibulata,Pancrustacea,Crustacea,Multicrustacea,Hexanauplia,Copepoda,Neocopepoda,Podoplea,Cyclopoida,Oithonidae,Oithona,Oithona nana,,,,
EUK_TARA_ION_45_MAG_00194.fasta,55.8,0.8,5711,24605756,2500,4308.5,19036,Paraphysomonas,cellular organisms,Eukaryota,Sar,Stramenopiles,Ochrophyta,Chrysophyceae,Chromulinales,Paraphysomonadaceae,Paraphysomonas,,,,,,,,,,,,,,,,,
EUK_TARA_ION_45_MAG_00199.fasta,61.2,2.3,9710,38169135,2500,3930.9,32225,Paracyclopina nana,cellular organisms,Eukaryota,Opisthokonta,Metazoa,Eumetazoa,Bilateria,Protostomia,Ecdysozoa,Panarthropoda,Arthropoda,Mandibulata,Pancrustacea,Crustacea,Multicrustacea,Hexanauplia,Copepoda,Neocopepoda,Podoplea,Cyclopoida,Cyclopettidae,Paracyclopina,Paracyclopina nana,,,,
EUK_TARA_ION_45_MAG_00201.fasta,82.9,0,10954,67601976,2500,6171.4,43166,Chrysochromulina,cellular organisms,Eukaryota,Haptista,Haptophyta,Prymnesiophyceae,Prymnesiales,Chrysochromulinaceae,Chrysochromulina,,,,,,,,,,,,,,,,,,
EUK_TARA_IOS_50_MAG_00056.fasta,96.9,0,1568,25608881,2510,16332.2,118921,Cylindrotheca,cellular organisms,Eukaryota,Sar,Stramenopiles,Ochrophyta,Bacillariophyta,Bacillariophyceae,Bacillariophycidae,Bacillariales,Bacillariaceae,Cylindrotheca,,,,,,,,,,,,,,,
EUK_TARA_IOS_50_MAG_00098.fasta,86,0,5858,34522499,2501,5893.2,31526,Alexandrium,cellular organisms,Eukaryota,Sar,Alveolata,Dinophyceae,Gonyaulacales,Pyrocystaceae,Alexandrium,,,,,,,,,,,,,,,,,,
EUK_TARA_IOS_50_MAG_00114.fasta,76.7,0,3484,17138177,2500,4919.1,26365,Tetraselmis,cellular organisms,Eukaryota,Viridiplantae,Chlorophyta,core chlorophytes,Chlorodendrophyceae,Chlorodendrales,Chlorodendraceae,Tetraselmis,,,,,,,,,,,,,,,,,
EUK_TARA_IOS_50_MAG_00115.fasta,76.7,0.8,3259,22647878,2500,6949.3,90907,Pseudo-nitzschia,cellular organisms,Eukaryota,Sar,Stramenopiles,Ochrophyta,Bacillariophyta,Bacillariophyceae,Bacillariophycidae,Bacillariales,Bacillariaceae,Pseudo-nitzschia,,,,,,,,,,,,,,,
EUK_TARA_IOS_50_MAG_00124.fasta,68.2,0.8,4273,21089414,2500,4935.5,23852,Aureococcus,cellular organisms,Eukaryota,Sar,Stramenopiles,Ochrophyta,Pelagophyceae,Pelagomonadales,Pelagomonadaceae,Aureococcus,,,,,,,,,,,,,,,,,
EUK_TARA_IOS_50_MAG_00125.fasta,47.3,0,3456,12823134,2500,3710.4,20729,Fragilariopsis,cellular organisms,Eukaryota,Sar,Stramenopiles,Ochrophyta,Bacillariophyta,Bacillariophyceae,Bacillariophycidae,Bacillariales,Bacillariaceae,Fragilariopsis,,,,,,,,,,,,,,,
EUK_TARA_IOS_50_MAG_00127.fasta,54.3,0.8,4688,18596889,2500,3966.9,14293,Aureococcus anophagefferens,cellular organisms,Eukaryota,Sar,Stramenopiles,Ochrophyta,Pelagophyceae,Pelagomonadales,Pelagomonadaceae,Aureococcus,Aureococcus anophagefferens,,,,,,,,,,,,,,,,
EUK_TARA_IOS_50_MAG_00132.fasta,33.3,0.8,11068,39602723,2500,3578.1,19769,Paracyclopina nana,cellular organisms,Eukaryota,Opisthokonta,Metazoa,Eumetazoa,Bilateria,Protostomia,Ecdysozoa,Panarthropoda,Arthropoda,Mandibulata,Pancrustacea,Crustacea,Multicrustacea,Hexanauplia,Copepoda,Neocopepoda,Podoplea,Cyclopoida,Cyclopettidae,Paracyclopina,Paracyclopina nana,,,,
EUK_TARA_IOS_50_MAG_00134.fasta,47.3,0,4831,18396151,2500,3807.9,30603,Prymnesium,cellular organisms,Eukaryota,Haptista,Haptophyta,Prymnesiophyceae,Prymnesiales,Prymnesiaceae,Prymnesium,,,,,,,,,,,,,,,,,,
EUK_TARA_IOS_50_MAG_00136.fasta,34.9,0,7664,28771081,2500,3754.1,20324,Tigriopus kingsejongensis,cellular organisms,Eukaryota,Opisthokonta,Metazoa,Eumetazoa,Bilateria,Protostomia,Ecdysozoa,Panarthropoda,Arthropoda,Mandibulata,Pancrustacea,Crustacea,Multicrustacea,Hexanauplia,Copepoda,Neocopepoda,Podoplea,Harpacticoida,Harpacticidae,Tigriopus,Tigriopus kingsejongensis,,,,
EUK_TARA_IOS_50_MAG_00143.fasta,52.7,0,8878,40959662,2501,4613.6,47559,Oithona nana,cellular organisms,Eukaryota,Opisthokonta,Metazoa,Eumetazoa,Bilateria,Protostomia,Ecdysozoa,Panarthropoda,Arthropoda,Mandibulata,Pancrustacea,Crustacea,Multicrustacea,Hexanauplia,Copepoda,Neocopepoda,Podoplea,Cyclopoida,Oithonidae,Oithona,Oithona nana,,,,
EUK_TARA_IOS_50_MAG_00149.fasta,30.2,0.8,7166,24595709,2500,3432.3,14356,Acanthoeca,cellular organisms,Eukaryota,Opisthokonta,Choanoflagellata,Acanthoecida,Acanthoecidae,Acanthoeca,,,,,,,,,,,,,,,,,,,
EUK_TARA_IOS_50_MAG_00150.fasta,45,0,10312,42179478,2500,4090.3,33000,Oikopleura dioica,cellular organisms,Eukaryota,Opisthokonta,Metazoa,Eumetazoa,Bilateria,Deuterostomia,Chordata,Tunicata,Appendicularia,Copelata,Oikopleuridae,Oikopleura,Oikopleura dioica,,,,,,,,,,,,
EUK_TARA_IOS_50_MAG_00152.fasta,47.3,0,19496,67599355,2500,3467.3,22425,Neocalanus flemingeri,cellular organisms,Eukaryota,Opisthokonta,Metazoa,Eumetazoa,Bilateria,Protostomia,Ecdysozoa,Panarthropoda,Arthropoda,Mandibulata,Pancrustacea,Crustacea,Multicrustacea,Hexanauplia,Copepoda,Neocopepoda,Gymnoplea,Calanoida,Calanidae,Neocalanus,Neocalanus flemingeri,,,,
EUK_TARA_IOS_50_MAG_00153.fasta,63.6,0.8,15488,58872741,2500,3801.2,22968,Neocalanus flemingeri,cellular organisms,Eukaryota,Opisthokonta,Metazoa,Eumetazoa,Bilateria,Protostomia,Ecdysozoa,Panarthropoda,Arthropoda,Mandibulata,Pancrustacea,Crustacea,Multicrustacea,Hexanauplia,Copepoda,Neocopepoda,Gymnoplea,Calanoida,Calanidae,Neocalanus,Neocalanus flemingeri,,,,
EUK_TARA_IOS_50_MAG_00162.fasta,60.5,0,21770,93996591,2500,4317.7,27653,Neocalanus flemingeri,cellular organisms,Eukaryota,Opisthokonta,Metazoa,Eumetazoa,Bilateria,Protostomia,Ecdysozoa,Panarthropoda,Arthropoda,Mandibulata,Pancrustacea,Crustacea,Multicrustacea,Hexanauplia,Copepoda,Neocopepoda,Gymnoplea,Calanoida,Calanidae,Neocalanus,Neocalanus flemingeri,,,,
EUK_TARA_IOS_50_MAG_00166.fasta,61.2,0,17416,71479365,2500,4104.2,35019,Paracyclopina nana,cellular organisms,Eukaryota,Opisthokonta,Metazoa,Eumetazoa,Bilateria,Protostomia,Ecdysozoa,Panarthropoda,Arthropoda,Mandibulata,Pancrustacea,Crustacea,Multicrustacea,Hexanauplia,Copepoda,Neocopepoda,Podoplea,Cyclopoida,Cyclopettidae,Paracyclopina,Paracyclopina nana,,,,
EUK_TARA_IOS_50_MAG_00167.fasta,55,0,12004,54118347,2500,4508.4,39069,Oikopleura dioica,cellular organisms,Eukaryota,Opisthokonta,Metazoa,Eumetazoa,Bilateria,Deuterostomia,Chordata,Tunicata,Appendicularia,Copelata,Oikopleuridae,Oikopleura,Oikopleura dioica,,,,,,,,,,,,
EUK_TARA_MED_95_MAG_00198.fasta,72.1,0.8,1818,14125648,2500,7769.9,53704,Bathycoccus prasinos,cellular organisms,Eukaryota,Viridiplantae,Chlorophyta,Mamiellophyceae,Mamiellales,Bathycoccaceae,Bathycoccus,Bathycoccus prasinos,,,,,,,,,,,,,,,,,
EUK_TARA_MED_95_MAG_00216.fasta,89.9,0.8,1989,20764346,2500,10439.6,95022,Crustomastix,cellular organisms,Eukaryota,Viridiplantae,Chlorophyta,Mamiellophyceae,Dolichomastigales,Crustomastigaceae,Crustomastix,,,,,,,,,,,,,,,,,,
EUK_TARA_MED_95_MAG_00273.fasta,82.2,0,6720,52360087,2500,7791.7,66531,Acanthoeca,cellular organisms,Eukaryota,Opisthokonta,Choanoflagellata,Acanthoecida,Acanthoecidae,Acanthoeca,,,,,,,,,,,,,,,,,,,
EUK_TARA_MED_95_MAG_00308.fasta,79.8,0,2309,17667076,2503,7651.4,73915,Micromonas,cellular organisms,Eukaryota,Viridiplantae,Chlorophyta,Mamiellophyceae,Mamiellales,Mamiellaceae,Micromonas,,,,,,,,,,,,,,,,,,
EUK_TARA_MED_95_MAG_00362.fasta,81.4,0,3528,18382903,2500,5210.6,26473,Paraphysomonas,cellular organisms,Eukaryota,Sar,Stramenopiles,Ochrophyta,Chrysophyceae,Chromulinales,Paraphysomonadaceae,Paraphysomonas,,,,,,,,,,,,,,,,,
EUK_TARA_MED_95_MAG_00378.fasta,88.4,0.8,3303,27558881,2502,8343.6,66807,Alexandrium,cellular organisms,Eukaryota,Sar,Alveolata,Dinophyceae,Gonyaulacales,Pyrocystaceae,Alexandrium,,,,,,,,,,,,,,,,,,
EUK_TARA_MED_95_MAG_00389.fasta,71.3,0,5957,30689400,2501,5151.8,26827,Paraphysomonas,cellular organisms,Eukaryota,Sar,Stramenopiles,Ochrophyta,Chrysophyceae,Chromulinales,Paraphysomonadaceae,Paraphysomonas,,,,,,,,,,,,,,,,,
EUK_TARA_MED_95_MAG_00390.fasta,72.9,0,3185,13983088,2500,4390.3,20243,Micromonas,cellular organisms,Eukaryota,Viridiplantae,Chlorophyta,Mamiellophyceae,Mamiellales,Mamiellaceae,Micromonas,,,,,,,,,,,,,,,,,,
EUK_TARA_MED_95_MAG_00393.fasta,63.6,0,2843,14612338,2500,5139.8,24790,Isochrysis,cellular organisms,Eukaryota,Haptista,Haptophyta,Prymnesiophyceae,Isochrysidales,Isochrysidaceae,Isochrysis,,,,,,,,,,,,,,,,,,
EUK_TARA_MED_95_MAG_00394.fasta,67.4,0,4390,23791115,2500,5419.4,35825,Skeletonema,cellular organisms,Eukaryota,Sar,Stramenopiles,Ochrophyta,Bacillariophyta,Coscinodiscophyceae,Thalassiosirophycidae,Thalassiosirales,Skeletonemataceae,Skeletonema,,,,,,,,,,,,,,,
EUK_TARA_MED_95_MAG_00395.fasta,73.6,0,13090,62591002,2500,4781.6,28249,Chrysochromulina,cellular organisms,Eukaryota,Haptista,Haptophyta,Prymnesiophyceae,Prymnesiales,Chrysochromulinaceae,Chrysochromulina,,,,,,,,,,,,,,,,,,
EUK_TARA_MED_95_MAG_00396.fasta,78.3,0.8,10495,57096620,2500,5440.4,43919,Florenciella,cellular organisms,Eukaryota,Sar,Stramenopiles,Ochrophyta,Dictyochophyceae,Florenciellales,Florenciella,,,,,,,,,,,,,,,,,,
EUK_TARA_MED_95_MAG_00397.fasta,68.2,0,4405,33061251,2500,7505.4,65766,Cafeteria,cellular organisms,Eukaryota,Sar,Stramenopiles,Bigyra,Opalozoa,Bicosoecida,Cafeteriaceae,Cafeteria,,,,,,,,,,,,,,,,,
EUK_TARA_MED_95_MAG_00398.fasta,46.5,0,1678,14063481,2506,8381.1,38944,Paraphysomonas,cellular organisms,Eukaryota,Sar,Stramenopiles,Ochrophyta,Chrysophyceae,Chromulinales,Paraphysomonadaceae,Paraphysomonas,,,,,,,,,,,,,,,,,
EUK_TARA_MED_95_MAG_00399.fasta,55,0,4032,17395980,2500,4314.5,23124,Chaetoceros,cellular organisms,Eukaryota,Sar,Stramenopiles,Ochrophyta,Bacillariophyta,Coscinodiscophyceae,Chaetocerotophycidae,Chaetocerotales,Chaetocerotaceae,Chaetoceros,,,,,,,,,,,,,,,
EUK_TARA_MED_95_MAG_00400.fasta,44.2,0,14969,59281655,2500,3960.3,26674,Acanthoeca,cellular organisms,Eukaryota,Opisthokonta,Choanoflagellata,Acanthoecida,Acanthoecidae,Acanthoeca,,,,,,,,,,,,,,,,,,,
EUK_TARA_MED_95_MAG_00402.fasta,61.2,0,3197,12913781,2500,4039.3,16749,Lotharella,cellular organisms,Eukaryota,Sar,Rhizaria,Cercozoa,Chlorarachniophyceae,Lotharella,,,,,,,,,,,,,,,,,,,
EUK_TARA_MED_95_MAG_00403.fasta,51.9,0.8,10301,42944356,2500,4169,28688,Phaeocystis,cellular organisms,Eukaryota,Haptista,Haptophyta,Prymnesiophyceae,Phaeocystales,Phaeocystaceae,Phaeocystis,,,,,,,,,,,,,,,,,,
EUK_TARA_MED_95_MAG_00404.fasta,86,1.6,13970,76300638,2500,5461.7,56093,Calanus finmarchicus,cellular organisms,Eukaryota,Opisthokonta,Metazoa,Eumetazoa,Bilateria,Protostomia,Ecdysozoa,Panarthropoda,Arthropoda,Mandibulata,Pancrustacea,Crustacea,Multicrustacea,Hexanauplia,Copepoda,Neocopepoda,Gymnoplea,Calanoida,Calanidae,Calanus,Calanus finmarchicus,,,,
EUK_TARA_MED_95_MAG_00405.fasta,71.3,0,10146,45388116,2500,4473.5,45747,Oithona nana,cellular organisms,Eukaryota,Opisthokonta,Metazoa,Eumetazoa,Bilateria,Protostomia,Ecdysozoa,Panarthropoda,Arthropoda,Mandibulata,Pancrustacea,Crustacea,Multicrustacea,Hexanauplia,Copepoda,Neocopepoda,Podoplea,Cyclopoida,Oithonidae,Oithona,Oithona nana,,,,
EUK_TARA_MED_95_MAG_00407.fasta,75.2,0,3434,16332570,2501,4756.1,26357,Paraphysomonas,cellular organisms,Eukaryota,Sar,Stramenopiles,Ochrophyta,Chrysophyceae,Chromulinales,Paraphysomonadaceae,Paraphysomonas,,,,,,,,,,,,,,,,,
EUK_TARA_MED_95_MAG_00408.fasta,60.5,0,19872,88964659,2500,4476.9,28031,Acanthoeca,cellular organisms,Eukaryota,Opisthokonta,Choanoflagellata,Acanthoecida,Acanthoecidae,Acanthoeca,,,,,,,,,,,,,,,,,,,
EUK_TARA_MED_95_MAG_00409.fasta,72.1,0.8,13253,64184761,2500,4843,31197,Florenciella,cellular organisms,Eukaryota,Sar,Stramenopiles,Ochrophyta,Dictyochophyceae,Florenciellales,Florenciella,,,,,,,,,,,,,,,,,,
EUK_TARA_MED_95_MAG_00410.fasta,65.1,0,8792,36010977,2500,4095.9,31289,Paracyclopina nana,cellular organisms,Eukaryota,Opisthokonta,Metazoa,Eumetazoa,Bilateria,Protostomia,Ecdysozoa,Panarthropoda,Arthropoda,Mandibulata,Pancrustacea,Crustacea,Multicrustacea,Hexanauplia,Copepoda,Neocopepoda,Podoplea,Cyclopoida,Cyclopettidae,Paracyclopina,Paracyclopina nana,,,,
EUK_TARA_MED_95_MAG_00413.fasta,48.8,0,4545,18785877,2500,4133.3,23022,Nannochloropsis,cellular organisms,Eukaryota,Sar,Stramenopiles,Ochrophyta,Eustigmatophyceae,Eustigmatales,Monodopsidaceae,Nannochloropsis,,,,,,,,,,,,,,,,,
EUK_TARA_MED_95_MAG_00414.fasta,71.3,1.6,10971,44862026,2500,4089.1,29977,Oithona nana,cellular organisms,Eukaryota,Opisthokonta,Metazoa,Eumetazoa,Bilateria,Protostomia,Ecdysozoa,Panarthropoda,Arthropoda,Mandibulata,Pancrustacea,Crustacea,Multicrustacea,Hexanauplia,Copepoda,Neocopepoda,Podoplea,Cyclopoida,Oithonidae,Oithona,Oithona nana,,,,
EUK_TARA_MED_95_MAG_00415.fasta,57.4,0,802,15683330,2567,19555.3,109748,Paraphysomonas,cellular organisms,Eukaryota,Sar,Stramenopiles,Ochrophyta,Chrysophyceae,Chromulinales,Paraphysomonadaceae,Paraphysomonas,,,,,,,,,,,,,,,,,
EUK_TARA_MED_95_MAG_00416.fasta,34.9,0,19859,77214610,2500,3888.1,18348,Bolinopsis microptera,cellular organisms,Eukaryota,Opisthokonta,Metazoa,Eumetazoa,Ctenophora,Tentaculata,Lobata,Bolinopsidae,Bolinopsis,Bolinopsis microptera,,,,,,,,,,,,,,,
EUK_TARA_MED_95_MAG_00417.fasta,41.9,0,20206,83476526,2500,4131.3,34209,Acanthoeca,cellular organisms,Eukaryota,Opisthokonta,Choanoflagellata,Acanthoecida,Acanthoecidae,Acanthoeca,,,,,,,,,,,,,,,,,,,
EUK_TARA_MED_95_MAG_00418.fasta,65.1,0,7523,31537511,2500,4192.1,25444,Paracyclopina nana,cellular organisms,Eukaryota,Opisthokonta,Metazoa,Eumetazoa,Bilateria,Protostomia,Ecdysozoa,Panarthropoda,Arthropoda,Mandibulata,Pancrustacea,Crustacea,Multicrustacea,Hexanauplia,Copepoda,Neocopepoda,Podoplea,Cyclopoida,Cyclopettidae,Paracyclopina,Paracyclopina nana,,,,
EUK_TARA_MED_95_MAG_00419.fasta,73.6,0,3629,21646085,2500,5964.8,43883,Pycnococcus,cellular organisms,Eukaryota,Viridiplantae,Chlorophyta,prasinophyte incertae sedis,Pycnococcaceae,Pycnococcus,,,,,,,,,,,,,,,,,,,
EUK_TARA_MED_95_MAG_00422.fasta,76,0.8,5864,34265590,2501,5843.4,35419,Paraphysomonas,cellular organisms,Eukaryota,Sar,Stramenopiles,Ochrophyta,Chrysophyceae,Chromulinales,Paraphysomonadaceae,Paraphysomonas,,,,,,,,,,,,,,,,,
EUK_TARA_MED_95_MAG_00423.fasta,31,0,3721,17434023,2500,4685.3,54069,Cafeteria,cellular organisms,Eukaryota,Sar,Stramenopiles,Bigyra,Opalozoa,Bicosoecida,Cafeteriaceae,Cafeteria,,,,,,,,,,,,,,,,,
EUK_TARA_MED_95_MAG_00424.fasta,81.4,0,3794,25165269,2500,6632.9,48642,Kryptoperidinium,cellular organisms,Eukaryota,Sar,Alveolata,Dinophyceae,Peridiniales,Kryptoperidiniaceae,Kryptoperidinium,,,,,,,,,,,,,,,,,,
EUK_TARA_MED_95_MAG_00425.fasta,38,0,6562,33276174,2500,5071,24454,Florenciella,cellular organisms,Eukaryota,Sar,Stramenopiles,Ochrophyta,Dictyochophyceae,Florenciellales,Florenciella,,,,,,,,,,,,,,,,,,
EUK_TARA_MED_95_MAG_00430.fasta,41.9,0,10063,42604186,2500,4233.7,26497,Emiliania huxleyi,cellular organisms,Eukaryota,Haptista,Haptophyta,Prymnesiophyceae,Isochrysidales,Noelaerhabdaceae,Emiliania,Emiliania huxleyi,,,,,,,,,,,,,,,,,
EUK_TARA_MED_95_MAG_00433.fasta,43.4,0,6078,24314159,2500,4000.4,21387,Chrysochromulina,cellular organisms,Eukaryota,Haptista,Haptophyta,Prymnesiophyceae,Prymnesiales,Chrysochromulinaceae,Chrysochromulina,,,,,,,,,,,,,,,,,,
EUK_TARA_MED_95_MAG_00434.fasta,65.1,0.8,4828,28020294,2500,5803.7,23443,Paraphysomonas,cellular organisms,Eukaryota,Sar,Stramenopiles,Ochrophyta,Chrysophyceae,Chromulinales,Paraphysomonadaceae,Paraphysomonas,,,,,,,,,,,,,,,,,
EUK_TARA_MED_95_MAG_00436.fasta,51.2,0.8,15343,53208488,2500,3467.9,24864,Neocalanus flemingeri,cellular organisms,Eukaryota,Opisthokonta,Metazoa,Eumetazoa,Bilateria,Protostomia,Ecdysozoa,Panarthropoda,Arthropoda,Mandibulata,Pancrustacea,Crustacea,Multicrustacea,Hexanauplia,Copepoda,Neocopepoda,Gymnoplea,Calanoida,Calanidae,Neocalanus,Neocalanus flemingeri,,,,
EUK_TARA_MED_95_MAG_00439.fasta,50.4,0,4735,18863971,2500,3983.9,34396,Prymnesium,cellular organisms,Eukaryota,Haptista,Haptophyta,Prymnesiophyceae,Prymnesiales,Prymnesiaceae,Prymnesium,,,,,,,,,,,,,,,,,,
EUK_TARA_MED_95_MAG_00443.fasta,44.2,0.8,4591,21910757,2500,4772.5,38534,Florenciella,cellular organisms,Eukaryota,Sar,Stramenopiles,Ochrophyta,Dictyochophyceae,Florenciellales,Florenciella,,,,,,,,,,,,,,,,,,
EUK_TARA_MED_95_MAG_00444.fasta,62.8,0,12176,61485329,2500,5049.7,43611,Chrysochromulina,cellular organisms,Eukaryota,Haptista,Haptophyta,Prymnesiophyceae,Prymnesiales,Chrysochromulinaceae,Chrysochromulina,,,,,,,,,,,,,,,,,,
EUK_TARA_MED_95_MAG_00448.fasta,34.9,0,7374,25165114,2500,3412.7,19201,Neocalanus flemingeri,cellular organisms,Eukaryota,Opisthokonta,Metazoa,Eumetazoa,Bilateria,Protostomia,Ecdysozoa,Panarthropoda,Arthropoda,Mandibulata,Pancrustacea,Crustacea,Multicrustacea,Hexanauplia,Copepoda,Neocopepoda,Gymnoplea,Calanoida,Calanidae,Neocalanus,Neocalanus flemingeri,,,,
EUK_TARA_MED_95_MAG_00450.fasta,40.3,0.8,4930,25391517,2500,5150.4,52740,Oikopleura dioica,cellular organisms,Eukaryota,Opisthokonta,Metazoa,Eumetazoa,Bilateria,Deuterostomia,Chordata,Tunicata,Appendicularia,Copelata,Oikopleuridae,Oikopleura,Oikopleura dioica,,,,,,,,,,,,
EUK_TARA_MED_95_MAG_00453.fasta,48.8,0,10789,47885339,2500,4438.3,25620,Phaeocystis,cellular organisms,Eukaryota,Haptista,Haptophyta,Prymnesiophyceae,Phaeocystales,Phaeocystaceae,Phaeocystis,,,,,,,,,,,,,,,,,,
EUK_TARA_MED_95_MAG_00454.fasta,53.5,0,16067,57421551,2500,3573.9,34465,Neocalanus flemingeri,cellular organisms,Eukaryota,Opisthokonta,Metazoa,Eumetazoa,Bilateria,Protostomia,Ecdysozoa,Panarthropoda,Arthropoda,Mandibulata,Pancrustacea,Crustacea,Multicrustacea,Hexanauplia,Copepoda,Neocopepoda,Gymnoplea,Calanoida,Calanidae,Neocalanus,Neocalanus flemingeri,,,,
EUK_TARA_MED_95_MAG_00455.fasta,31.8,0,5404,20125268,2500,3724.1,16555,Oikopleura dioica,cellular organisms,Eukaryota,Opisthokonta,Metazoa,Eumetazoa,Bilateria,Deuterostomia,Chordata,Tunicata,Appendicularia,Copelata,Oikopleuridae,Oikopleura,Oikopleura dioica,,,,,,,,,,,,
EUK_TARA_MED_95_MAG_00457.fasta,61.2,0,5396,25586548,2500,4741.8,30397,Oikopleura dioica,cellular organisms,Eukaryota,Opisthokonta,Metazoa,Eumetazoa,Bilateria,Deuterostomia,Chordata,Tunicata,Appendicularia,Copelata,Oikopleuridae,Oikopleura,Oikopleura dioica,,,,,,,,,,,,
EUK_TARA_MED_95_MAG_00458.fasta,77.5,0,8037,43237231,2500,5379.8,41293,Chrysochromulina,cellular organisms,Eukaryota,Haptista,Haptophyta,Prymnesiophyceae,Prymnesiales,Chrysochromulinaceae,Chrysochromulina,,,,,,,,,,,,,,,,,,
EUK_TARA_MED_95_MAG_00460.fasta,34.9,1.6,6088,20169042,2500,3312.9,11651,Paracyclopina nana,cellular organisms,Eukaryota,Opisthokonta,Metazoa,Eumetazoa,Bilateria,Protostomia,Ecdysozoa,Panarthropoda,Arthropoda,Mandibulata,Pancrustacea,Crustacea,Multicrustacea,Hexanauplia,Copepoda,Neocopepoda,Podoplea,Cyclopoida,Cyclopettidae,Paracyclopina,Paracyclopina nana,,,,
EUK_TARA_MED_95_MAG_00461.fasta,38.8,0,8718,31847048,2500,3653,18734,Neocalanus flemingeri,cellular organisms,Eukaryota,Opisthokonta,Metazoa,Eumetazoa,Bilateria,Protostomia,Ecdysozoa,Panarthropoda,Arthropoda,Mandibulata,Pancrustacea,Crustacea,Multicrustacea,Hexanauplia,Copepoda,Neocopepoda,Gymnoplea,Calanoida,Calanidae,Neocalanus,Neocalanus flemingeri,,,,
EUK_TARA_MED_95_MAG_00462.fasta,82.2,0,2388,15671871,2501,6562.8,42268,Pycnococcus,cellular organisms,Eukaryota,Viridiplantae,Chlorophyta,prasinophyte incertae sedis,Pycnococcaceae,Pycnococcus,,,,,,,,,,,,,,,,,,,
EUK_TARA_MED_95_MAG_00464.fasta,82.2,0,9417,63022379,2500,6692.4,70861,Acanthoeca,cellular organisms,Eukaryota,Opisthokonta,Choanoflagellata,Acanthoecida,Acanthoecidae,Acanthoeca,,,,,,,,,,,,,,,,,,,
EUK_TARA_MED_95_MAG_00467.fasta,77.5,0,13079,58956988,2500,4507.8,24978,Durinskia,cellular organisms,Eukaryota,Sar,Alveolata,Dinophyceae,Peridiniales,Kryptoperidiniaceae,Durinskia,,,,,,,,,,,,,,,,,,
EUK_TARA_MED_95_MAG_00469.fasta,41.1,0,7817,30995149,2500,3965.1,19190,Chrysochromulina,cellular organisms,Eukaryota,Haptista,Haptophyta,Prymnesiophyceae,Prymnesiales,Chrysochromulinaceae,Chrysochromulina,,,,,,,,,,,,,,,,,,
EUK_TARA_MED_95_MAG_00470.fasta,67.4,0,6792,38070682,2500,5605.2,36758,Paraphysomonas,cellular organisms,Eukaryota,Sar,Stramenopiles,Ochrophyta,Chrysophyceae,Chromulinales,Paraphysomonadaceae,Paraphysomonas,,,,,,,,,,,,,,,,,
EUK_TARA_MED_95_MAG_00473.fasta,43.4,0,19902,85501966,2500,4296.1,24950,Capitella teleta,cellular organisms,Eukaryota,Opisthokonta,Metazoa,Eumetazoa,Bilateria,Protostomia,Spiralia,Lophotrochozoa,Annelida,Polychaeta,Sedentaria,Scolecida,Capitellidae,Capitella,Capitella teleta,,,,,,,,,,
EUK_TARA_MED_95_MAG_00480.fasta,53.5,0,8457,52413627,2500,6197.7,38619,Tigriopus kingsejongensis,cellular organisms,Eukaryota,Opisthokonta,Metazoa,Eumetazoa,Bilateria,Protostomia,Ecdysozoa,Panarthropoda,Arthropoda,Mandibulata,Pancrustacea,Crustacea,Multicrustacea,Hexanauplia,Copepoda,Neocopepoda,Podoplea,Harpacticoida,Harpacticidae,Tigriopus,Tigriopus kingsejongensis,,,,
EUK_TARA_MED_95_MAG_00481.fasta,31.8,0,12826,56307162,2500,4390.1,33150,Acanthoeca,cellular organisms,Eukaryota,Opisthokonta,Choanoflagellata,Acanthoecida,Acanthoecidae,Acanthoeca,,,,,,,,,,,,,,,,,,,
EUK_TARA_MED_95_MAG_00483.fasta,45.7,0,14478,52250271,2500,3608.9,26320,Paracyclopina nana,cellular organisms,Eukaryota,Opisthokonta,Metazoa,Eumetazoa,Bilateria,Protostomia,Ecdysozoa,Panarthropoda,Arthropoda,Mandibulata,Pancrustacea,Crustacea,Multicrustacea,Hexanauplia,Copepoda,Neocopepoda,Podoplea,Cyclopoida,Cyclopettidae,Paracyclopina,Paracyclopina nana,,,,
EUK_TARA_MED_95_MAG_00485.fasta,35.7,0,18081,65425202,2500,3618.5,24186,Neocalanus flemingeri,cellular organisms,Eukaryota,Opisthokonta,Metazoa,Eumetazoa,Bilateria,Protostomia,Ecdysozoa,Panarthropoda,Arthropoda,Mandibulata,Pancrustacea,Crustacea,Multicrustacea,Hexanauplia,Copepoda,Neocopepoda,Gymnoplea,Calanoida,Calanidae,Neocalanus,Neocalanus flemingeri,,,,
EUK_TARA_MED_95_MAG_00492.fasta,45.7,0,7276,35342315,2500,4857.4,23726,Phaeocystis cordata,cellular organisms,Eukaryota,Haptista,Haptophyta,Prymnesiophyceae,Phaeocystales,Phaeocystaceae,Phaeocystis,Phaeocystis cordata,,,,,,,,,,,,,,,,,
EUK_TARA_MED_95_MAG_00493.fasta,78.3,0.8,13572,58531014,2500,4312.6,30123,Paracyclopina nana,cellular organisms,Eukaryota,Opisthokonta,Metazoa,Eumetazoa,Bilateria,Protostomia,Ecdysozoa,Panarthropoda,Arthropoda,Mandibulata,Pancrustacea,Crustacea,Multicrustacea,Hexanauplia,Copepoda,Neocopepoda,Podoplea,Cyclopoida,Cyclopettidae,Paracyclopina,Paracyclopina nana,,,,
EUK_TARA_MED_95_MAG_00508.fasta,42.6,0,7780,33466687,2500,4301.6,40383,Tigriopus kingsejongensis,cellular organisms,Eukaryota,Opisthokonta,Metazoa,Eumetazoa,Bilateria,Protostomia,Ecdysozoa,Panarthropoda,Arthropoda,Mandibulata,Pancrustacea,Crustacea,Multicrustacea,Hexanauplia,Copepoda,Neocopepoda,Podoplea,Harpacticoida,Harpacticidae,Tigriopus,Tigriopus kingsejongensis,,,,
EUK_TARA_MED_95_MAG_00510.fasta,72.9,0,17638,91522028,2500,5188.9,58300,Paracyclopina nana,cellular organisms,Eukaryota,Opisthokonta,Metazoa,Eumetazoa,Bilateria,Protostomia,Ecdysozoa,Panarthropoda,Arthropoda,Mandibulata,Pancrustacea,Crustacea,Multicrustacea,Hexanauplia,Copepoda,Neocopepoda,Podoplea,Cyclopoida,Cyclopettidae,Paracyclopina,Paracyclopina nana,,,,
EUK_TARA_MED_95_MAG_00512.fasta,67.4,0.8,15300,73786672,2500,4822.7,61358,Calanus finmarchicus,cellular organisms,Eukaryota,Opisthokonta,Metazoa,Eumetazoa,Bilateria,Protostomia,Ecdysozoa,Panarthropoda,Arthropoda,Mandibulata,Pancrustacea,Crustacea,Multicrustacea,Hexanauplia,Copepoda,Neocopepoda,Gymnoplea,Calanoida,Calanidae,Calanus,Calanus finmarchicus,,,,
EUK_TARA_MED_95_MAG_00515.fasta,67.4,0,9601,47194049,2500,4915.5,26476,Prymnesium,cellular organisms,Eukaryota,Haptista,Haptophyta,Prymnesiophyceae,Prymnesiales,Prymnesiaceae,Prymnesium,,,,,,,,,,,,,,,,,,
EUK_TARA_MED_95_MAG_00518.fasta,82.9,0.8,14773,77040679,2500,5215,39836,Neocalanus flemingeri,cellular organisms,Eukaryota,Opisthokonta,Metazoa,Eumetazoa,Bilateria,Protostomia,Ecdysozoa,Panarthropoda,Arthropoda,Mandibulata,Pancrustacea,Crustacea,Multicrustacea,Hexanauplia,Copepoda,Neocopepoda,Gymnoplea,Calanoida,Calanidae,Neocalanus,Neocalanus flemingeri,,,,
EUK_TARA_MED_95_MAG_00519.fasta,57.4,0,12818,56665910,2500,4420.8,31200,Tigriopus kingsejongensis,cellular organisms,Eukaryota,Opisthokonta,Metazoa,Eumetazoa,Bilateria,Protostomia,Ecdysozoa,Panarthropoda,Arthropoda,Mandibulata,Pancrustacea,Crustacea,Multicrustacea,Hexanauplia,Copepoda,Neocopepoda,Podoplea,Harpacticoida,Harpacticidae,Tigriopus,Tigriopus kingsejongensis,,,,
EUK_TARA_MED_95_MAG_00520.fasta,87.6,1.6,20558,92219986,2500,4485.8,35423,Paracyclopina nana,cellular organisms,Eukaryota,Opisthokonta,Metazoa,Eumetazoa,Bilateria,Protostomia,Ecdysozoa,Panarthropoda,Arthropoda,Mandibulata,Pancrustacea,Crustacea,Multicrustacea,Hexanauplia,Copepoda,Neocopepoda,Podoplea,Cyclopoida,Cyclopettidae,Paracyclopina,Paracyclopina nana,,,,
EUK_TARA_MED_95_MAG_00521.fasta,91.5,0,11033,81285951,2500,7367.5,69730,Daphnia pulex,cellular organisms,Eukaryota,Opisthokonta,Metazoa,Eumetazoa,Bilateria,Protostomia,Ecdysozoa,Panarthropoda,Arthropoda,Mandibulata,Pancrustacea,Crustacea,Branchiopoda,Phyllopoda,Diplostraca,Cladocera,Anomopoda,Daphniidae,Daphnia,Daphnia pulex,,,,,
EUK_TARA_PON_109_MAG_00124.fasta,98.4,0,901,16553875,2505,18372.8,128028,Crustomastix,cellular organisms,Eukaryota,Viridiplantae,Chlorophyta,Mamiellophyceae,Dolichomastigales,Crustomastigaceae,Crustomastix,,,,,,,,,,,,,,,,,,
EUK_TARA_PON_109_MAG_00166.fasta,68.2,0,1932,10191296,2500,5275,37236,Ostreococcus,cellular organisms,Eukaryota,Viridiplantae,Chlorophyta,Mamiellophyceae,Mamiellales,Bathycoccaceae,Ostreococcus,,,,,,,,,,,,,,,,,,
EUK_TARA_PON_109_MAG_00217.fasta,65.9,0,2743,21241466,2501,7743.9,51065,Bolidomonas,cellular organisms,Eukaryota,Sar,Stramenopiles,Ochrophyta,Bolidophyceae,Parmales,Triparmaceae,Bolidomonas,,,,,,,,,,,,,,,,,
EUK_TARA_PON_109_MAG_00221.fasta,38.8,0,4510,16231434,2501,3599,14310,Aureococcus anophagefferens,cellular organisms,Eukaryota,Sar,Stramenopiles,Ochrophyta,Pelagophyceae,Pelagomonadales,Pelagomonadaceae,Aureococcus,Aureococcus anophagefferens,,,,,,,,,,,,,,,,
EUK_TARA_PON_109_MAG_00222.fasta,57.4,0.8,3520,13518112,2500,3840.4,14446,Nephroselmis,cellular organisms,Eukaryota,Viridiplantae,Chlorophyta,Nephroselmidophyceae,Nephroselmidales,Nephroselmidaceae,Nephroselmis,,,,,,,,,,,,,,,,,,
EUK_TARA_PON_109_MAG_00226.fasta,69.8,0,2674,12348258,2500,4617.9,22474,Tetraselmis,cellular organisms,Eukaryota,Viridiplantae,Chlorophyta,core chlorophytes,Chlorodendrophyceae,Chlorodendrales,Chlorodendraceae,Tetraselmis,,,,,,,,,,,,,,,,,
EUK_TARA_PON_109_MAG_00231.fasta,55,0,5850,21890082,2500,3741.9,32133,Prymnesium,cellular organisms,Eukaryota,Haptista,Haptophyta,Prymnesiophyceae,Prymnesiales,Prymnesiaceae,Prymnesium,,,,,,,,,,,,,,,,,,
EUK_TARA_PON_109_MAG_00232.fasta,56.6,0,5580,26677439,2500,4780.9,32558,Chrysochromulina,cellular organisms,Eukaryota,Haptista,Haptophyta,Prymnesiophyceae,Prymnesiales,Chrysochromulinaceae,Chrysochromulina,,,,,,,,,,,,,,,,,,
EUK_TARA_PON_109_MAG_00250.fasta,35.7,0,7197,26207734,2500,3641.5,14619,Phaeocystis globosa,cellular organisms,Eukaryota,Haptista,Haptophyta,Prymnesiophyceae,Phaeocystales,Phaeocystaceae,Phaeocystis,Phaeocystis globosa,,,,,,,,,,,,,,,,,
EUK_TARA_PON_109_MAG_00251.fasta,45,0,6917,30090385,2500,4350.2,22605,Tigriopus kingsejongensis,cellular organisms,Eukaryota,Opisthokonta,Metazoa,Eumetazoa,Bilateria,Protostomia,Ecdysozoa,Panarthropoda,Arthropoda,Mandibulata,Pancrustacea,Crustacea,Multicrustacea,Hexanauplia,Copepoda,Neocopepoda,Podoplea,Harpacticoida,Harpacticidae,Tigriopus,Tigriopus kingsejongensis,,,,
EUK_TARA_PON_109_MAG_00252.fasta,31,0,5527,17960746,2500,3249.6,13602,Paracyclopina nana,cellular organisms,Eukaryota,Opisthokonta,Metazoa,Eumetazoa,Bilateria,Protostomia,Ecdysozoa,Panarthropoda,Arthropoda,Mandibulata,Pancrustacea,Crustacea,Multicrustacea,Hexanauplia,Copepoda,Neocopepoda,Podoplea,Cyclopoida,Cyclopettidae,Paracyclopina,Paracyclopina nana,,,,
EUK_TARA_PON_109_MAG_00254.fasta,34.1,0,6910,27894493,2500,4036.8,49995,Neocalanus flemingeri,cellular organisms,Eukaryota,Opisthokonta,Metazoa,Eumetazoa,Bilateria,Protostomia,Ecdysozoa,Panarthropoda,Arthropoda,Mandibulata,Pancrustacea,Crustacea,Multicrustacea,Hexanauplia,Copepoda,Neocopepoda,Gymnoplea,Calanoida,Calanidae,Neocalanus,Neocalanus flemingeri,,,,
EUK_TARA_PON_109_MAG_00255.fasta,31,0,6089,20801653,2500,3416.3,13028,Paracyclopina nana,cellular organisms,Eukaryota,Opisthokonta,Metazoa,Eumetazoa,Bilateria,Protostomia,Ecdysozoa,Panarthropoda,Arthropoda,Mandibulata,Pancrustacea,Crustacea,Multicrustacea,Hexanauplia,Copepoda,Neocopepoda,Podoplea,Cyclopoida,Cyclopettidae,Paracyclopina,Paracyclopina nana,,,,
EUK_TARA_PON_109_MAG_00260.fasta,33.3,0,21836,72066389,2500,3300.3,25287,Neocalanus flemingeri,cellular organisms,Eukaryota,Opisthokonta,Metazoa,Eumetazoa,Bilateria,Protostomia,Ecdysozoa,Panarthropoda,Arthropoda,Mandibulata,Pancrustacea,Crustacea,Multicrustacea,Hexanauplia,Copepoda,Neocopepoda,Gymnoplea,Calanoida,Calanidae,Neocalanus,Neocalanus flemingeri,,,,
EUK_TARA_PON_109_MAG_00264.fasta,31,0,3473,15456878,2500,4450.6,31006,Neocalanus flemingeri,cellular organisms,Eukaryota,Opisthokonta,Metazoa,Eumetazoa,Bilateria,Protostomia,Ecdysozoa,Panarthropoda,Arthropoda,Mandibulata,Pancrustacea,Crustacea,Multicrustacea,Hexanauplia,Copepoda,Neocopepoda,Gymnoplea,Calanoida,Calanidae,Neocalanus,Neocalanus flemingeri,,,,
EUK_TARA_PON_109_MAG_00265.fasta,34.9,0.8,6244,23872534,2500,3823.3,22639,Calanus finmarchicus,cellular organisms,Eukaryota,Opisthokonta,Metazoa,Eumetazoa,Bilateria,Protostomia,Ecdysozoa,Panarthropoda,Arthropoda,Mandibulata,Pancrustacea,Crustacea,Multicrustacea,Hexanauplia,Copepoda,Neocopepoda,Gymnoplea,Calanoida,Calanidae,Calanus,Calanus finmarchicus,,,,
EUK_TARA_PON_109_MAG_00269.fasta,61.2,0,21113,90163544,2500,4270.5,33418,Neocalanus flemingeri,cellular organisms,Eukaryota,Opisthokonta,Metazoa,Eumetazoa,Bilateria,Protostomia,Ecdysozoa,Panarthropoda,Arthropoda,Mandibulata,Pancrustacea,Crustacea,Multicrustacea,Hexanauplia,Copepoda,Neocopepoda,Gymnoplea,Calanoida,Calanidae,Neocalanus,Neocalanus flemingeri,,,,
EUK_TARA_PON_109_MAG_00273.fasta,51.9,0,10774,42772249,2500,3970,28833,Calanus finmarchicus,cellular organisms,Eukaryota,Opisthokonta,Metazoa,Eumetazoa,Bilateria,Protostomia,Ecdysozoa,Panarthropoda,Arthropoda,Mandibulata,Pancrustacea,Crustacea,Multicrustacea,Hexanauplia,Copepoda,Neocopepoda,Gymnoplea,Calanoida,Calanidae,Calanus,Calanus finmarchicus,,,,
EUK_TARA_PON_109_MAG_00274.fasta,60.5,0,20467,81583537,2500,3986.1,25600,Calanus finmarchicus,cellular organisms,Eukaryota,Opisthokonta,Metazoa,Eumetazoa,Bilateria,Protostomia,Ecdysozoa,Panarthropoda,Arthropoda,Mandibulata,Pancrustacea,Crustacea,Multicrustacea,Hexanauplia,Copepoda,Neocopepoda,Gymnoplea,Calanoida,Calanidae,Calanus,Calanus finmarchicus,,,,
EUK_TARA_PON_109_MAG_00275.fasta,76.7,0,12654,62610992,2500,4947.9,56814,Oithona nana,cellular organisms,Eukaryota,Opisthokonta,Metazoa,Eumetazoa,Bilateria,Protostomia,Ecdysozoa,Panarthropoda,Arthropoda,Mandibulata,Pancrustacea,Crustacea,Multicrustacea,Hexanauplia,Copepoda,Neocopepoda,Podoplea,Cyclopoida,Oithonidae,Oithona,Oithona nana,,,,
EUK_TARA_PON_109_MAG_00276.fasta,72.1,0.8,18623,74576384,2500,4004.5,32933,Paracyclopina nana,cellular organisms,Eukaryota,Opisthokonta,Metazoa,Eumetazoa,Bilateria,Protostomia,Ecdysozoa,Panarthropoda,Arthropoda,Mandibulata,Pancrustacea,Crustacea,Multicrustacea,Hexanauplia,Copepoda,Neocopepoda,Podoplea,Cyclopoida,Cyclopettidae,Paracyclopina,Paracyclopina nana,,,,
EUK_TARA_PSE_93_MAG_00017.fasta,80.6,0.8,1091,14732868,2500,13504,148911,Bathycoccus,cellular organisms,Eukaryota,Viridiplantae,Chlorophyta,Mamiellophyceae,Mamiellales,Bathycoccaceae,Bathycoccus,,,,,,,,,,,,,,,,,,
EUK_TARA_PSE_93_MAG_00141.fasta,86.8,0.8,1611,18114838,2504,11244.5,144787,Pyramimonas,cellular organisms,Eukaryota,Viridiplantae,Chlorophyta,Pyramimonadophyceae,Pyramimonadales,Pyramimonadaceae,Pyramimonas,,,,,,,,,,,,,,,,,,
EUK_TARA_PSE_93_MAG_00182.fasta,91.5,0,2021,15663282,2504,7750.3,73234,Pycnococcus,cellular organisms,Eukaryota,Viridiplantae,Chlorophyta,prasinophyte incertae sedis,Pycnococcaceae,Pycnococcus,,,,,,,,,,,,,,,,,,,
EUK_TARA_PSE_93_MAG_00188.fasta,74.4,0,2752,18573151,2500,6749,42953,Symbiodinium,cellular organisms,Eukaryota,Sar,Alveolata,Dinophyceae,Suessiales,Symbiodiniaceae,Symbiodinium,,,,,,,,,,,,,,,,,,
EUK_TARA_PSE_93_MAG_00200.fasta,70.5,0,2266,13950267,2501,6156.3,60843,Pycnococcus,cellular organisms,Eukaryota,Viridiplantae,Chlorophyta,prasinophyte incertae sedis,Pycnococcaceae,Pycnococcus,,,,,,,,,,,,,,,,,,,
EUK_TARA_PSE_93_MAG_00201.fasta,82.2,0,2697,15271855,2502,5662.5,33999,Pycnococcus,cellular organisms,Eukaryota,Viridiplantae,Chlorophyta,prasinophyte incertae sedis,Pycnococcaceae,Pycnococcus,,,,,,,,,,,,,,,,,,,
EUK_TARA_PSE_93_MAG_00202.fasta,56.6,0,12080,43057692,2500,3564.4,16599,Paracyclopina nana,cellular organisms,Eukaryota,Opisthokonta,Metazoa,Eumetazoa,Bilateria,Protostomia,Ecdysozoa,Panarthropoda,Arthropoda,Mandibulata,Pancrustacea,Crustacea,Multicrustacea,Hexanauplia,Copepoda,Neocopepoda,Podoplea,Cyclopoida,Cyclopettidae,Paracyclopina,Paracyclopina nana,,,,
EUK_TARA_PSE_93_MAG_00203.fasta,46.5,0,3189,14010948,2500,4393.5,28724,Prymnesium,cellular organisms,Eukaryota,Haptista,Haptophyta,Prymnesiophyceae,Prymnesiales,Prymnesiaceae,Prymnesium,,,,,,,,,,,,,,,,,,
EUK_TARA_PSE_93_MAG_00207.fasta,34.9,0,6497,27899377,2500,4294.2,49543,Florenciella,cellular organisms,Eukaryota,Sar,Stramenopiles,Ochrophyta,Dictyochophyceae,Florenciellales,Florenciella,,,,,,,,,,,,,,,,,,
EUK_TARA_PSE_93_MAG_00209.fasta,34.1,0.8,3451,12185072,2500,3530.9,15119,Neocalanus flemingeri,cellular organisms,Eukaryota,Opisthokonta,Metazoa,Eumetazoa,Bilateria,Protostomia,Ecdysozoa,Panarthropoda,Arthropoda,Mandibulata,Pancrustacea,Crustacea,Multicrustacea,Hexanauplia,Copepoda,Neocopepoda,Gymnoplea,Calanoida,Calanidae,Neocalanus,Neocalanus flemingeri,,,,
EUK_TARA_PSE_93_MAG_00212.fasta,48.8,0,11154,40973904,2500,3673.5,23423,Acanthoeca,cellular organisms,Eukaryota,Opisthokonta,Choanoflagellata,Acanthoecida,Acanthoecidae,Acanthoeca,,,,,,,,,,,,,,,,,,,
EUK_TARA_PSE_93_MAG_00213.fasta,51.2,0,3743,17103317,2501,4569.4,27651,Pseudo-nitzschia,cellular organisms,Eukaryota,Sar,Stramenopiles,Ochrophyta,Bacillariophyta,Bacillariophyceae,Bacillariophycidae,Bacillariales,Bacillariaceae,Pseudo-nitzschia,,,,,,,,,,,,,,,
EUK_TARA_PSE_93_MAG_00214.fasta,42.6,0,2570,10203975,2500,3970.4,14903,Paraphysomonas,cellular organisms,Eukaryota,Sar,Stramenopiles,Ochrophyta,Chrysophyceae,Chromulinales,Paraphysomonadaceae,Paraphysomonas,,,,,,,,,,,,,,,,,
EUK_TARA_PSE_93_MAG_00215.fasta,45,0,41463,201854422,2500,4868.3,61974,Ciona intestinalis,cellular organisms,Eukaryota,Opisthokonta,Metazoa,Eumetazoa,Bilateria,Deuterostomia,Chordata,Tunicata,Ascidiacea,Phlebobranchia,Cionidae,Ciona,Ciona intestinalis,,,,,,,,,,,,
EUK_TARA_PSE_93_MAG_00217.fasta,49.6,1.6,6841,25430176,2500,3717.3,19118,Paracyclopina nana,cellular organisms,Eukaryota,Opisthokonta,Metazoa,Eumetazoa,Bilateria,Protostomia,Ecdysozoa,Panarthropoda,Arthropoda,Mandibulata,Pancrustacea,Crustacea,Multicrustacea,Hexanauplia,Copepoda,Neocopepoda,Podoplea,Cyclopoida,Cyclopettidae,Paracyclopina,Paracyclopina nana,,,,
EUK_TARA_PSE_93_MAG_00218.fasta,31,0,4545,17199567,2500,3784.3,20289,Chrysochromulina,cellular organisms,Eukaryota,Haptista,Haptophyta,Prymnesiophyceae,Prymnesiales,Chrysochromulinaceae,Chrysochromulina,,,,,,,,,,,,,,,,,,
EUK_TARA_PSE_93_MAG_00219.fasta,38,0,8671,34283226,2500,3953.8,24425,Prymnesium,cellular organisms,Eukaryota,Haptista,Haptophyta,Prymnesiophyceae,Prymnesiales,Prymnesiaceae,Prymnesium,,,,,,,,,,,,,,,,,,
EUK_TARA_PSE_93_MAG_00220.fasta,49.6,0.8,2828,10538444,2500,3726.5,13835,Nephroselmis,cellular organisms,Eukaryota,Viridiplantae,Chlorophyta,Nephroselmidophyceae,Nephroselmidales,Nephroselmidaceae,Nephroselmis,,,,,,,,,,,,,,,,,,
EUK_TARA_PSE_93_MAG_00221.fasta,55,0,13297,54436112,2500,4093.9,24278,Calanus finmarchicus,cellular organisms,Eukaryota,Opisthokonta,Metazoa,Eumetazoa,Bilateria,Protostomia,Ecdysozoa,Panarthropoda,Arthropoda,Mandibulata,Pancrustacea,Crustacea,Multicrustacea,Hexanauplia,Copepoda,Neocopepoda,Gymnoplea,Calanoida,Calanidae,Calanus,Calanus finmarchicus,,,,
EUK_TARA_PSE_93_MAG_00222.fasta,31.8,0,3111,13900313,2500,4468.1,22518,Oikopleura dioica,cellular organisms,Eukaryota,Opisthokonta,Metazoa,Eumetazoa,Bilateria,Deuterostomia,Chordata,Tunicata,Appendicularia,Copelata,Oikopleuridae,Oikopleura,Oikopleura dioica,,,,,,,,,,,,
EUK_TARA_PSE_93_MAG_00223.fasta,58.9,0,10050,43730255,2500,4351.3,36496,Neocalanus flemingeri,cellular organisms,Eukaryota,Opisthokonta,Metazoa,Eumetazoa,Bilateria,Protostomia,Ecdysozoa,Panarthropoda,Arthropoda,Mandibulata,Pancrustacea,Crustacea,Multicrustacea,Hexanauplia,Copepoda,Neocopepoda,Gymnoplea,Calanoida,Calanidae,Neocalanus,Neocalanus flemingeri,,,,
EUK_TARA_PSE_93_MAG_00224.fasta,41.9,0,4025,15365934,2500,3817.6,32813,Prymnesium,cellular organisms,Eukaryota,Haptista,Haptophyta,Prymnesiophyceae,Prymnesiales,Prymnesiaceae,Prymnesium,,,,,,,,,,,,,,,,,,
EUK_TARA_PSE_93_MAG_00226.fasta,34.1,0,5782,21492157,2500,3717.1,16387,Phaeocystis globosa,cellular organisms,Eukaryota,Haptista,Haptophyta,Prymnesiophyceae,Phaeocystales,Phaeocystaceae,Phaeocystis,Phaeocystis globosa,,,,,,,,,,,,,,,,,
EUK_TARA_PSE_93_MAG_00228.fasta,67.4,0,3376,17472738,2503,5175.6,48426,Pyramimonas,cellular organisms,Eukaryota,Viridiplantae,Chlorophyta,Pyramimonadophyceae,Pyramimonadales,Pyramimonadaceae,Pyramimonas,,,,,,,,,,,,,,,,,,
EUK_TARA_PSE_93_MAG_00229.fasta,38.8,0,11991,56952677,2500,4749.6,50517,Oikopleura dioica,cellular organisms,Eukaryota,Opisthokonta,Metazoa,Eumetazoa,Bilateria,Deuterostomia,Chordata,Tunicata,Appendicularia,Copelata,Oikopleuridae,Oikopleura,Oikopleura dioica,,,,,,,,,,,,
EUK_TARA_PSE_93_MAG_00230.fasta,45,0,6508,27387056,2500,4208.2,25879,Paracyclopina nana,cellular organisms,Eukaryota,Opisthokonta,Metazoa,Eumetazoa,Bilateria,Protostomia,Ecdysozoa,Panarthropoda,Arthropoda,Mandibulata,Pancrustacea,Crustacea,Multicrustacea,Hexanauplia,Copepoda,Neocopepoda,Podoplea,Cyclopoida,Cyclopettidae,Paracyclopina,Paracyclopina nana,,,,
EUK_TARA_PSE_93_MAG_00231.fasta,51.9,0,31035,109304568,2500,3522,19479,Calanus finmarchicus,cellular organisms,Eukaryota,Opisthokonta,Metazoa,Eumetazoa,Bilateria,Protostomia,Ecdysozoa,Panarthropoda,Arthropoda,Mandibulata,Pancrustacea,Crustacea,Multicrustacea,Hexanauplia,Copepoda,Neocopepoda,Gymnoplea,Calanoida,Calanidae,Calanus,Calanus finmarchicus,,,,
EUK_TARA_PSE_93_MAG_00235.fasta,30.2,0,8527,32906691,2500,3859.1,23207,Emiliania huxleyi,cellular organisms,Eukaryota,Haptista,Haptophyta,Prymnesiophyceae,Isochrysidales,Noelaerhabdaceae,Emiliania,Emiliania huxleyi,,,,,,,,,,,,,,,,,
EUK_TARA_PSE_93_MAG_00236.fasta,64.3,0,2539,10990910,2500,4328.8,20993,Tetraselmis,cellular organisms,Eukaryota,Viridiplantae,Chlorophyta,core chlorophytes,Chlorodendrophyceae,Chlorodendrales,Chlorodendraceae,Tetraselmis,,,,,,,,,,,,,,,,,
EUK_TARA_PSE_93_MAG_00240.fasta,37.2,0,4894,21059551,2500,4303.1,30779,Salpingoeca,cellular organisms,Eukaryota,Opisthokonta,Choanoflagellata,Craspedida,Salpingoecidae,Salpingoeca,,,,,,,,,,,,,,,,,,,
EUK_TARA_PSE_93_MAG_00241.fasta,58.9,0,7651,37659542,2500,4922.2,34665,Florenciella,cellular organisms,Eukaryota,Sar,Stramenopiles,Ochrophyta,Dictyochophyceae,Florenciellales,Florenciella,,,,,,,,,,,,,,,,,,
EUK_TARA_PSE_93_MAG_00244.fasta,54.3,0,8594,34715027,2500,4039.4,26357,Neocalanus flemingeri,cellular organisms,Eukaryota,Opisthokonta,Metazoa,Eumetazoa,Bilateria,Protostomia,Ecdysozoa,Panarthropoda,Arthropoda,Mandibulata,Pancrustacea,Crustacea,Multicrustacea,Hexanauplia,Copepoda,Neocopepoda,Gymnoplea,Calanoida,Calanidae,Neocalanus,Neocalanus flemingeri,,,,
EUK_TARA_PSE_93_MAG_00245.fasta,36.4,0.8,4613,15971362,2500,3462.3,12005,Prymnesium,cellular organisms,Eukaryota,Haptista,Haptophyta,Prymnesiophyceae,Prymnesiales,Prymnesiaceae,Prymnesium,,,,,,,,,,,,,,,,,,
EUK_TARA_PSE_93_MAG_00246.fasta,33.3,0,5595,19738805,2500,3527.9,17966,Paracyclopina nana,cellular organisms,Eukaryota,Opisthokonta,Metazoa,Eumetazoa,Bilateria,Protostomia,Ecdysozoa,Panarthropoda,Arthropoda,Mandibulata,Pancrustacea,Crustacea,Multicrustacea,Hexanauplia,Copepoda,Neocopepoda,Podoplea,Cyclopoida,Cyclopettidae,Paracyclopina,Paracyclopina nana,,,,
EUK_TARA_PSE_93_MAG_00247.fasta,38,0,15502,57512323,2500,3710,23285,Neocalanus flemingeri,cellular organisms,Eukaryota,Opisthokonta,Metazoa,Eumetazoa,Bilateria,Protostomia,Ecdysozoa,Panarthropoda,Arthropoda,Mandibulata,Pancrustacea,Crustacea,Multicrustacea,Hexanauplia,Copepoda,Neocopepoda,Gymnoplea,Calanoida,Calanidae,Neocalanus,Neocalanus flemingeri,,,,
EUK_TARA_PSE_93_MAG_00251.fasta,76,1.6,12922,65967899,2500,5105.1,51023,Calanus finmarchicus,cellular organisms,Eukaryota,Opisthokonta,Metazoa,Eumetazoa,Bilateria,Protostomia,Ecdysozoa,Panarthropoda,Arthropoda,Mandibulata,Pancrustacea,Crustacea,Multicrustacea,Hexanauplia,Copepoda,Neocopepoda,Gymnoplea,Calanoida,Calanidae,Calanus,Calanus finmarchicus,,,,
EUK_TARA_PSE_93_MAG_00253.fasta,60.5,1.6,5729,24577184,2500,4290,19704,Chaetoceros,cellular organisms,Eukaryota,Sar,Stramenopiles,Ochrophyta,Bacillariophyta,Coscinodiscophyceae,Chaetocerotophycidae,Chaetocerotales,Chaetocerotaceae,Chaetoceros,,,,,,,,,,,,,,,
EUK_TARA_PSE_93_MAG_00254.fasta,59.7,0,18238,81169487,2500,4450.6,35336,Calanus finmarchicus,cellular organisms,Eukaryota,Opisthokonta,Metazoa,Eumetazoa,Bilateria,Protostomia,Ecdysozoa,Panarthropoda,Arthropoda,Mandibulata,Pancrustacea,Crustacea,Multicrustacea,Hexanauplia,Copepoda,Neocopepoda,Gymnoplea,Calanoida,Calanidae,Calanus,Calanus finmarchicus,,,,
EUK_TARA_PSE_93_MAG_00256.fasta,51.9,0.8,13981,56322151,2500,4028.5,30521,Neocalanus flemingeri,cellular organisms,Eukaryota,Opisthokonta,Metazoa,Eumetazoa,Bilateria,Protostomia,Ecdysozoa,Panarthropoda,Arthropoda,Mandibulata,Pancrustacea,Crustacea,Multicrustacea,Hexanauplia,Copepoda,Neocopepoda,Gymnoplea,Calanoida,Calanidae,Neocalanus,Neocalanus flemingeri,,,,
EUK_TARA_PSE_93_MAG_00267.fasta,68.2,0,6916,37691573,2500,5449.9,50858,Chrysochromulina,cellular organisms,Eukaryota,Haptista,Haptophyta,Prymnesiophyceae,Prymnesiales,Chrysochromulinaceae,Chrysochromulina,,,,,,,,,,,,,,,,,,
EUK_TARA_PSW_86_MAG_00075.fasta,87.6,0.8,476,17403786,2669,36562.6,247224,Micromonas,cellular organisms,Eukaryota,Viridiplantae,Chlorophyta,Mamiellophyceae,Mamiellales,Mamiellaceae,Micromonas,,,,,,,,,,,,,,,,,,
EUK_TARA_PSW_86_MAG_00105.fasta,94.6,0,523,20021399,2529,38281.8,379172,Micromonas,cellular organisms,Eukaryota,Viridiplantae,Chlorophyta,Mamiellophyceae,Mamiellales,Mamiellaceae,Micromonas,,,,,,,,,,,,,,,,,,
EUK_TARA_PSW_86_MAG_00106.fasta,80.6,0,1345,18659930,2500,13873.6,234162,Micromonas,cellular organisms,Eukaryota,Viridiplantae,Chlorophyta,Mamiellophyceae,Mamiellales,Mamiellaceae,Micromonas,,,,,,,,,,,,,,,,,,
EUK_TARA_PSW_86_MAG_00160.fasta,96.9,1.6,1718,18085701,2502,10527.2,85380,Picochlorum,cellular organisms,Eukaryota,Viridiplantae,Chlorophyta,core chlorophytes,Trebouxiophyceae,Trebouxiophyceae incertae sedis,Picochlorum,,,,,,,,,,,,,,,,,,
EUK_TARA_PSW_86_MAG_00208.fasta,84.5,1.6,1163,18273471,2503,15712.4,228387,Micromonas,cellular organisms,Eukaryota,Viridiplantae,Chlorophyta,Mamiellophyceae,Mamiellales,Mamiellaceae,Micromonas,,,,,,,,,,,,,,,,,,
EUK_TARA_PSW_86_MAG_00222.fasta,73.6,0,2997,22525297,2501,7515.9,68986,Pseudo-nitzschia,cellular organisms,Eukaryota,Sar,Stramenopiles,Ochrophyta,Bacillariophyta,Bacillariophyceae,Bacillariophycidae,Bacillariales,Bacillariaceae,Pseudo-nitzschia,,,,,,,,,,,,,,,
EUK_TARA_PSW_86_MAG_00236.fasta,70.5,0.8,6423,32295870,2500,5028.2,50525,Pseudo-nitzschia,cellular organisms,Eukaryota,Sar,Stramenopiles,Ochrophyta,Bacillariophyta,Bacillariophyceae,Bacillariophycidae,Bacillariales,Bacillariaceae,Pseudo-nitzschia,,,,,,,,,,,,,,,
EUK_TARA_PSW_86_MAG_00253.fasta,76,0,3592,16125812,2500,4489.4,19532,Prasinoderma coloniale,cellular organisms,Eukaryota,Viridiplantae,Prasinodermophyta,Prasinodermophyceae,Prasinodermales,Prasinodermaceae,Prasinoderma,Prasinoderma coloniale,,,,,,,,,,,,,,,,,
EUK_TARA_PSW_86_MAG_00256.fasta,64.3,0,9477,44361495,2500,4681,38550,Chaetoceros,cellular organisms,Eukaryota,Sar,Stramenopiles,Ochrophyta,Bacillariophyta,Coscinodiscophyceae,Chaetocerotophycidae,Chaetocerotales,Chaetocerotaceae,Chaetoceros,,,,,,,,,,,,,,,
EUK_TARA_PSW_86_MAG_00257.fasta,69,0,3557,19186117,2500,5393.9,26104,Aureococcus,cellular organisms,Eukaryota,Sar,Stramenopiles,Ochrophyta,Pelagophyceae,Pelagomonadales,Pelagomonadaceae,Aureococcus,,,,,,,,,,,,,,,,,
EUK_TARA_PSW_86_MAG_00260.fasta,69.8,0,2823,15540835,2501,5505.1,39518,Chloropicon maureeniae,cellular organisms,Eukaryota,Viridiplantae,Chlorophyta,Chloropicophyceae,Chloropicales,Chloropicaceae,Chloropicon,Chloropicon maureeniae,,,,,,,,,,,,,,,,,
EUK_TARA_PSW_86_MAG_00261.fasta,79.8,0.8,6352,32906914,2500,5180.6,91084,Thalassiosira,cellular organisms,Eukaryota,Sar,Stramenopiles,Ochrophyta,Bacillariophyta,Coscinodiscophyceae,Thalassiosirophycidae,Thalassiosirales,Thalassiosiraceae,Thalassiosira,,,,,,,,,,,,,,,
EUK_TARA_PSW_86_MAG_00262.fasta,76.7,0.8,10311,51723306,2500,5016.3,57039,Geminigera,cellular organisms,Eukaryota,Cryptophyceae,Pyrenomonadales,Geminigeraceae,Geminigera,,,,,,,,,,,,,,,,,,,,
EUK_TARA_PSW_86_MAG_00266.fasta,72.1,0,5550,44033421,2501,7933.9,41416,Chrysochromulina sp. KB-HA01,cellular organisms,Eukaryota,Haptista,Haptophyta,Prymnesiophyceae,Prymnesiales,Chrysochromulinaceae,Chrysochromulina,unclassified Chrysochromulina,Chrysochromulina sp. KB-HA01,,,,,,,,,,,,,,,,
EUK_TARA_PSW_86_MAG_00267.fasta,31,0,2596,13279304,2501,5115.3,39775,Oikopleura dioica,cellular organisms,Eukaryota,Opisthokonta,Metazoa,Eumetazoa,Bilateria,Deuterostomia,Chordata,Tunicata,Appendicularia,Copelata,Oikopleuridae,Oikopleura,Oikopleura dioica,,,,,,,,,,,,
EUK_TARA_PSW_86_MAG_00268.fasta,31.8,0,3371,19127084,2500,5674,41164,Chrysochromulina,cellular organisms,Eukaryota,Haptista,Haptophyta,Prymnesiophyceae,Prymnesiales,Chrysochromulinaceae,Chrysochromulina,,,,,,,,,,,,,,,,,,
EUK_TARA_PSW_86_MAG_00270.fasta,59.7,0,3244,17368585,2500,5354.1,37167,Pyramimonas,cellular organisms,Eukaryota,Viridiplantae,Chlorophyta,Pyramimonadophyceae,Pyramimonadales,Pyramimonadaceae,Pyramimonas,,,,,,,,,,,,,,,,,,
EUK_TARA_PSW_86_MAG_00272.fasta,48.1,0,5014,18475521,2500,3684.8,14870,Prymnesium,cellular organisms,Eukaryota,Haptista,Haptophyta,Prymnesiophyceae,Prymnesiales,Prymnesiaceae,Prymnesium,,,,,,,,,,,,,,,,,,
EUK_TARA_PSW_86_MAG_00274.fasta,57.4,0,5223,28479874,2500,5452.8,43410,Stygamoeba,cellular organisms,Eukaryota,Amoebozoa,Discosea,Stygamoebida,Stygamoeba,,,,,,,,,,,,,,,,,,,,
EUK_TARA_PSW_86_MAG_00275.fasta,41.1,0,5431,23796178,2501,4381.5,22749,Chrysochromulina,cellular organisms,Eukaryota,Haptista,Haptophyta,Prymnesiophyceae,Prymnesiales,Chrysochromulinaceae,Chrysochromulina,,,,,,,,,,,,,,,,,,
EUK_TARA_PSW_86_MAG_00276.fasta,50.4,1.6,6619,24492844,2500,3700.4,50134,Thalassiosira,cellular organisms,Eukaryota,Sar,Stramenopiles,Ochrophyta,Bacillariophyta,Coscinodiscophyceae,Thalassiosirophycidae,Thalassiosirales,Thalassiosiraceae,Thalassiosira,,,,,,,,,,,,,,,
EUK_TARA_PSW_86_MAG_00280.fasta,35.7,0,808,17528157,2550,21693.3,85899,Chrysochromulina,cellular organisms,Eukaryota,Haptista,Haptophyta,Prymnesiophyceae,Prymnesiales,Chrysochromulinaceae,Chrysochromulina,,,,,,,,,,,,,,,,,,
EUK_TARA_PSW_86_MAG_00281.fasta,55,0,4498,17426785,2500,3874.3,21515,Fragilariopsis,cellular organisms,Eukaryota,Sar,Stramenopiles,Ochrophyta,Bacillariophyta,Bacillariophyceae,Bacillariophycidae,Bacillariales,Bacillariaceae,Fragilariopsis,,,,,,,,,,,,,,,
EUK_TARA_PSW_86_MAG_00283.fasta,63.6,0,4967,36295699,2500,7307.4,38464,Chrysochromulina,cellular organisms,Eukaryota,Haptista,Haptophyta,Prymnesiophyceae,Prymnesiales,Chrysochromulinaceae,Chrysochromulina,,,,,,,,,,,,,,,,,,
EUK_TARA_PSW_86_MAG_00284.fasta,34.9,0,12809,44935796,2500,3508.1,24666,Phaeocystis globosa,cellular organisms,Eukaryota,Haptista,Haptophyta,Prymnesiophyceae,Phaeocystales,Phaeocystaceae,Phaeocystis,Phaeocystis globosa,,,,,,,,,,,,,,,,,
EUK_TARA_PSW_86_MAG_00286.fasta,44.2,0,7983,35769649,2500,4480.7,29720,Neocalanus flemingeri,cellular organisms,Eukaryota,Opisthokonta,Metazoa,Eumetazoa,Bilateria,Protostomia,Ecdysozoa,Panarthropoda,Arthropoda,Mandibulata,Pancrustacea,Crustacea,Multicrustacea,Hexanauplia,Copepoda,Neocopepoda,Gymnoplea,Calanoida,Calanidae,Neocalanus,Neocalanus flemingeri,,,,
EUK_TARA_PSW_86_MAG_00287.fasta,59.7,0.8,5678,24583961,2500,4329.7,35866,Prymnesium,cellular organisms,Eukaryota,Haptista,Haptophyta,Prymnesiophyceae,Prymnesiales,Prymnesiaceae,Prymnesium,,,,,,,,,,,,,,,,,,
EUK_TARA_PSW_86_MAG_00288.fasta,31,0,5422,18731336,2500,3454.7,17207,Neocalanus flemingeri,cellular organisms,Eukaryota,Opisthokonta,Metazoa,Eumetazoa,Bilateria,Protostomia,Ecdysozoa,Panarthropoda,Arthropoda,Mandibulata,Pancrustacea,Crustacea,Multicrustacea,Hexanauplia,Copepoda,Neocopepoda,Gymnoplea,Calanoida,Calanidae,Neocalanus,Neocalanus flemingeri,,,,
EUK_TARA_PSW_86_MAG_00289.fasta,67.4,0,390,14068092,2523,36072,226051,Micromonas,cellular organisms,Eukaryota,Viridiplantae,Chlorophyta,Mamiellophyceae,Mamiellales,Mamiellaceae,Micromonas,,,,,,,,,,,,,,,,,,
EUK_TARA_PSW_86_MAG_00294.fasta,53.5,0.8,26088,96881759,2500,3713.7,32413,Neocalanus flemingeri,cellular organisms,Eukaryota,Opisthokonta,Metazoa,Eumetazoa,Bilateria,Protostomia,Ecdysozoa,Panarthropoda,Arthropoda,Mandibulata,Pancrustacea,Crustacea,Multicrustacea,Hexanauplia,Copepoda,Neocopepoda,Gymnoplea,Calanoida,Calanidae,Neocalanus,Neocalanus flemingeri,,,,
EUK_TARA_PSW_86_MAG_00295.fasta,70.5,0,5339,28363258,2500,5312.5,34669,Mantoniella,cellular organisms,Eukaryota,Viridiplantae,Chlorophyta,Mamiellophyceae,Mamiellales,Mamiellaceae,Mantoniella,,,,,,,,,,,,,,,,,,
EUK_TARA_PSW_86_MAG_00302.fasta,62,0,8148,36810616,2500,4517.7,37191,Chrysochromulina,cellular organisms,Eukaryota,Haptista,Haptophyta,Prymnesiophyceae,Prymnesiales,Chrysochromulinaceae,Chrysochromulina,,,,,,,,,,,,,,,,,,
EUK_TARA_PSW_86_MAG_00303.fasta,66.7,0,13850,84466585,2500,6098.7,70103,Geminigera,cellular organisms,Eukaryota,Cryptophyceae,Pyrenomonadales,Geminigeraceae,Geminigera,,,,,,,,,,,,,,,,,,,,
EUK_TARA_PSW_86_MAG_00304.fasta,45,1.6,26355,99843122,2500,3788.4,34360,Paracyclopina nana,cellular organisms,Eukaryota,Opisthokonta,Metazoa,Eumetazoa,Bilateria,Protostomia,Ecdysozoa,Panarthropoda,Arthropoda,Mandibulata,Pancrustacea,Crustacea,Multicrustacea,Hexanauplia,Copepoda,Neocopepoda,Podoplea,Cyclopoida,Cyclopettidae,Paracyclopina,Paracyclopina nana,,,,
EUK_TARA_PSW_86_MAG_00305.fasta,52.7,0,11282,42204131,2500,3740.8,31773,Neocalanus flemingeri,cellular organisms,Eukaryota,Opisthokonta,Metazoa,Eumetazoa,Bilateria,Protostomia,Ecdysozoa,Panarthropoda,Arthropoda,Mandibulata,Pancrustacea,Crustacea,Multicrustacea,Hexanauplia,Copepoda,Neocopepoda,Gymnoplea,Calanoida,Calanidae,Neocalanus,Neocalanus flemingeri,,,,
EUK_TARA_PSW_86_MAG_00311.fasta,78.3,1.6,14907,74150808,2500,4974.2,54656,Calanus finmarchicus,cellular organisms,Eukaryota,Opisthokonta,Metazoa,Eumetazoa,Bilateria,Protostomia,Ecdysozoa,Panarthropoda,Arthropoda,Mandibulata,Pancrustacea,Crustacea,Multicrustacea,Hexanauplia,Copepoda,Neocopepoda,Gymnoplea,Calanoida,Calanidae,Calanus,Calanus finmarchicus,,,,
EUK_TARA_PSW_86_MAG_00313.fasta,64.3,0,20290,76837242,2500,3787,38466,Calanus finmarchicus,cellular organisms,Eukaryota,Opisthokonta,Metazoa,Eumetazoa,Bilateria,Protostomia,Ecdysozoa,Panarthropoda,Arthropoda,Mandibulata,Pancrustacea,Crustacea,Multicrustacea,Hexanauplia,Copepoda,Neocopepoda,Gymnoplea,Calanoida,Calanidae,Calanus,Calanus finmarchicus,,,,
EUK_TARA_PSW_86_MAG_00314.fasta,66.7,0.8,13049,60191600,2500,4612.7,32483,Acanthoeca,cellular organisms,Eukaryota,Opisthokonta,Choanoflagellata,Acanthoecida,Acanthoecidae,Acanthoeca,,,,,,,,,,,,,,,,,,,
EUK_TARA_PSW_86_MAG_00317.fasta,77.5,0.8,8038,49044637,2500,6101.6,96249,Chrysochromulina,cellular organisms,Eukaryota,Haptista,Haptophyta,Prymnesiophyceae,Prymnesiales,Chrysochromulinaceae,Chrysochromulina,,,,,,,,,,,,,,,,,,
EUK_TARA_PSW_86_MAG_00318.fasta,76,0.8,8589,49160974,2500,5723.7,42524,Chrysochromulina,cellular organisms,Eukaryota,Haptista,Haptophyta,Prymnesiophyceae,Prymnesiales,Chrysochromulinaceae,Chrysochromulina,,,,,,,,,,,,,,,,,,
EUK_TARA_PSW_86_MAG_00319.fasta,37.2,0,12673,57752439,2500,4557.1,61475,Oikopleura dioica,cellular organisms,Eukaryota,Opisthokonta,Metazoa,Eumetazoa,Bilateria,Deuterostomia,Chordata,Tunicata,Appendicularia,Copelata,Oikopleuridae,Oikopleura,Oikopleura dioica,,,,,,,,,,,,
EUK_TARA_PSW_86_MAG_00320.fasta,65.1,0.8,16216,67117858,2500,4139,33028,Paracyclopina nana,cellular organisms,Eukaryota,Opisthokonta,Metazoa,Eumetazoa,Bilateria,Protostomia,Ecdysozoa,Panarthropoda,Arthropoda,Mandibulata,Pancrustacea,Crustacea,Multicrustacea,Hexanauplia,Copepoda,Neocopepoda,Podoplea,Cyclopoida,Cyclopettidae,Paracyclopina,Paracyclopina nana,,,,
EUK_TARA_RED_19_MAG_00041.fasta,31,0,7698,27500118,2500,3572.4,15375,Neocalanus flemingeri,cellular organisms,Eukaryota,Opisthokonta,Metazoa,Eumetazoa,Bilateria,Protostomia,Ecdysozoa,Panarthropoda,Arthropoda,Mandibulata,Pancrustacea,Crustacea,Multicrustacea,Hexanauplia,Copepoda,Neocopepoda,Gymnoplea,Calanoida,Calanidae,Neocalanus,Neocalanus flemingeri,,,,
EUK_TARA_RED_19_MAG_00042.fasta,38.8,0,4586,19232859,2500,4193.8,16208,Prymnesium,cellular organisms,Eukaryota,Haptista,Haptophyta,Prymnesiophyceae,Prymnesiales,Prymnesiaceae,Prymnesium,,,,,,,,,,,,,,,,,,
EUK_TARA_RED_19_MAG_00043.fasta,50.4,0,3735,15672418,2500,4196.1,21056,Pycnococcus provasolii,cellular organisms,Eukaryota,Viridiplantae,Chlorophyta,prasinophyte incertae sedis,Pycnococcaceae,Pycnococcus,Pycnococcus provasolii,,,,,,,,,,,,,,,,,,
EUK_TARA_RED_19_MAG_00044.fasta,42.6,0.8,11838,44055336,2500,3721.5,21449,Paracyclopina nana,cellular organisms,Eukaryota,Opisthokonta,Metazoa,Eumetazoa,Bilateria,Protostomia,Ecdysozoa,Panarthropoda,Arthropoda,Mandibulata,Pancrustacea,Crustacea,Multicrustacea,Hexanauplia,Copepoda,Neocopepoda,Podoplea,Cyclopoida,Cyclopettidae,Paracyclopina,Paracyclopina nana,,,,
EUK_TARA_RED_19_MAG_00048.fasta,52.7,0,4628,25221201,2500,5449.7,65027,Neocalanus flemingeri,cellular organisms,Eukaryota,Opisthokonta,Metazoa,Eumetazoa,Bilateria,Protostomia,Ecdysozoa,Panarthropoda,Arthropoda,Mandibulata,Pancrustacea,Crustacea,Multicrustacea,Hexanauplia,Copepoda,Neocopepoda,Gymnoplea,Calanoida,Calanidae,Neocalanus,Neocalanus flemingeri,,,,
EUK_TARA_RED_19_MAG_00051.fasta,34.1,0,15345,55101989,2500,3590.9,19942,Paracyclopina nana,cellular organisms,Eukaryota,Opisthokonta,Metazoa,Eumetazoa,Bilateria,Protostomia,Ecdysozoa,Panarthropoda,Arthropoda,Mandibulata,Pancrustacea,Crustacea,Multicrustacea,Hexanauplia,Copepoda,Neocopepoda,Podoplea,Cyclopoida,Cyclopettidae,Paracyclopina,Paracyclopina nana,,,,
EUK_TARA_RED_19_MAG_00052.fasta,33.3,0,6904,27021468,2500,3913.9,26703,Neocalanus flemingeri,cellular organisms,Eukaryota,Opisthokonta,Metazoa,Eumetazoa,Bilateria,Protostomia,Ecdysozoa,Panarthropoda,Arthropoda,Mandibulata,Pancrustacea,Crustacea,Multicrustacea,Hexanauplia,Copepoda,Neocopepoda,Gymnoplea,Calanoida,Calanidae,Neocalanus,Neocalanus flemingeri,,,,
EUK_TARA_RED_19_MAG_00054.fasta,65.1,0,12951,56992149,2500,4400.6,23253,Paracyclopina nana,cellular organisms,Eukaryota,Opisthokonta,Metazoa,Eumetazoa,Bilateria,Protostomia,Ecdysozoa,Panarthropoda,Arthropoda,Mandibulata,Pancrustacea,Crustacea,Multicrustacea,Hexanauplia,Copepoda,Neocopepoda,Podoplea,Cyclopoida,Cyclopettidae,Paracyclopina,Paracyclopina nana,,,,
EUK_TARA_RED_19_MAG_00056.fasta,63.6,0,13202,53855219,2500,4079.3,28634,Neocalanus flemingeri,cellular organisms,Eukaryota,Opisthokonta,Metazoa,Eumetazoa,Bilateria,Protostomia,Ecdysozoa,Panarthropoda,Arthropoda,Mandibulata,Pancrustacea,Crustacea,Multicrustacea,Hexanauplia,Copepoda,Neocopepoda,Gymnoplea,Calanoida,Calanidae,Neocalanus,Neocalanus flemingeri,,,,
EUK_TARA_RED_19_MAG_00057.fasta,49.6,0,9329,35116391,2500,3764.2,22459,Paracyclopina nana,cellular organisms,Eukaryota,Opisthokonta,Metazoa,Eumetazoa,Bilateria,Protostomia,Ecdysozoa,Panarthropoda,Arthropoda,Mandibulata,Pancrustacea,Crustacea,Multicrustacea,Hexanauplia,Copepoda,Neocopepoda,Podoplea,Cyclopoida,Cyclopettidae,Paracyclopina,Paracyclopina nana,,,,
EUK_TARA_RED_2018_MAG_00112.fasta,58.1,0,2921,13083156,2501,4479,20035,Paraphysomonas,cellular organisms,Eukaryota,Sar,Stramenopiles,Ochrophyta,Chrysophyceae,Chromulinales,Paraphysomonadaceae,Paraphysomonas,,,,,,,,,,,,,,,,,
EUK_TARA_SOC_28_MAG_00031.fasta,86.8,0,7206,38589172,2500,5355.1,33249,Fragilariopsis,cellular organisms,Eukaryota,Sar,Stramenopiles,Ochrophyta,Bacillariophyta,Bacillariophyceae,Bacillariophycidae,Bacillariales,Bacillariaceae,Fragilariopsis,,,,,,,,,,,,,,,
EUK_TARA_SOC_28_MAG_00037.fasta,89.9,0,3201,30419621,2500,9503.2,75631,Chaetoceros,cellular organisms,Eukaryota,Sar,Stramenopiles,Ochrophyta,Bacillariophyta,Coscinodiscophyceae,Chaetocerotophycidae,Chaetocerotales,Chaetocerotaceae,Chaetoceros,,,,,,,,,,,,,,,
EUK_TARA_SOC_28_MAG_00048.fasta,72.1,0,6376,41050116,2500,6438.2,65744,Alexandrium,cellular organisms,Eukaryota,Sar,Alveolata,Dinophyceae,Gonyaulacales,Pyrocystaceae,Alexandrium,,,,,,,,,,,,,,,,,,
EUK_TARA_SOC_28_MAG_00049.fasta,65.9,0,419520,1324717407,1500,3157.7,38112,Thalassiosira,cellular organisms,Eukaryota,Sar,Stramenopiles,Ochrophyta,Bacillariophyta,Coscinodiscophyceae,Thalassiosirophycidae,Thalassiosirales,Thalassiosiraceae,Thalassiosira,,,,,,,,,,,,,,,
EUK_TARA_SOC_28_MAG_00050.fasta,77.5,0,5282,34248969,2501,6484.1,65271,Acanthoeca,cellular organisms,Eukaryota,Opisthokonta,Choanoflagellata,Acanthoecida,Acanthoecidae,Acanthoeca,,,,,,,,,,,,,,,,,,,
EUK_TARA_SOC_28_MAG_00051.fasta,70.5,0,7006,36762235,2500,5247.3,55321,Alexandrium,cellular organisms,Eukaryota,Sar,Alveolata,Dinophyceae,Gonyaulacales,Pyrocystaceae,Alexandrium,,,,,,,,,,,,,,,,,,
EUK_TARA_SOC_28_MAG_00052.fasta,51.2,0,5503,25936738,2500,4713.2,53760,Alexandrium,cellular organisms,Eukaryota,Sar,Alveolata,Dinophyceae,Gonyaulacales,Pyrocystaceae,Alexandrium,,,,,,,,,,,,,,,,,,
EUK_TARA_SOC_28_MAG_00053.fasta,63.6,0,7914,35827447,2500,4527.1,30229,Acanthoeca,cellular organisms,Eukaryota,Opisthokonta,Choanoflagellata,Acanthoecida,Acanthoecidae,Acanthoeca,,,,,,,,,,,,,,,,,,,
EUK_TARA_SOC_28_MAG_00054.fasta,48.8,0,9280,40317473,2500,4344.6,48821,Acanthoeca,cellular organisms,Eukaryota,Opisthokonta,Choanoflagellata,Acanthoecida,Acanthoecidae,Acanthoeca,,,,,,,,,,,,,,,,,,,
EUK_TARA_SOC_28_MAG_00055.fasta,36.4,0.8,7041,29510935,2500,4191.3,34623,Lingulodinium,cellular organisms,Eukaryota,Sar,Alveolata,Dinophyceae,Gonyaulacales,Lingulodiniaceae,Lingulodinium,,,,,,,,,,,,,,,,,,
EUK_TARA_SOC_28_MAG_00056.fasta,51.2,0,8029,32132466,2500,4002.1,27302,Phaeocystis,cellular organisms,Eukaryota,Haptista,Haptophyta,Prymnesiophyceae,Phaeocystales,Phaeocystaceae,Phaeocystis,,,,,,,,,,,,,,,,,,
EUK_TARA_SOC_28_MAG_00058.fasta,45.7,0,8468,28216636,2500,3332.1,13089,Neocalanus flemingeri,cellular organisms,Eukaryota,Opisthokonta,Metazoa,Eumetazoa,Bilateria,Protostomia,Ecdysozoa,Panarthropoda,Arthropoda,Mandibulata,Pancrustacea,Crustacea,Multicrustacea,Hexanauplia,Copepoda,Neocopepoda,Gymnoplea,Calanoida,Calanidae,Neocalanus,Neocalanus flemingeri,,,,
EUK_TARA_SOC_28_MAG_00062.fasta,49.6,0,12421,54694077,2500,4403.4,28920,Acanthoeca,cellular organisms,Eukaryota,Opisthokonta,Choanoflagellata,Acanthoecida,Acanthoecidae,Acanthoeca,,,,,,,,,,,,,,,,,,,
EUK_TARA_SOC_28_MAG_00063.fasta,44.2,0,11258,52297821,2500,4645.4,46381,Acanthoeca,cellular organisms,Eukaryota,Opisthokonta,Choanoflagellata,Acanthoecida,Acanthoecidae,Acanthoeca,,,,,,,,,,,,,,,,,,,
EUK_TARA_SOC_28_MAG_00065.fasta,55.8,0,20555,86587607,2500,4212.5,26750,Acanthoeca,cellular organisms,Eukaryota,Opisthokonta,Choanoflagellata,Acanthoecida,Acanthoecidae,Acanthoeca,,,,,,,,,,,,,,,,,,,
EUK_TARA_SOC_28_MAG_00068.fasta,31.8,0,6430,23704154,2500,3686.5,17903,Aurantiochytrium,cellular organisms,Eukaryota,Sar,Stramenopiles,Bigyra,Labyrinthulomycetes,Thraustochytrida,Thraustochytriaceae,Aurantiochytrium,,,,,,,,,,,,,,,,,
EUK_TARA_SOC_28_MAG_00071.fasta,52.7,0,3998,16160340,2500,4042.1,24464,Fragilariopsis,cellular organisms,Eukaryota,Sar,Stramenopiles,Ochrophyta,Bacillariophyta,Bacillariophyceae,Bacillariophycidae,Bacillariales,Bacillariaceae,Fragilariopsis,,,,,,,,,,,,,,,
EUK_TARA_SOC_28_MAG_00072.fasta,58.9,0,17992,81665795,2500,4539,44056,Acanthoeca,cellular organisms,Eukaryota,Opisthokonta,Choanoflagellata,Acanthoecida,Acanthoecidae,Acanthoeca,,,,,,,,,,,,,,,,,,,
EUK_TARA_SOC_28_MAG_00074.fasta,62,0,9055,41048232,2500,4533.2,26126,Phaeocystis,cellular organisms,Eukaryota,Haptista,Haptophyta,Prymnesiophyceae,Phaeocystales,Phaeocystaceae,Phaeocystis,,,,,,,,,,,,,,,,,,
EUK_TARA_SOC_28_MAG_00077.fasta,79.8,0,18094,93608600,2500,5173.5,37741,Chaetoceros,cellular organisms,Eukaryota,Sar,Stramenopiles,Ochrophyta,Bacillariophyta,Coscinodiscophyceae,Chaetocerotophycidae,Chaetocerotales,Chaetocerotaceae,Chaetoceros,,,,,,,,,,,,,,,
EUK_TARA_SOC_28_MAG_00078.fasta,43.4,0,15723,80076982,2500,5093,44016,Acanthoeca,cellular organisms,Eukaryota,Opisthokonta,Choanoflagellata,Acanthoecida,Acanthoecidae,Acanthoeca,,,,,,,,,,,,,,,,,,,
EUK_TARA_SOC_28_MAG_00079.fasta,83.7,0,18008,102524951,2500,5693.3,65097,Acanthoeca,cellular organisms,Eukaryota,Opisthokonta,Choanoflagellata,Acanthoecida,Acanthoecidae,Acanthoeca,,,,,,,,,,,,,,,,,,,
EUK_TOPAZ_IOD1_E001.fasta,55.8,0.8,8377,37074820,2500,4425.8,26595,Geminigera,cellular organisms,Eukaryota,Cryptophyceae,Pyrenomonadales,Geminigeraceae,Geminigera,,,,,,,,,,,,,,,,,,,,
EUK_TOPAZ_IOD1_E003.fasta,51.2,0,7112,30740252,2500,4322.3,38823,Chrysochromulina,cellular organisms,Eukaryota,Haptista,Haptophyta,Prymnesiophyceae,Prymnesiales,Chrysochromulinaceae,Chrysochromulina,,,,,,,,,,,,,,,,,,
EUK_TOPAZ_IOD1_E004.fasta,49.6,0,9102,39191221,2500,4305.8,24846,Chrysochromulina,cellular organisms,Eukaryota,Haptista,Haptophyta,Prymnesiophyceae,Prymnesiales,Chrysochromulinaceae,Chrysochromulina,,,,,,,,,,,,,,,,,,
EUK_TOPAZ_IOD1_E008.fasta,65.1,0.8,5508,25519293,2500,4633.1,28803,Stramenopiles sp. MAST-4A-sp1,cellular organisms,Eukaryota,Sar,Stramenopiles,unclassified stramenopiles,MASTs group,Stramenopiles sp. MAST-4A-sp1,,,,,,,,,,,,,,,,,,,
EUK_TOPAZ_IOD1_E010.fasta,42.6,0,4387,17808078,2500,4059.3,17817,Alexandrium,cellular organisms,Eukaryota,Sar,Alveolata,Dinophyceae,Gonyaulacales,Pyrocystaceae,Alexandrium,,,,,,,,,,,,,,,,,,
EUK_TOPAZ_IOD1_E011.fasta,68.2,5.4,7262,33529673,2500,4617.1,21371,Stramenopiles sp. MAST-4C-sp1,cellular organisms,Eukaryota,Sar,Stramenopiles,unclassified stramenopiles,MASTs group,Stramenopiles sp. MAST-4C-sp1,,,,,,,,,,,,,,,,,,,
EUK_TOPAZ_IOD1_E013.fasta,50.4,0,2199,9161534,2501,4166.2,20743,Tetraselmis,cellular organisms,Eukaryota,Viridiplantae,Chlorophyta,core chlorophytes,Chlorodendrophyceae,Chlorodendrales,Chlorodendraceae,Tetraselmis,,,,,,,,,,,,,,,,,
EUK_TOPAZ_IOD1_E015.fasta,30.2,0,2369,8828126,2502,3726.5,12270,Alexandrium,cellular organisms,Eukaryota,Sar,Alveolata,Dinophyceae,Gonyaulacales,Pyrocystaceae,Alexandrium,,,,,,,,,,,,,,,,,,
EUK_TOPAZ_IOD1_E017.fasta,34.9,0,3633,16049173,2500,4417.6,26510,Stramenopiles sp. MAST-4C-sp1,cellular organisms,Eukaryota,Sar,Stramenopiles,unclassified stramenopiles,MASTs group,Stramenopiles sp. MAST-4C-sp1,,,,,,,,,,,,,,,,,,,
EUK_TOPAZ_IOD3_E001.fasta,64.3,0.8,15552,60166704,2500,3868.7,27143,Paracyclopina nana,cellular organisms,Eukaryota,Opisthokonta,Metazoa,Eumetazoa,Bilateria,Protostomia,Ecdysozoa,Panarthropoda,Arthropoda,Mandibulata,Pancrustacea,Crustacea,Multicrustacea,Hexanauplia,Copepoda,Neocopepoda,Podoplea,Cyclopoida,Cyclopettidae,Paracyclopina,Paracyclopina nana,,,,
EUK_TOPAZ_IOD3_E005.fasta,30.2,0,6764,25138288,2500,3716.5,19331,Calanus finmarchicus,cellular organisms,Eukaryota,Opisthokonta,Metazoa,Eumetazoa,Bilateria,Protostomia,Ecdysozoa,Panarthropoda,Arthropoda,Mandibulata,Pancrustacea,Crustacea,Multicrustacea,Hexanauplia,Copepoda,Neocopepoda,Gymnoplea,Calanoida,Calanidae,Calanus,Calanus finmarchicus,,,,
EUK_TOPAZ_IOD3_E008.fasta,72.9,1.6,8560,40076237,2500,4681.8,50363,Oithona nana,cellular organisms,Eukaryota,Opisthokonta,Metazoa,Eumetazoa,Bilateria,Protostomia,Ecdysozoa,Panarthropoda,Arthropoda,Mandibulata,Pancrustacea,Crustacea,Multicrustacea,Hexanauplia,Copepoda,Neocopepoda,Podoplea,Cyclopoida,Oithonidae,Oithona,Oithona nana,,,,
EUK_TOPAZ_IOD3_E009.fasta,41.1,0,1404,5673067,2500,4040.6,47095,Ostreococcus,cellular organisms,Eukaryota,Viridiplantae,Chlorophyta,Mamiellophyceae,Mamiellales,Bathycoccaceae,Ostreococcus,,,,,,,,,,,,,,,,,,
EUK_TOPAZ_IOD3_E010.fasta,33.3,0,1628,6595895,2500,4051.5,19466,Bathycoccus,cellular organisms,Eukaryota,Viridiplantae,Chlorophyta,Mamiellophyceae,Mamiellales,Bathycoccaceae,Bathycoccus,,,,,,,,,,,,,,,,,,
EUK_TOPAZ_IOD3_E011.fasta,31,0,5966,23039502,2500,3861.8,24351,Oikopleura dioica,cellular organisms,Eukaryota,Opisthokonta,Metazoa,Eumetazoa,Bilateria,Deuterostomia,Chordata,Tunicata,Appendicularia,Copelata,Oikopleuridae,Oikopleura,Oikopleura dioica,,,,,,,,,,,,
EUK_TOPAZ_IOD3_E012.fasta,30.2,0,2288,8629447,2501,3771.6,19264,Neocalanus flemingeri,cellular organisms,Eukaryota,Opisthokonta,Metazoa,Eumetazoa,Bilateria,Protostomia,Ecdysozoa,Panarthropoda,Arthropoda,Mandibulata,Pancrustacea,Crustacea,Multicrustacea,Hexanauplia,Copepoda,Neocopepoda,Gymnoplea,Calanoida,Calanidae,Neocalanus,Neocalanus flemingeri,,,,
EUK_TOPAZ_IOF1_E001.fasta,36.4,0,3059,12790725,2500,4181.3,19056,Thecamonas trahens ATCC 50062,cellular organisms,Eukaryota,Apusozoa,Apusomonadida,Apusomonadidae,Thecamonas,Thecamonas trahens,Thecamonas trahens ATCC 50062,,,,,,,,,,,,,,,,,,
EUK_TOPAZ_IOM1_E001.fasta,45.7,0,1291,12615435,2500,9771.8,58719,Hapsidospora chrysogenum ATCC 11550,cellular organisms,Eukaryota,Opisthokonta,Fungi,Dikarya,Ascomycota,saccharomyceta,Pezizomycotina,leotiomyceta,sordariomyceta,Sordariomycetes,Hypocreomycetidae,Hypocreales,Bionectriaceae,Hapsidospora,Hapsidospora chrysogena,Hapsidospora chrysogenum ATCC 11550,,,,,,,,,
EUK_TOPAZ_IOM1_E004.fasta,89.9,0,502,12503747,2516,24907.9,181642,Candida parapsilosis,cellular organisms,Eukaryota,Opisthokonta,Fungi,Dikarya,Ascomycota,saccharomyceta,Saccharomycotina,Pichiomycetes,Serinales,Debaryomycetaceae,Candida/Lodderomyces clade,Candida,Candida parapsilosis,,,,,,,,,,,,
EUK_TOPAZ_IOS1_E002.fasta,45.7,0.8,4089,16596095,2500,4058.7,19081,Paraphysomonas,cellular organisms,Eukaryota,Sar,Stramenopiles,Ochrophyta,Chrysophyceae,Chromulinales,Paraphysomonadaceae,Paraphysomonas,,,,,,,,,,,,,,,,,
EUK_TOPAZ_IOS1_E003.fasta,30.2,0,1129,3873942,2500,3431.3,9281,Paraphysomonas,cellular organisms,Eukaryota,Sar,Stramenopiles,Ochrophyta,Chrysophyceae,Chromulinales,Paraphysomonadaceae,Paraphysomonas,,,,,,,,,,,,,,,,,
EUK_TOPAZ_IOS1_E005.fasta,63.6,0,7633,37901682,2500,4965.5,32467,Chrysochromulina,cellular organisms,Eukaryota,Haptista,Haptophyta,Prymnesiophyceae,Prymnesiales,Chrysochromulinaceae,Chrysochromulina,,,,,,,,,,,,,,,,,,
EUK_TOPAZ_IOS1_E006.fasta,72.1,1.6,6916,34521783,2500,4991.6,34368,Stramenopiles sp. MAST-4C-sp1,cellular organisms,Eukaryota,Sar,Stramenopiles,unclassified stramenopiles,MASTs group,Stramenopiles sp. MAST-4C-sp1,,,,,,,,,,,,,,,,,,,
EUK_TOPAZ_IOS1_E008.fasta,50.4,0,5727,23517011,2500,4106.3,18647,Paraphysomonas,cellular organisms,Eukaryota,Sar,Stramenopiles,Ochrophyta,Chrysophyceae,Chromulinales,Paraphysomonadaceae,Paraphysomonas,,,,,,,,,,,,,,,,,
EUK_TOPAZ_IOS1_E009.fasta,41.9,0,4427,18485280,2500,4175.6,19939,Stramenopiles sp. MAST-4C-sp1,cellular organisms,Eukaryota,Sar,Stramenopiles,unclassified stramenopiles,MASTs group,Stramenopiles sp. MAST-4C-sp1,,,,,,,,,,,,,,,,,,,
EUK_TOPAZ_IOS1_E010.fasta,56.6,0,2817,12954518,2501,4598.7,27851,Pyramimonas,cellular organisms,Eukaryota,Viridiplantae,Chlorophyta,Pyramimonadophyceae,Pyramimonadales,Pyramimonadaceae,Pyramimonas,,,,,,,,,,,,,,,,,,
EUK_TOPAZ_IOS1_E013.fasta,71.3,0.8,9681,51377091,2500,5307,44605,Acanthoeca,cellular organisms,Eukaryota,Opisthokonta,Choanoflagellata,Acanthoecida,Acanthoecidae,Acanthoeca,,,,,,,,,,,,,,,,,,,
EUK_TOPAZ_IOS1_E018.fasta,55,0.8,6121,25401375,2500,4149.9,19428,Alexandrium,cellular organisms,Eukaryota,Sar,Alveolata,Dinophyceae,Gonyaulacales,Pyrocystaceae,Alexandrium,,,,,,,,,,,,,,,,,,
EUK_TOPAZ_IOS1_E019.fasta,67.4,0,6053,31107337,2500,5139.2,40066,Stramenopiles sp. MAST-4B-sp1,cellular organisms,Eukaryota,Sar,Stramenopiles,unclassified stramenopiles,MASTs group,Stramenopiles sp. MAST-4B-sp1,,,,,,,,,,,,,,,,,,,
EUK_TOPAZ_IOS1_E022.fasta,56.6,1.6,4612,20317423,2500,4405.3,23620,Alexandrium,cellular organisms,Eukaryota,Sar,Alveolata,Dinophyceae,Gonyaulacales,Pyrocystaceae,Alexandrium,,,,,,,,,,,,,,,,,,
EUK_TOPAZ_IOS1_E026.fasta,44.2,0.8,4942,18655281,2500,3774.8,17642,Paraphysomonas,cellular organisms,Eukaryota,Sar,Stramenopiles,Ochrophyta,Chrysophyceae,Chromulinales,Paraphysomonadaceae,Paraphysomonas,,,,,,,,,,,,,,,,,
EUK_TOPAZ_IOS1_E028.fasta,31.8,0,1566,5776314,2501,3688.6,16596,Paraphysomonas,cellular organisms,Eukaryota,Sar,Stramenopiles,Ochrophyta,Chrysophyceae,Chromulinales,Paraphysomonadaceae,Paraphysomonas,,,,,,,,,,,,,,,,,
EUK_TOPAZ_IOS1_E029.fasta,65.1,0,2963,11456815,2500,3866.6,21554,Tetraselmis,cellular organisms,Eukaryota,Viridiplantae,Chlorophyta,core chlorophytes,Chlorodendrophyceae,Chlorodendrales,Chlorodendraceae,Tetraselmis,,,,,,,,,,,,,,,,,
EUK_TOPAZ_IOS1_E030.fasta,87.6,3.9,6886,40418542,2500,5869.7,49452,Alexandrium,cellular organisms,Eukaryota,Sar,Alveolata,Dinophyceae,Gonyaulacales,Pyrocystaceae,Alexandrium,,,,,,,,,,,,,,,,,,
EUK_TOPAZ_IOS1_E033.fasta,39.5,2.3,15606,55758875,2500,3572.9,17751,Acanthoeca,cellular organisms,Eukaryota,Opisthokonta,Choanoflagellata,Acanthoecida,Acanthoecidae,Acanthoeca,,,,,,,,,,,,,,,,,,,
EUK_TOPAZ_IOS1_E035.fasta,48.1,0,2079,8118284,2500,3904.9,21009,Micromonas,cellular organisms,Eukaryota,Viridiplantae,Chlorophyta,Mamiellophyceae,Mamiellales,Mamiellaceae,Micromonas,,,,,,,,,,,,,,,,,,
EUK_TOPAZ_IOS1_E036.fasta,40.3,0,5452,24649110,2500,4521.1,27538,Goniomonas,cellular organisms,Eukaryota,Cryptophyceae,Cyathomonadacea,Goniomonadaceae,Goniomonas,,,,,,,,,,,,,,,,,,,,
EUK_TOPAZ_IOS1_E040.fasta,42.6,0.8,2492,9015461,2500,3617.8,13817,Micromonas,cellular organisms,Eukaryota,Viridiplantae,Chlorophyta,Mamiellophyceae,Mamiellales,Mamiellaceae,Micromonas,,,,,,,,,,,,,,,,,,
EUK_TOPAZ_IOS1_E042.fasta,78.3,0.8,3157,18628559,2500,5900.7,39489,Paraphysomonas,cellular organisms,Eukaryota,Sar,Stramenopiles,Ochrophyta,Chrysophyceae,Chromulinales,Paraphysomonadaceae,Paraphysomonas,,,,,,,,,,,,,,,,,
EUK_TOPAZ_IOS2_E002.fasta,71.3,0,3249,18868071,2500,5807.3,28972,Cylindrotheca,cellular organisms,Eukaryota,Sar,Stramenopiles,Ochrophyta,Bacillariophyta,Bacillariophyceae,Bacillariophycidae,Bacillariales,Bacillariaceae,Cylindrotheca,,,,,,,,,,,,,,,
EUK_TOPAZ_IOS2_E007.fasta,58.9,9.3,28883,136623641,2500,4730.2,28822,Paracyclopina nana,cellular organisms,Eukaryota,Opisthokonta,Metazoa,Eumetazoa,Bilateria,Protostomia,Ecdysozoa,Panarthropoda,Arthropoda,Mandibulata,Pancrustacea,Crustacea,Multicrustacea,Hexanauplia,Copepoda,Neocopepoda,Podoplea,Cyclopoida,Cyclopettidae,Paracyclopina,Paracyclopina nana,,,,
EUK_TOPAZ_IOS3_E005.fasta,56.6,0,11093,49709635,2500,4481.2,45327,Calanus finmarchicus,cellular organisms,Eukaryota,Opisthokonta,Metazoa,Eumetazoa,Bilateria,Protostomia,Ecdysozoa,Panarthropoda,Arthropoda,Mandibulata,Pancrustacea,Crustacea,Multicrustacea,Hexanauplia,Copepoda,Neocopepoda,Gymnoplea,Calanoida,Calanidae,Calanus,Calanus finmarchicus,,,,
EUK_TOPAZ_IOS3_E011.fasta,63.6,0,11085,48941103,2500,4415.1,27945,Neocalanus flemingeri,cellular organisms,Eukaryota,Opisthokonta,Metazoa,Eumetazoa,Bilateria,Protostomia,Ecdysozoa,Panarthropoda,Arthropoda,Mandibulata,Pancrustacea,Crustacea,Multicrustacea,Hexanauplia,Copepoda,Neocopepoda,Gymnoplea,Calanoida,Calanidae,Neocalanus,Neocalanus flemingeri,,,,
EUK_TOPAZ_IOS3_E012.fasta,72.9,0,7777,35277364,2500,4536.1,54249,Oithona nana,cellular organisms,Eukaryota,Opisthokonta,Metazoa,Eumetazoa,Bilateria,Protostomia,Ecdysozoa,Panarthropoda,Arthropoda,Mandibulata,Pancrustacea,Crustacea,Multicrustacea,Hexanauplia,Copepoda,Neocopepoda,Podoplea,Cyclopoida,Oithonidae,Oithona,Oithona nana,,,,
EUK_TOPAZ_IOS3_E020.fasta,54.3,0.8,9326,36176498,2500,3879.1,29143,Paracyclopina nana,cellular organisms,Eukaryota,Opisthokonta,Metazoa,Eumetazoa,Bilateria,Protostomia,Ecdysozoa,Panarthropoda,Arthropoda,Mandibulata,Pancrustacea,Crustacea,Multicrustacea,Hexanauplia,Copepoda,Neocopepoda,Podoplea,Cyclopoida,Cyclopettidae,Paracyclopina,Paracyclopina nana,,,,
EUK_TOPAZ_IOS4_E002.fasta,36.4,0,4916,22101800,2500,4495.9,38316,Oikopleura dioica,cellular organisms,Eukaryota,Opisthokonta,Metazoa,Eumetazoa,Bilateria,Deuterostomia,Chordata,Tunicata,Appendicularia,Copelata,Oikopleuridae,Oikopleura,Oikopleura dioica,,,,,,,,,,,,
EUK_TOPAZ_IOS4_E005.fasta,71.3,0,1593,24584986,2503,15433.1,179673,Tetraselmis,cellular organisms,Eukaryota,Viridiplantae,Chlorophyta,core chlorophytes,Chlorodendrophyceae,Chlorodendrales,Chlorodendraceae,Tetraselmis,,,,,,,,,,,,,,,,,
EUK_TOPAZ_IOS4_E008.fasta,50.4,0.8,14933,59760935,2500,4001.9,38553,Neocalanus flemingeri,cellular organisms,Eukaryota,Opisthokonta,Metazoa,Eumetazoa,Bilateria,Protostomia,Ecdysozoa,Panarthropoda,Arthropoda,Mandibulata,Pancrustacea,Crustacea,Multicrustacea,Hexanauplia,Copepoda,Neocopepoda,Gymnoplea,Calanoida,Calanidae,Neocalanus,Neocalanus flemingeri,,,,
EUK_TOPAZ_IOS4_E010.fasta,95.3,0,7609,76874338,2501,10103.1,95458,Daphnia pulex,cellular organisms,Eukaryota,Opisthokonta,Metazoa,Eumetazoa,Bilateria,Protostomia,Ecdysozoa,Panarthropoda,Arthropoda,Mandibulata,Pancrustacea,Crustacea,Branchiopoda,Phyllopoda,Diplostraca,Cladocera,Anomopoda,Daphniidae,Daphnia,Daphnia pulex,,,,,
EUK_TOPAZ_MSD1_E003.fasta,79.8,0,7403,50703571,2500,6849.1,61591,Acanthoeca,cellular organisms,Eukaryota,Opisthokonta,Choanoflagellata,Acanthoecida,Acanthoecidae,Acanthoeca,,,,,,,,,,,,,,,,,,,
EUK_TOPAZ_MSD1_E008.fasta,34.1,0,3687,15439349,2500,4187.5,20719,Paraphysomonas,cellular organisms,Eukaryota,Sar,Stramenopiles,Ochrophyta,Chrysophyceae,Chromulinales,Paraphysomonadaceae,Paraphysomonas,,,,,,,,,,,,,,,,,
EUK_TOPAZ_MSD1_E011.fasta,70.5,0.8,2302,14631117,2500,6355.8,49111,Micromonas,cellular organisms,Eukaryota,Viridiplantae,Chlorophyta,Mamiellophyceae,Mamiellales,Mamiellaceae,Micromonas,,,,,,,,,,,,,,,,,,
EUK_TOPAZ_MSD1_E012.fasta,54.3,0,7561,33981689,2500,4494.3,40137,Chrysochromulina,cellular organisms,Eukaryota,Haptista,Haptophyta,Prymnesiophyceae,Prymnesiales,Chrysochromulinaceae,Chrysochromulina,,,,,,,,,,,,,,,,,,
EUK_TOPAZ_MSD1_E013.fasta,33.3,0,3825,14737941,2500,3853.1,20880,Alexandrium,cellular organisms,Eukaryota,Sar,Alveolata,Dinophyceae,Gonyaulacales,Pyrocystaceae,Alexandrium,,,,,,,,,,,,,,,,,,
EUK_TOPAZ_MSD1_E014.fasta,62.8,7,4088,15026060,2500,3675.7,14600,Micromonas,cellular organisms,Eukaryota,Viridiplantae,Chlorophyta,Mamiellophyceae,Mamiellales,Mamiellaceae,Micromonas,,,,,,,,,,,,,,,,,,
EUK_TOPAZ_MSD1_E018.fasta,51.2,0,4332,18353312,2500,4236.7,18088,Alexandrium,cellular organisms,Eukaryota,Sar,Alveolata,Dinophyceae,Gonyaulacales,Pyrocystaceae,Alexandrium,,,,,,,,,,,,,,,,,,
EUK_TOPAZ_MSD2_E001.fasta,45.7,0,5540,20852726,2500,3764,22160,Neocalanus flemingeri,cellular organisms,Eukaryota,Opisthokonta,Metazoa,Eumetazoa,Bilateria,Protostomia,Ecdysozoa,Panarthropoda,Arthropoda,Mandibulata,Pancrustacea,Crustacea,Multicrustacea,Hexanauplia,Copepoda,Neocopepoda,Gymnoplea,Calanoida,Calanidae,Neocalanus,Neocalanus flemingeri,,,,
EUK_TOPAZ_MSD3_E001.fasta,62.8,0,10646,42610832,2500,4002.5,53058,Paracyclopina nana,cellular organisms,Eukaryota,Opisthokonta,Metazoa,Eumetazoa,Bilateria,Protostomia,Ecdysozoa,Panarthropoda,Arthropoda,Mandibulata,Pancrustacea,Crustacea,Multicrustacea,Hexanauplia,Copepoda,Neocopepoda,Podoplea,Cyclopoida,Cyclopettidae,Paracyclopina,Paracyclopina nana,,,,
EUK_TOPAZ_MSD3_E002.fasta,65.1,0.8,10898,42982022,2500,3944,25016,Paracyclopina nana,cellular organisms,Eukaryota,Opisthokonta,Metazoa,Eumetazoa,Bilateria,Protostomia,Ecdysozoa,Panarthropoda,Arthropoda,Mandibulata,Pancrustacea,Crustacea,Multicrustacea,Hexanauplia,Copepoda,Neocopepoda,Podoplea,Cyclopoida,Cyclopettidae,Paracyclopina,Paracyclopina nana,,,,
EUK_TOPAZ_MSD3_E004.fasta,34.9,0,3607,13841789,2500,3837.5,35160,Chaetoceros,cellular organisms,Eukaryota,Sar,Stramenopiles,Ochrophyta,Bacillariophyta,Coscinodiscophyceae,Chaetocerotophycidae,Chaetocerotales,Chaetocerotaceae,Chaetoceros,,,,,,,,,,,,,,,
EUK_TOPAZ_MSD3_E005.fasta,55,1.6,7153,27555318,2500,3852.3,22473,Oithona nana,cellular organisms,Eukaryota,Opisthokonta,Metazoa,Eumetazoa,Bilateria,Protostomia,Ecdysozoa,Panarthropoda,Arthropoda,Mandibulata,Pancrustacea,Crustacea,Multicrustacea,Hexanauplia,Copepoda,Neocopepoda,Podoplea,Cyclopoida,Oithonidae,Oithona,Oithona nana,,,,
EUK_TOPAZ_MSD3_E007.fasta,47.3,0,8307,30619613,2500,3686,24310,Neocalanus flemingeri,cellular organisms,Eukaryota,Opisthokonta,Metazoa,Eumetazoa,Bilateria,Protostomia,Ecdysozoa,Panarthropoda,Arthropoda,Mandibulata,Pancrustacea,Crustacea,Multicrustacea,Hexanauplia,Copepoda,Neocopepoda,Gymnoplea,Calanoida,Calanidae,Neocalanus,Neocalanus flemingeri,,,,
EUK_TOPAZ_MSD4_E004.fasta,47.3,0.8,8507,38396515,2500,4513.5,31986,Calanus finmarchicus,cellular organisms,Eukaryota,Opisthokonta,Metazoa,Eumetazoa,Bilateria,Protostomia,Ecdysozoa,Panarthropoda,Arthropoda,Mandibulata,Pancrustacea,Crustacea,Multicrustacea,Hexanauplia,Copepoda,Neocopepoda,Gymnoplea,Calanoida,Calanidae,Calanus,Calanus finmarchicus,,,,
EUK_TOPAZ_MSD4_E005.fasta,91.5,0,6785,81342419,2500,11988.6,181096,Daphnia pulex,cellular organisms,Eukaryota,Opisthokonta,Metazoa,Eumetazoa,Bilateria,Protostomia,Ecdysozoa,Panarthropoda,Arthropoda,Mandibulata,Pancrustacea,Crustacea,Branchiopoda,Phyllopoda,Diplostraca,Cladocera,Anomopoda,Daphniidae,Daphnia,Daphnia pulex,,,,,
EUK_TOPAZ_MSS1_E002.fasta,64.3,0,2042,10821051,2504,5299.2,33416,Pycnococcus,cellular organisms,Eukaryota,Viridiplantae,Chlorophyta,prasinophyte incertae sedis,Pycnococcaceae,Pycnococcus,,,,,,,,,,,,,,,,,,,
EUK_TOPAZ_MSS1_E003.fasta,65.1,0.8,6599,31526372,2500,4777.4,33555,Alexandrium,cellular organisms,Eukaryota,Sar,Alveolata,Dinophyceae,Gonyaulacales,Pyrocystaceae,Alexandrium,,,,,,,,,,,,,,,,,,
EUK_TOPAZ_MSS1_E004.fasta,63.6,0.8,8876,43168781,2500,4863.5,37401,Florenciella,cellular organisms,Eukaryota,Sar,Stramenopiles,Ochrophyta,Dictyochophyceae,Florenciellales,Florenciella,,,,,,,,,,,,,,,,,,
EUK_TOPAZ_MSS1_E006.fasta,58.9,0,2765,12921619,2500,4673.3,25728,Paraphysomonas,cellular organisms,Eukaryota,Sar,Stramenopiles,Ochrophyta,Chrysophyceae,Chromulinales,Paraphysomonadaceae,Paraphysomonas,,,,,,,,,,,,,,,,,
EUK_TOPAZ_MSS1_E010.fasta,64.3,0.8,2206,13259830,2500,6010.8,104224,Micromonas,cellular organisms,Eukaryota,Viridiplantae,Chlorophyta,Mamiellophyceae,Mamiellales,Mamiellaceae,Micromonas,,,,,,,,,,,,,,,,,,
EUK_TOPAZ_MSS1_E011.fasta,39.5,0,7312,38896993,2500,5319.6,36507,Florenciella,cellular organisms,Eukaryota,Sar,Stramenopiles,Ochrophyta,Dictyochophyceae,Florenciellales,Florenciella,,,,,,,,,,,,,,,,,,
EUK_TOPAZ_MSS1_E012.fasta,57.4,0.8,3127,15150242,2500,4845,24148,Paraphysomonas,cellular organisms,Eukaryota,Sar,Stramenopiles,Ochrophyta,Chrysophyceae,Chromulinales,Paraphysomonadaceae,Paraphysomonas,,,,,,,,,,,,,,,,,
EUK_TOPAZ_MSS1_E013.fasta,60.5,1.6,2185,10652802,2500,4875.4,25866,Bathycoccus prasinos,cellular organisms,Eukaryota,Viridiplantae,Chlorophyta,Mamiellophyceae,Mamiellales,Bathycoccaceae,Bathycoccus,Bathycoccus prasinos,,,,,,,,,,,,,,,,,
EUK_TOPAZ_MSS1_E015.fasta,47.3,0.8,14299,60150217,2500,4206.6,33706,Chrysochromulina,cellular organisms,Eukaryota,Haptista,Haptophyta,Prymnesiophyceae,Prymnesiales,Chrysochromulinaceae,Chrysochromulina,,,,,,,,,,,,,,,,,,
EUK_TOPAZ_MSS1_E020.fasta,36.4,1.6,3096,10653135,2500,3440.9,24213,Micromonas,cellular organisms,Eukaryota,Viridiplantae,Chlorophyta,Mamiellophyceae,Mamiellales,Mamiellaceae,Micromonas,,,,,,,,,,,,,,,,,,
EUK_TOPAZ_MSS1_E023.fasta,63.6,0,7773,40995347,2500,5274.1,38763,Acanthoeca,cellular organisms,Eukaryota,Opisthokonta,Choanoflagellata,Acanthoecida,Acanthoecidae,Acanthoeca,,,,,,,,,,,,,,,,,,,
EUK_TOPAZ_MSS1_E024.fasta,75.2,0,2894,20267861,2501,7003.4,53456,Paraphysomonas,cellular organisms,Eukaryota,Sar,Stramenopiles,Ochrophyta,Chrysophyceae,Chromulinales,Paraphysomonadaceae,Paraphysomonas,,,,,,,,,,,,,,,,,
EUK_TOPAZ_MSS1_E026.fasta,77.5,0,8083,51901868,2500,6421.1,51237,Acanthoeca,cellular organisms,Eukaryota,Opisthokonta,Choanoflagellata,Acanthoecida,Acanthoecidae,Acanthoeca,,,,,,,,,,,,,,,,,,,
EUK_TOPAZ_MSS1_E028.fasta,58.1,0,11561,54348515,2500,4701,32721,Florenciella,cellular organisms,Eukaryota,Sar,Stramenopiles,Ochrophyta,Dictyochophyceae,Florenciellales,Florenciella,,,,,,,,,,,,,,,,,,
EUK_TOPAZ_MSS2_E002.fasta,37.2,0,7937,27775890,2500,3499.5,19432,Paracyclopina nana,cellular organisms,Eukaryota,Opisthokonta,Metazoa,Eumetazoa,Bilateria,Protostomia,Ecdysozoa,Panarthropoda,Arthropoda,Mandibulata,Pancrustacea,Crustacea,Multicrustacea,Hexanauplia,Copepoda,Neocopepoda,Podoplea,Cyclopoida,Cyclopettidae,Paracyclopina,Paracyclopina nana,,,,
EUK_TOPAZ_MSS2_E005.fasta,46.5,0.8,9860,40680749,2500,4125.8,28485,Neocalanus flemingeri,cellular organisms,Eukaryota,Opisthokonta,Metazoa,Eumetazoa,Bilateria,Protostomia,Ecdysozoa,Panarthropoda,Arthropoda,Mandibulata,Pancrustacea,Crustacea,Multicrustacea,Hexanauplia,Copepoda,Neocopepoda,Gymnoplea,Calanoida,Calanidae,Neocalanus,Neocalanus flemingeri,,,,
EUK_TOPAZ_MSS2_E006.fasta,61.2,0,7317,31501618,2500,4305.3,26919,Oithona nana,cellular organisms,Eukaryota,Opisthokonta,Metazoa,Eumetazoa,Bilateria,Protostomia,Ecdysozoa,Panarthropoda,Arthropoda,Mandibulata,Pancrustacea,Crustacea,Multicrustacea,Hexanauplia,Copepoda,Neocopepoda,Podoplea,Cyclopoida,Oithonidae,Oithona,Oithona nana,,,,
EUK_TOPAZ_MSS2_E007.fasta,68.2,0,11860,51114229,2500,4309.8,32687,Neocalanus flemingeri,cellular organisms,Eukaryota,Opisthokonta,Metazoa,Eumetazoa,Bilateria,Protostomia,Ecdysozoa,Panarthropoda,Arthropoda,Mandibulata,Pancrustacea,Crustacea,Multicrustacea,Hexanauplia,Copepoda,Neocopepoda,Gymnoplea,Calanoida,Calanidae,Neocalanus,Neocalanus flemingeri,,,,
EUK_TOPAZ_MSS2_E008.fasta,55,0.8,5527,21445404,2500,3880.1,21223,Neocalanus flemingeri,cellular organisms,Eukaryota,Opisthokonta,Metazoa,Eumetazoa,Bilateria,Protostomia,Ecdysozoa,Panarthropoda,Arthropoda,Mandibulata,Pancrustacea,Crustacea,Multicrustacea,Hexanauplia,Copepoda,Neocopepoda,Gymnoplea,Calanoida,Calanidae,Neocalanus,Neocalanus flemingeri,,,,
EUK_TOPAZ_MSS3_E002.fasta,55.8,0.8,5465,22557034,2500,4127.5,26840,Oithona nana,cellular organisms,Eukaryota,Opisthokonta,Metazoa,Eumetazoa,Bilateria,Protostomia,Ecdysozoa,Panarthropoda,Arthropoda,Mandibulata,Pancrustacea,Crustacea,Multicrustacea,Hexanauplia,Copepoda,Neocopepoda,Podoplea,Cyclopoida,Oithonidae,Oithona,Oithona nana,,,,
EUK_TOPAZ_MSS3_E005.fasta,48.1,0,11392,49136601,2500,4313.3,30433,Paracyclopina nana,cellular organisms,Eukaryota,Opisthokonta,Metazoa,Eumetazoa,Bilateria,Protostomia,Ecdysozoa,Panarthropoda,Arthropoda,Mandibulata,Pancrustacea,Crustacea,Multicrustacea,Hexanauplia,Copepoda,Neocopepoda,Podoplea,Cyclopoida,Cyclopettidae,Paracyclopina,Paracyclopina nana,,,,
EUK_TOPAZ_MSS3_E006.fasta,75.2,0.8,12699,50420951,2500,3970.5,29992,Paracyclopina nana,cellular organisms,Eukaryota,Opisthokonta,Metazoa,Eumetazoa,Bilateria,Protostomia,Ecdysozoa,Panarthropoda,Arthropoda,Mandibulata,Pancrustacea,Crustacea,Multicrustacea,Hexanauplia,Copepoda,Neocopepoda,Podoplea,Cyclopoida,Cyclopettidae,Paracyclopina,Paracyclopina nana,,,,
EUK_TOPAZ_MSS3_E008.fasta,74.4,1.6,13091,64090423,2500,4895.8,33952,Calanus finmarchicus,cellular organisms,Eukaryota,Opisthokonta,Metazoa,Eumetazoa,Bilateria,Protostomia,Ecdysozoa,Panarthropoda,Arthropoda,Mandibulata,Pancrustacea,Crustacea,Multicrustacea,Hexanauplia,Copepoda,Neocopepoda,Gymnoplea,Calanoida,Calanidae,Calanus,Calanus finmarchicus,,,,
EUK_TOPAZ_MSS3_E010.fasta,46.5,0,9401,35163813,2500,3740.4,25104,Neocalanus flemingeri,cellular organisms,Eukaryota,Opisthokonta,Metazoa,Eumetazoa,Bilateria,Protostomia,Ecdysozoa,Panarthropoda,Arthropoda,Mandibulata,Pancrustacea,Crustacea,Multicrustacea,Hexanauplia,Copepoda,Neocopepoda,Gymnoplea,Calanoida,Calanidae,Neocalanus,Neocalanus flemingeri,,,,
EUK_TOPAZ_MSS3_E011.fasta,56.6,0,11636,51897780,2500,4460.1,43688,Neocalanus flemingeri,cellular organisms,Eukaryota,Opisthokonta,Metazoa,Eumetazoa,Bilateria,Protostomia,Ecdysozoa,Panarthropoda,Arthropoda,Mandibulata,Pancrustacea,Crustacea,Multicrustacea,Hexanauplia,Copepoda,Neocopepoda,Gymnoplea,Calanoida,Calanidae,Neocalanus,Neocalanus flemingeri,,,,
EUK_TOPAZ_MSS3_E013.fasta,51.2,1.6,8861,41664737,2500,4702,33768,Calanus finmarchicus,cellular organisms,Eukaryota,Opisthokonta,Metazoa,Eumetazoa,Bilateria,Protostomia,Ecdysozoa,Panarthropoda,Arthropoda,Mandibulata,Pancrustacea,Crustacea,Multicrustacea,Hexanauplia,Copepoda,Neocopepoda,Gymnoplea,Calanoida,Calanidae,Calanus,Calanus finmarchicus,,,,
EUK_TOPAZ_MSS3_E014.fasta,39.5,0.8,5781,21614600,2500,3738.9,25231,Oithona nana,cellular organisms,Eukaryota,Opisthokonta,Metazoa,Eumetazoa,Bilateria,Protostomia,Ecdysozoa,Panarthropoda,Arthropoda,Mandibulata,Pancrustacea,Crustacea,Multicrustacea,Hexanauplia,Copepoda,Neocopepoda,Podoplea,Cyclopoida,Oithonidae,Oithona,Oithona nana,,,,
EUK_TOPAZ_MSS3_E018.fasta,40.3,0,13277,48645056,2500,3663.9,24951,Paracyclopina nana,cellular organisms,Eukaryota,Opisthokonta,Metazoa,Eumetazoa,Bilateria,Protostomia,Ecdysozoa,Panarthropoda,Arthropoda,Mandibulata,Pancrustacea,Crustacea,Multicrustacea,Hexanauplia,Copepoda,Neocopepoda,Podoplea,Cyclopoida,Cyclopettidae,Paracyclopina,Paracyclopina nana,,,,
EUK_TOPAZ_MSS4_E005.fasta,45,0.8,8686,41835148,2500,4816.4,39703,Calanus finmarchicus,cellular organisms,Eukaryota,Opisthokonta,Metazoa,Eumetazoa,Bilateria,Protostomia,Ecdysozoa,Panarthropoda,Arthropoda,Mandibulata,Pancrustacea,Crustacea,Multicrustacea,Hexanauplia,Copepoda,Neocopepoda,Gymnoplea,Calanoida,Calanidae,Calanus,Calanus finmarchicus,,,,
EUK_TOPAZ_MSS4_E006.fasta,49.6,0,1901,38593904,2500,20301.9,165209,Daphnia pulex,cellular organisms,Eukaryota,Opisthokonta,Metazoa,Eumetazoa,Bilateria,Protostomia,Ecdysozoa,Panarthropoda,Arthropoda,Mandibulata,Pancrustacea,Crustacea,Branchiopoda,Phyllopoda,Diplostraca,Cladocera,Anomopoda,Daphniidae,Daphnia,Daphnia pulex,,,,,
EUK_TOPAZ_MSS4_E009.fasta,56.6,0,7591,34297889,2500,4518.2,36223,Neocalanus flemingeri,cellular organisms,Eukaryota,Opisthokonta,Metazoa,Eumetazoa,Bilateria,Protostomia,Ecdysozoa,Panarthropoda,Arthropoda,Mandibulata,Pancrustacea,Crustacea,Multicrustacea,Hexanauplia,Copepoda,Neocopepoda,Gymnoplea,Calanoida,Calanidae,Neocalanus,Neocalanus flemingeri,,,,
EUK_TOPAZ_MSS4_E010.fasta,45.7,0,11240,50960555,2500,4533.9,50714,Oikopleura dioica,cellular organisms,Eukaryota,Opisthokonta,Metazoa,Eumetazoa,Bilateria,Deuterostomia,Chordata,Tunicata,Appendicularia,Copelata,Oikopleuridae,Oikopleura,Oikopleura dioica,,,,,,,,,,,,
EUK_TOPAZ_NAD1_E001.fasta,79.1,0,1397,11109709,2501,7952.5,47791,Ostreococcus,cellular organisms,Eukaryota,Viridiplantae,Chlorophyta,Mamiellophyceae,Mamiellales,Bathycoccaceae,Ostreococcus,,,,,,,,,,,,,,,,,,
EUK_TOPAZ_NAD1_E003.fasta,63.6,0,1915,10728225,2501,5602.2,42299,Bathycoccus,cellular organisms,Eukaryota,Viridiplantae,Chlorophyta,Mamiellophyceae,Mamiellales,Bathycoccaceae,Bathycoccus,,,,,,,,,,,,,,,,,,
EUK_TOPAZ_NAD1_E007.fasta,56.6,0.8,2047,9555789,2501,4668.2,23688,Bathycoccus prasinos,cellular organisms,Eukaryota,Viridiplantae,Chlorophyta,Mamiellophyceae,Mamiellales,Bathycoccaceae,Bathycoccus,Bathycoccus prasinos,,,,,,,,,,,,,,,,,
EUK_TOPAZ_NAD1_E008.fasta,43.4,0,5557,20679987,2500,3721.4,15541,Geminigera,cellular organisms,Eukaryota,Cryptophyceae,Pyrenomonadales,Geminigeraceae,Geminigera,,,,,,,,,,,,,,,,,,,,
EUK_TOPAZ_NAD2_E002.fasta,40.3,0,2418,9848934,2501,4073.2,24543,Neocalanus flemingeri,cellular organisms,Eukaryota,Opisthokonta,Metazoa,Eumetazoa,Bilateria,Protostomia,Ecdysozoa,Panarthropoda,Arthropoda,Mandibulata,Pancrustacea,Crustacea,Multicrustacea,Hexanauplia,Copepoda,Neocopepoda,Gymnoplea,Calanoida,Calanidae,Neocalanus,Neocalanus flemingeri,,,,
EUK_TOPAZ_NAD3_E004.fasta,39.5,0,3057,12548371,2500,4104.8,19806,Neocalanus flemingeri,cellular organisms,Eukaryota,Opisthokonta,Metazoa,Eumetazoa,Bilateria,Protostomia,Ecdysozoa,Panarthropoda,Arthropoda,Mandibulata,Pancrustacea,Crustacea,Multicrustacea,Hexanauplia,Copepoda,Neocopepoda,Gymnoplea,Calanoida,Calanidae,Neocalanus,Neocalanus flemingeri,,,,
EUK_TOPAZ_NAD3_E006.fasta,48.1,0,5771,21373687,2500,3703.6,21578,Paracyclopina nana,cellular organisms,Eukaryota,Opisthokonta,Metazoa,Eumetazoa,Bilateria,Protostomia,Ecdysozoa,Panarthropoda,Arthropoda,Mandibulata,Pancrustacea,Crustacea,Multicrustacea,Hexanauplia,Copepoda,Neocopepoda,Podoplea,Cyclopoida,Cyclopettidae,Paracyclopina,Paracyclopina nana,,,,
EUK_TOPAZ_NAD3_E007.fasta,51.9,0,8728,32382587,2500,3710.2,36904,Neocalanus flemingeri,cellular organisms,Eukaryota,Opisthokonta,Metazoa,Eumetazoa,Bilateria,Protostomia,Ecdysozoa,Panarthropoda,Arthropoda,Mandibulata,Pancrustacea,Crustacea,Multicrustacea,Hexanauplia,Copepoda,Neocopepoda,Gymnoplea,Calanoida,Calanidae,Neocalanus,Neocalanus flemingeri,,,,
EUK_TOPAZ_NAM1_E004.fasta,93,0,1054,17041196,2500,16168.1,121638,Leucosporidium scottii,cellular organisms,Eukaryota,Opisthokonta,Fungi,Dikarya,Basidiomycota,Pucciniomycotina,Microbotryomycetes,Leucosporidiales,Leucosporidiaceae,Leucosporidium,Leucosporidium scottii,,,,,,,,,,,,,,
EUK_TOPAZ_NAS1_E003.fasta,62.8,0,2046,11086750,2503,5418.7,34620,Bathycoccus,cellular organisms,Eukaryota,Viridiplantae,Chlorophyta,Mamiellophyceae,Mamiellales,Bathycoccaceae,Bathycoccus,,,,,,,,,,,,,,,,,,
EUK_TOPAZ_NAS1_E005.fasta,38.8,0,12674,51021374,2500,4025.7,23640,Acanthoeca,cellular organisms,Eukaryota,Opisthokonta,Choanoflagellata,Acanthoecida,Acanthoecidae,Acanthoeca,,,,,,,,,,,,,,,,,,,
EUK_TOPAZ_NAS1_E006.fasta,65.9,0,8635,43119938,2500,4993.6,28511,Chrysochromulina,cellular organisms,Eukaryota,Haptista,Haptophyta,Prymnesiophyceae,Prymnesiales,Chrysochromulinaceae,Chrysochromulina,,,,,,,,,,,,,,,,,,
EUK_TOPAZ_NAS1_E008.fasta,66.7,0,7022,37884584,2500,5395.1,97996,Symbiodinium,cellular organisms,Eukaryota,Sar,Alveolata,Dinophyceae,Suessiales,Symbiodiniaceae,Symbiodinium,,,,,,,,,,,,,,,,,,
EUK_TOPAZ_NAS1_E009.fasta,34.1,0,3534,13698861,2500,3876.3,28591,Paraphysomonas,cellular organisms,Eukaryota,Sar,Stramenopiles,Ochrophyta,Chrysophyceae,Chromulinales,Paraphysomonadaceae,Paraphysomonas,,,,,,,,,,,,,,,,,
EUK_TOPAZ_NAS1_E011.fasta,77.5,0,3240,18248213,2500,5632.2,35385,Pycnococcus provasolii,cellular organisms,Eukaryota,Viridiplantae,Chlorophyta,prasinophyte incertae sedis,Pycnococcaceae,Pycnococcus,Pycnococcus provasolii,,,,,,,,,,,,,,,,,,
EUK_TOPAZ_NAS1_E012.fasta,78.3,0,10620,61297137,2500,5771.9,51523,Chrysochromulina,cellular organisms,Eukaryota,Haptista,Haptophyta,Prymnesiophyceae,Prymnesiales,Chrysochromulinaceae,Chrysochromulina,,,,,,,,,,,,,,,,,,
EUK_TOPAZ_NAS1_E015.fasta,71.3,0,9115,46687515,2500,5122.1,38203,Acanthoeca,cellular organisms,Eukaryota,Opisthokonta,Choanoflagellata,Acanthoecida,Acanthoecidae,Acanthoeca,,,,,,,,,,,,,,,,,,,
EUK_TOPAZ_NAS1_E016.fasta,44.2,0.8,10119,40095441,2500,3962.4,31566,Chrysochromulina,cellular organisms,Eukaryota,Haptista,Haptophyta,Prymnesiophyceae,Prymnesiales,Chrysochromulinaceae,Chrysochromulina,,,,,,,,,,,,,,,,,,
EUK_TOPAZ_NAS1_E020.fasta,82.9,0,2257,13441167,2501,5955.3,40138,Chloropicon roscoffensis,cellular organisms,Eukaryota,Viridiplantae,Chlorophyta,Chloropicophyceae,Chloropicales,Chloropicaceae,Chloropicon,Chloropicon roscoffensis,,,,,,,,,,,,,,,,,
EUK_TOPAZ_NAS1_E022.fasta,45.7,0,1906,7997983,2500,4196.2,29512,Bathycoccus prasinos,cellular organisms,Eukaryota,Viridiplantae,Chlorophyta,Mamiellophyceae,Mamiellales,Bathycoccaceae,Bathycoccus,Bathycoccus prasinos,,,,,,,,,,,,,,,,,
EUK_TOPAZ_NAS1_E023.fasta,64.3,0,6025,40054496,2500,6648,51652,Acanthoeca,cellular organisms,Eukaryota,Opisthokonta,Choanoflagellata,Acanthoecida,Acanthoecidae,Acanthoeca,,,,,,,,,,,,,,,,,,,
EUK_TOPAZ_NAS1_E031.fasta,67.4,0,2542,14107344,2500,5549.7,42053,Micromonas,cellular organisms,Eukaryota,Viridiplantae,Chlorophyta,Mamiellophyceae,Mamiellales,Mamiellaceae,Micromonas,,,,,,,,,,,,,,,,,,
EUK_TOPAZ_NAS1_E032.fasta,35.7,0.8,5813,24572841,2500,4227.2,35472,Alexandrium,cellular organisms,Eukaryota,Sar,Alveolata,Dinophyceae,Gonyaulacales,Pyrocystaceae,Alexandrium,,,,,,,,,,,,,,,,,,
EUK_TOPAZ_NAS1_E035.fasta,93,0,2844,23320267,2500,8199.8,49784,Cylindrotheca,cellular organisms,Eukaryota,Sar,Stramenopiles,Ochrophyta,Bacillariophyta,Bacillariophyceae,Bacillariophycidae,Bacillariales,Bacillariaceae,Cylindrotheca,,,,,,,,,,,,,,,
EUK_TOPAZ_NAS1_E036.fasta,66.7,0,10562,47703070,2501,4516.5,28112,Acanthoeca,cellular organisms,Eukaryota,Opisthokonta,Choanoflagellata,Acanthoecida,Acanthoecidae,Acanthoeca,,,,,,,,,,,,,,,,,,,
EUK_TOPAZ_NAS1_E038.fasta,43.4,0,8193,32462185,2500,3962.2,20897,Chrysochromulina sp. KB-HA01,cellular organisms,Eukaryota,Haptista,Haptophyta,Prymnesiophyceae,Prymnesiales,Chrysochromulinaceae,Chrysochromulina,unclassified Chrysochromulina,Chrysochromulina sp. KB-HA01,,,,,,,,,,,,,,,,
EUK_TOPAZ_NAS2_E002.fasta,34.9,0,4706,17299512,2500,3676.1,23683,Oithona nana,cellular organisms,Eukaryota,Opisthokonta,Metazoa,Eumetazoa,Bilateria,Protostomia,Ecdysozoa,Panarthropoda,Arthropoda,Mandibulata,Pancrustacea,Crustacea,Multicrustacea,Hexanauplia,Copepoda,Neocopepoda,Podoplea,Cyclopoida,Oithonidae,Oithona,Oithona nana,,,,
EUK_TOPAZ_NAS2_E003.fasta,41.1,0,5421,19384878,2500,3575.9,16566,Neocalanus flemingeri,cellular organisms,Eukaryota,Opisthokonta,Metazoa,Eumetazoa,Bilateria,Protostomia,Ecdysozoa,Panarthropoda,Arthropoda,Mandibulata,Pancrustacea,Crustacea,Multicrustacea,Hexanauplia,Copepoda,Neocopepoda,Gymnoplea,Calanoida,Calanidae,Neocalanus,Neocalanus flemingeri,,,,
EUK_TOPAZ_NAS3_E002.fasta,42.6,0,3016,11956947,2500,3964.5,21024,Neocalanus flemingeri,cellular organisms,Eukaryota,Opisthokonta,Metazoa,Eumetazoa,Bilateria,Protostomia,Ecdysozoa,Panarthropoda,Arthropoda,Mandibulata,Pancrustacea,Crustacea,Multicrustacea,Hexanauplia,Copepoda,Neocopepoda,Gymnoplea,Calanoida,Calanidae,Neocalanus,Neocalanus flemingeri,,,,
EUK_TOPAZ_NAS3_E007.fasta,76,0.8,12991,60533308,2500,4659.6,34773,Neocalanus flemingeri,cellular organisms,Eukaryota,Opisthokonta,Metazoa,Eumetazoa,Bilateria,Protostomia,Ecdysozoa,Panarthropoda,Arthropoda,Mandibulata,Pancrustacea,Crustacea,Multicrustacea,Hexanauplia,Copepoda,Neocopepoda,Gymnoplea,Calanoida,Calanidae,Neocalanus,Neocalanus flemingeri,,,,
EUK_TOPAZ_NAS3_E008.fasta,37.2,0,5964,22067464,2500,3700.1,34484,Paracyclopina nana,cellular organisms,Eukaryota,Opisthokonta,Metazoa,Eumetazoa,Bilateria,Protostomia,Ecdysozoa,Panarthropoda,Arthropoda,Mandibulata,Pancrustacea,Crustacea,Multicrustacea,Hexanauplia,Copepoda,Neocopepoda,Podoplea,Cyclopoida,Cyclopettidae,Paracyclopina,Paracyclopina nana,,,,
EUK_TOPAZ_NAS3_E009.fasta,42.6,0,2937,12114566,2500,4124.8,20602,Neocalanus flemingeri,cellular organisms,Eukaryota,Opisthokonta,Metazoa,Eumetazoa,Bilateria,Protostomia,Ecdysozoa,Panarthropoda,Arthropoda,Mandibulata,Pancrustacea,Crustacea,Multicrustacea,Hexanauplia,Copepoda,Neocopepoda,Gymnoplea,Calanoida,Calanidae,Neocalanus,Neocalanus flemingeri,,,,
EUK_TOPAZ_NAS4_E011.fasta,41.9,0,7596,32089620,2500,4224.5,35768,Oikopleura dioica,cellular organisms,Eukaryota,Opisthokonta,Metazoa,Eumetazoa,Bilateria,Deuterostomia,Chordata,Tunicata,Appendicularia,Copelata,Oikopleuridae,Oikopleura,Oikopleura dioica,,,,,,,,,,,,
EUK_TOPAZ_NAX1_E001.fasta,31.8,0,4335,16117966,2500,3718.1,20235,Neocalanus flemingeri,cellular organisms,Eukaryota,Opisthokonta,Metazoa,Eumetazoa,Bilateria,Protostomia,Ecdysozoa,Panarthropoda,Arthropoda,Mandibulata,Pancrustacea,Crustacea,Multicrustacea,Hexanauplia,Copepoda,Neocopepoda,Gymnoplea,Calanoida,Calanidae,Neocalanus,Neocalanus flemingeri,,,,
EUK_TOPAZ_NAX1_E002.fasta,59.7,0,5957,31472487,2500,5283.3,69714,Choanoeca perplexa,cellular organisms,Eukaryota,Opisthokonta,Choanoflagellata,Craspedida,Salpingoecidae,Choanoeca,Choanoeca perplexa,,,,,,,,,,,,,,,,,,
EUK_TOPAZ_NAX1_E003.fasta,63.6,0.8,10883,45080681,2500,4142.3,27342,Geminigera,cellular organisms,Eukaryota,Cryptophyceae,Pyrenomonadales,Geminigeraceae,Geminigera,,,,,,,,,,,,,,,,,,,,
EUK_TOPAZ_NAX1_E007.fasta,57.4,1.6,4635,23521002,2500,5074.6,40218,Paraphysomonas,cellular organisms,Eukaryota,Sar,Stramenopiles,Ochrophyta,Chrysophyceae,Chromulinales,Paraphysomonadaceae,Paraphysomonas,,,,,,,,,,,,,,,,,
EUK_TOPAZ_NAX1_E008.fasta,85.3,0,2073,14624875,2500,7054.9,46546,Chloropicon roscoffensis,cellular organisms,Eukaryota,Viridiplantae,Chlorophyta,Chloropicophyceae,Chloropicales,Chloropicaceae,Chloropicon,Chloropicon roscoffensis,,,,,,,,,,,,,,,,,
EUK_TOPAZ_NAX1_E009.fasta,87.6,0,3790,26175893,2501,6906.6,43751,Prasinoderma singulare,cellular organisms,Eukaryota,Viridiplantae,Prasinodermophyta,Prasinodermophyceae,Prasinodermales,Prasinodermaceae,Prasinoderma,Prasinoderma singulare,,,,,,,,,,,,,,,,,
EUK_TOPAZ_NAX1_E010.fasta,40.3,0,5437,22905208,2500,4212.8,37024,Alexandrium,cellular organisms,Eukaryota,Sar,Alveolata,Dinophyceae,Gonyaulacales,Pyrocystaceae,Alexandrium,,,,,,,,,,,,,,,,,,
EUK_TOPAZ_NAX1_E011.fasta,72.1,0.8,11329,55151024,2500,4868.1,33796,Acanthoeca,cellular organisms,Eukaryota,Opisthokonta,Choanoflagellata,Acanthoecida,Acanthoecidae,Acanthoeca,,,,,,,,,,,,,,,,,,,
EUK_TOPAZ_NAX1_E014.fasta,67.4,0,5190,23891864,2500,4603.4,29598,Fragilariopsis,cellular organisms,Eukaryota,Sar,Stramenopiles,Ochrophyta,Bacillariophyta,Bacillariophyceae,Bacillariophycidae,Bacillariales,Bacillariaceae,Fragilariopsis,,,,,,,,,,,,,,,
EUK_TOPAZ_NAX1_E015.fasta,58.1,0,6225,30040325,2500,4825.8,52801,Chrysochromulina,cellular organisms,Eukaryota,Haptista,Haptophyta,Prymnesiophyceae,Prymnesiales,Chrysochromulinaceae,Chrysochromulina,,,,,,,,,,,,,,,,,,
EUK_TOPAZ_NAX1_E017.fasta,40.3,0,10670,45877050,2500,4299.6,23902,Telonema subtile,cellular organisms,Eukaryota,Eukaryota incertae sedis,Telonemida,Telonema,Telonema subtile,,,,,,,,,,,,,,,,,,,,
EUK_TOPAZ_NAX1_E020.fasta,75.2,0,6661,40128315,2500,6024.4,98336,Symbiodinium,cellular organisms,Eukaryota,Sar,Alveolata,Dinophyceae,Suessiales,Symbiodiniaceae,Symbiodinium,,,,,,,,,,,,,,,,,,
EUK_TOPAZ_NAX1_E021.fasta,42.6,2.3,4794,19217273,2500,4008.6,17642,Alexandrium,cellular organisms,Eukaryota,Sar,Alveolata,Dinophyceae,Gonyaulacales,Pyrocystaceae,Alexandrium,,,,,,,,,,,,,,,,,,
EUK_TOPAZ_NAX1_E022.fasta,67.4,0.8,2107,11590277,2500,5500.8,33489,Bathycoccus prasinos,cellular organisms,Eukaryota,Viridiplantae,Chlorophyta,Mamiellophyceae,Mamiellales,Bathycoccaceae,Bathycoccus,Bathycoccus prasinos,,,,,,,,,,,,,,,,,
EUK_TOPAZ_NAX3_E003.fasta,30.2,0,3171,12347123,2500,3893.8,28718,Neocalanus flemingeri,cellular organisms,Eukaryota,Opisthokonta,Metazoa,Eumetazoa,Bilateria,Protostomia,Ecdysozoa,Panarthropoda,Arthropoda,Mandibulata,Pancrustacea,Crustacea,Multicrustacea,Hexanauplia,Copepoda,Neocopepoda,Gymnoplea,Calanoida,Calanidae,Neocalanus,Neocalanus flemingeri,,,,
EUK_TOPAZ_NAX3_E005.fasta,46.5,1.6,10648,42880865,2500,4027.1,22838,Tigriopus kingsejongensis,cellular organisms,Eukaryota,Opisthokonta,Metazoa,Eumetazoa,Bilateria,Protostomia,Ecdysozoa,Panarthropoda,Arthropoda,Mandibulata,Pancrustacea,Crustacea,Multicrustacea,Hexanauplia,Copepoda,Neocopepoda,Podoplea,Harpacticoida,Harpacticidae,Tigriopus,Tigriopus kingsejongensis,,,,
EUK_TOPAZ_NAX3_E006.fasta,45,0,4635,17787413,2500,3837.6,18717,Neocalanus flemingeri,cellular organisms,Eukaryota,Opisthokonta,Metazoa,Eumetazoa,Bilateria,Protostomia,Ecdysozoa,Panarthropoda,Arthropoda,Mandibulata,Pancrustacea,Crustacea,Multicrustacea,Hexanauplia,Copepoda,Neocopepoda,Gymnoplea,Calanoida,Calanidae,Neocalanus,Neocalanus flemingeri,,,,
EUK_TOPAZ_NPD1_E001.fasta,41.9,0,3623,14485088,2500,3998.1,18348,Alexandrium,cellular organisms,Eukaryota,Sar,Alveolata,Dinophyceae,Gonyaulacales,Pyrocystaceae,Alexandrium,,,,,,,,,,,,,,,,,,
EUK_TOPAZ_NPD1_E004.fasta,86.8,0.8,2199,13349276,2500,6070.6,42332,Chloropicon roscoffensis,cellular organisms,Eukaryota,Viridiplantae,Chlorophyta,Chloropicophyceae,Chloropicales,Chloropicaceae,Chloropicon,Chloropicon roscoffensis,,,,,,,,,,,,,,,,,
EUK_TOPAZ_NPD1_E009.fasta,65.9,0,1832,9028182,2500,4928,25399,Ostreococcus,cellular organisms,Eukaryota,Viridiplantae,Chlorophyta,Mamiellophyceae,Mamiellales,Bathycoccaceae,Ostreococcus,,,,,,,,,,,,,,,,,,
EUK_TOPAZ_NPD1_E011.fasta,84.5,0,4401,27193371,2503,6178.9,44531,Verruconis gallopava,cellular organisms,Eukaryota,Opisthokonta,Fungi,Dikarya,Ascomycota,saccharomyceta,Pezizomycotina,leotiomyceta,dothideomyceta,Dothideomycetes,Pleosporomycetidae,Venturiales,Sympoventuriaceae,Verruconis,Verruconis gallopava,,,,,,,,,,
EUK_TOPAZ_NPD1_E013.fasta,58.1,0,2265,11119432,2501,4909.2,38628,Bathycoccus prasinos,cellular organisms,Eukaryota,Viridiplantae,Chlorophyta,Mamiellophyceae,Mamiellales,Bathycoccaceae,Bathycoccus,Bathycoccus prasinos,,,,,,,,,,,,,,,,,
EUK_TOPAZ_NPD2_E001.fasta,81.4,0.8,2162,13094792,2500,6056.8,30130,Chloropicon roscoffensis,cellular organisms,Eukaryota,Viridiplantae,Chlorophyta,Chloropicophyceae,Chloropicales,Chloropicaceae,Chloropicon,Chloropicon roscoffensis,,,,,,,,,,,,,,,,,
EUK_TOPAZ_NPD2_E002.fasta,70.5,0,1936,11949089,2501,6172.1,37334,Pycnococcus,cellular organisms,Eukaryota,Viridiplantae,Chlorophyta,prasinophyte incertae sedis,Pycnococcaceae,Pycnococcus,,,,,,,,,,,,,,,,,,,
EUK_TOPAZ_NPD3_E009.fasta,30.2,0,8226,30585798,2500,3718.2,18434,Paracyclopina nana,cellular organisms,Eukaryota,Opisthokonta,Metazoa,Eumetazoa,Bilateria,Protostomia,Ecdysozoa,Panarthropoda,Arthropoda,Mandibulata,Pancrustacea,Crustacea,Multicrustacea,Hexanauplia,Copepoda,Neocopepoda,Podoplea,Cyclopoida,Cyclopettidae,Paracyclopina,Paracyclopina nana,,,,
EUK_TOPAZ_NPD3_E012.fasta,63.6,0,8220,39787943,2500,4840.4,51880,Oithona nana,cellular organisms,Eukaryota,Opisthokonta,Metazoa,Eumetazoa,Bilateria,Protostomia,Ecdysozoa,Panarthropoda,Arthropoda,Mandibulata,Pancrustacea,Crustacea,Multicrustacea,Hexanauplia,Copepoda,Neocopepoda,Podoplea,Cyclopoida,Oithonidae,Oithona,Oithona nana,,,,
EUK_TOPAZ_NPD3_E013.fasta,58.1,0,2007,8609452,2500,4289.7,16215,Chloropicon roscoffensis,cellular organisms,Eukaryota,Viridiplantae,Chlorophyta,Chloropicophyceae,Chloropicales,Chloropicaceae,Chloropicon,Chloropicon roscoffensis,,,,,,,,,,,,,,,,,
EUK_TOPAZ_NPD3_E015.fasta,30.2,0,3882,14669303,2500,3778.8,23466,Oikopleura dioica,cellular organisms,Eukaryota,Opisthokonta,Metazoa,Eumetazoa,Bilateria,Deuterostomia,Chordata,Tunicata,Appendicularia,Copelata,Oikopleuridae,Oikopleura,Oikopleura dioica,,,,,,,,,,,,
EUK_TOPAZ_NPD3_E017.fasta,36.4,0,4740,16750614,2500,3533.9,19606,Paracyclopina nana,cellular organisms,Eukaryota,Opisthokonta,Metazoa,Eumetazoa,Bilateria,Protostomia,Ecdysozoa,Panarthropoda,Arthropoda,Mandibulata,Pancrustacea,Crustacea,Multicrustacea,Hexanauplia,Copepoda,Neocopepoda,Podoplea,Cyclopoida,Cyclopettidae,Paracyclopina,Paracyclopina nana,,,,
EUK_TOPAZ_NPM1_E001.fasta,39.5,0,2298,9411754,2500,4095.6,15073,Halocafeteria seosinensis,cellular organisms,Eukaryota,Sar,Stramenopiles,Bigyra,Opalozoa,Bicosoecida,Bicosoecida incertae sedis,Halocafeteria,Halocafeteria seosinensis,,,,,,,,,,,,,,,,
EUK_TOPAZ_NPS1_E001.fasta,61.2,0.8,3859,16911809,2500,4382.4,21042,Prasinoderma singulare,cellular organisms,Eukaryota,Viridiplantae,Prasinodermophyta,Prasinodermophyceae,Prasinodermales,Prasinodermaceae,Prasinoderma,Prasinoderma singulare,,,,,,,,,,,,,,,,,
EUK_TOPAZ_NPS1_E004.fasta,68.2,0,2830,13714007,2501,4845.9,29127,Paraphysomonas,cellular organisms,Eukaryota,Sar,Stramenopiles,Ochrophyta,Chrysophyceae,Chromulinales,Paraphysomonadaceae,Paraphysomonas,,,,,,,,,,,,,,,,,
EUK_TOPAZ_NPS1_E006.fasta,31,0,3453,13677805,2500,3961.1,21222,Salpingoeca,cellular organisms,Eukaryota,Opisthokonta,Choanoflagellata,Craspedida,Salpingoecidae,Salpingoeca,,,,,,,,,,,,,,,,,,,
EUK_TOPAZ_NPS1_E007.fasta,87.6,0,1824,15607657,2500,8556.8,60783,Pycnococcus,cellular organisms,Eukaryota,Viridiplantae,Chlorophyta,prasinophyte incertae sedis,Pycnococcaceae,Pycnococcus,,,,,,,,,,,,,,,,,,,
EUK_TOPAZ_NPS1_E008.fasta,82.9,1.6,6057,36274658,2500,5988.9,45345,Alexandrium,cellular organisms,Eukaryota,Sar,Alveolata,Dinophyceae,Gonyaulacales,Pyrocystaceae,Alexandrium,,,,,,,,,,,,,,,,,,
EUK_TOPAZ_NPS1_E010.fasta,74.4,0,6437,34766066,2500,5401,83955,Symbiodinium,cellular organisms,Eukaryota,Sar,Alveolata,Dinophyceae,Suessiales,Symbiodiniaceae,Symbiodinium,,,,,,,,,,,,,,,,,,
EUK_TOPAZ_NPS1_E013.fasta,35.7,0,3884,16247831,2500,4183.3,27342,Stygamoeba,cellular organisms,Eukaryota,Amoebozoa,Discosea,Stygamoebida,Stygamoeba,,,,,,,,,,,,,,,,,,,,
EUK_TOPAZ_NPS1_E017.fasta,57.4,0,2919,11451153,2501,3923,21041,Tetraselmis,cellular organisms,Eukaryota,Viridiplantae,Chlorophyta,core chlorophytes,Chlorodendrophyceae,Chlorodendrales,Chlorodendraceae,Tetraselmis,,,,,,,,,,,,,,,,,
EUK_TOPAZ_NPS1_E022.fasta,61.2,2.3,10485,48940705,2500,4667.7,37351,Chrysochromulina,cellular organisms,Eukaryota,Haptista,Haptophyta,Prymnesiophyceae,Prymnesiales,Chrysochromulinaceae,Chrysochromulina,,,,,,,,,,,,,,,,,,
EUK_TOPAZ_NPS1_E024.fasta,67.4,0.8,2168,11867455,2502,5473.9,32492,Bathycoccus prasinos,cellular organisms,Eukaryota,Viridiplantae,Chlorophyta,Mamiellophyceae,Mamiellales,Bathycoccaceae,Bathycoccus,Bathycoccus prasinos,,,,,,,,,,,,,,,,,
EUK_TOPAZ_NPS1_E025.fasta,45,4.7,11664,42902581,2500,3678.2,13967,Acanthoeca,cellular organisms,Eukaryota,Opisthokonta,Choanoflagellata,Acanthoecida,Acanthoecidae,Acanthoeca,,,,,,,,,,,,,,,,,,,
EUK_TOPAZ_NPS1_E026.fasta,45.7,0,4475,17913528,2500,4003,22377,Alexandrium,cellular organisms,Eukaryota,Sar,Alveolata,Dinophyceae,Gonyaulacales,Pyrocystaceae,Alexandrium,,,,,,,,,,,,,,,,,,
EUK_TOPAZ_NPS2_E002.fasta,59.7,0,1875,9883623,2501,5271.3,25578,Pycnococcus,cellular organisms,Eukaryota,Viridiplantae,Chlorophyta,prasinophyte incertae sedis,Pycnococcaceae,Pycnococcus,,,,,,,,,,,,,,,,,,,
EUK_TOPAZ_NPS2_E004.fasta,40.3,0,10839,43872035,2500,4047.6,35663,Calanus finmarchicus,cellular organisms,Eukaryota,Opisthokonta,Metazoa,Eumetazoa,Bilateria,Protostomia,Ecdysozoa,Panarthropoda,Arthropoda,Mandibulata,Pancrustacea,Crustacea,Multicrustacea,Hexanauplia,Copepoda,Neocopepoda,Gymnoplea,Calanoida,Calanidae,Calanus,Calanus finmarchicus,,,,
EUK_TOPAZ_NPS2_E006.fasta,76,0,2143,12511814,2500,5838.5,27313,Chloropicon roscoffensis,cellular organisms,Eukaryota,Viridiplantae,Chlorophyta,Chloropicophyceae,Chloropicales,Chloropicaceae,Chloropicon,Chloropicon roscoffensis,,,,,,,,,,,,,,,,,
EUK_TOPAZ_NPS3_E001.fasta,48.8,2.3,15281,61813774,2500,4045.1,29737,Calanus finmarchicus,cellular organisms,Eukaryota,Opisthokonta,Metazoa,Eumetazoa,Bilateria,Protostomia,Ecdysozoa,Panarthropoda,Arthropoda,Mandibulata,Pancrustacea,Crustacea,Multicrustacea,Hexanauplia,Copepoda,Neocopepoda,Gymnoplea,Calanoida,Calanidae,Calanus,Calanus finmarchicus,,,,
EUK_TOPAZ_NPS3_E005.fasta,31,0,7528,27870994,2500,3702.3,33244,Neocalanus flemingeri,cellular organisms,Eukaryota,Opisthokonta,Metazoa,Eumetazoa,Bilateria,Protostomia,Ecdysozoa,Panarthropoda,Arthropoda,Mandibulata,Pancrustacea,Crustacea,Multicrustacea,Hexanauplia,Copepoda,Neocopepoda,Gymnoplea,Calanoida,Calanidae,Neocalanus,Neocalanus flemingeri,,,,
EUK_TOPAZ_NPS3_E006.fasta,61.2,0,7458,33873193,2500,4541.9,50901,Oithona nana,cellular organisms,Eukaryota,Opisthokonta,Metazoa,Eumetazoa,Bilateria,Protostomia,Ecdysozoa,Panarthropoda,Arthropoda,Mandibulata,Pancrustacea,Crustacea,Multicrustacea,Hexanauplia,Copepoda,Neocopepoda,Podoplea,Cyclopoida,Oithonidae,Oithona,Oithona nana,,,,
EUK_TOPAZ_NPS3_E009.fasta,31,0,9878,39025554,2500,3950.8,32159,Calanus finmarchicus,cellular organisms,Eukaryota,Opisthokonta,Metazoa,Eumetazoa,Bilateria,Protostomia,Ecdysozoa,Panarthropoda,Arthropoda,Mandibulata,Pancrustacea,Crustacea,Multicrustacea,Hexanauplia,Copepoda,Neocopepoda,Gymnoplea,Calanoida,Calanidae,Calanus,Calanus finmarchicus,,,,
EUK_TOPAZ_NPS3_E014.fasta,51.2,0,11569,44434059,2500,3840.8,26612,Paracyclopina nana,cellular organisms,Eukaryota,Opisthokonta,Metazoa,Eumetazoa,Bilateria,Protostomia,Ecdysozoa,Panarthropoda,Arthropoda,Mandibulata,Pancrustacea,Crustacea,Multicrustacea,Hexanauplia,Copepoda,Neocopepoda,Podoplea,Cyclopoida,Cyclopettidae,Paracyclopina,Paracyclopina nana,,,,
EUK_TOPAZ_NPS3_E015.fasta,74.4,0.8,2246,12167414,2502,5417.4,34589,Chloropicon roscoffensis,cellular organisms,Eukaryota,Viridiplantae,Chlorophyta,Chloropicophyceae,Chloropicales,Chloropicaceae,Chloropicon,Chloropicon roscoffensis,,,,,,,,,,,,,,,,,
EUK_TOPAZ_NPS3_E016.fasta,69.8,0,2043,11565473,2500,5661,43295,Pycnococcus,cellular organisms,Eukaryota,Viridiplantae,Chlorophyta,prasinophyte incertae sedis,Pycnococcaceae,Pycnococcus,,,,,,,,,,,,,,,,,,,
EUK_TOPAZ_NPS3_E021.fasta,59.7,0.8,11070,53116115,2500,4798.2,54808,Calanus finmarchicus,cellular organisms,Eukaryota,Opisthokonta,Metazoa,Eumetazoa,Bilateria,Protostomia,Ecdysozoa,Panarthropoda,Arthropoda,Mandibulata,Pancrustacea,Crustacea,Multicrustacea,Hexanauplia,Copepoda,Neocopepoda,Gymnoplea,Calanoida,Calanidae,Calanus,Calanus finmarchicus,,,,
EUK_TOPAZ_NPS4_E006.fasta,32.6,0,10795,41755598,2500,3868,33909,Neocalanus flemingeri,cellular organisms,Eukaryota,Opisthokonta,Metazoa,Eumetazoa,Bilateria,Protostomia,Ecdysozoa,Panarthropoda,Arthropoda,Mandibulata,Pancrustacea,Crustacea,Multicrustacea,Hexanauplia,Copepoda,Neocopepoda,Gymnoplea,Calanoida,Calanidae,Neocalanus,Neocalanus flemingeri,,,,
EUK_TOPAZ_RSD1_E001.fasta,55.8,0.8,1716,9564327,2500,5573.6,43812,Bathycoccus,cellular organisms,Eukaryota,Viridiplantae,Chlorophyta,Mamiellophyceae,Mamiellales,Bathycoccaceae,Bathycoccus,,,,,,,,,,,,,,,,,,
EUK_TOPAZ_RSS1_E004.fasta,86,0,478,12289756,2518,25710.8,229312,Ostreococcus,cellular organisms,Eukaryota,Viridiplantae,Chlorophyta,Mamiellophyceae,Mamiellales,Bathycoccaceae,Ostreococcus,,,,,,,,,,,,,,,,,,
EUK_TOPAZ_RSS1_E006.fasta,56.6,0,3474,15842334,2500,4560.3,24382,Pycnococcus provasolii,cellular organisms,Eukaryota,Viridiplantae,Chlorophyta,prasinophyte incertae sedis,Pycnococcaceae,Pycnococcus,Pycnococcus provasolii,,,,,,,,,,,,,,,,,,
EUK_TOPAZ_RSS1_E007.fasta,70.5,0,8559,45684866,2500,5337.6,39624,Geminigera,cellular organisms,Eukaryota,Cryptophyceae,Pyrenomonadales,Geminigeraceae,Geminigera,,,,,,,,,,,,,,,,,,,,
EUK_TOPAZ_RSS1_E008.fasta,71.3,0,2466,14702377,2500,5962,43859,Micromonas,cellular organisms,Eukaryota,Viridiplantae,Chlorophyta,Mamiellophyceae,Mamiellales,Mamiellaceae,Micromonas,,,,,,,,,,,,,,,,,,
EUK_TOPAZ_RSS3_E007.fasta,47.3,0.8,8644,35201072,2500,4072.3,43974,Calanus finmarchicus,cellular organisms,Eukaryota,Opisthokonta,Metazoa,Eumetazoa,Bilateria,Protostomia,Ecdysozoa,Panarthropoda,Arthropoda,Mandibulata,Pancrustacea,Crustacea,Multicrustacea,Hexanauplia,Copepoda,Neocopepoda,Gymnoplea,Calanoida,Calanidae,Calanus,Calanus finmarchicus,,,,
EUK_TOPAZ_RSS4_E004.fasta,37.2,0,7920,28203422,2500,3561,19137,Neocalanus flemingeri,cellular organisms,Eukaryota,Opisthokonta,Metazoa,Eumetazoa,Bilateria,Protostomia,Ecdysozoa,Panarthropoda,Arthropoda,Mandibulata,Pancrustacea,Crustacea,Multicrustacea,Hexanauplia,Copepoda,Neocopepoda,Gymnoplea,Calanoida,Calanidae,Neocalanus,Neocalanus flemingeri,,,,
EUK_TOPAZ_SAD1_E003.fasta,59.7,3.1,15695,70309975,2500,4479.8,39429,Phaeocystis cordata,cellular organisms,Eukaryota,Haptista,Haptophyta,Prymnesiophyceae,Phaeocystales,Phaeocystaceae,Phaeocystis,Phaeocystis cordata,,,,,,,,,,,,,,,,,
EUK_TOPAZ_SAD1_E006.fasta,83.7,0.8,1450,18195744,2500,12548.8,117955,Micromonas,cellular organisms,Eukaryota,Viridiplantae,Chlorophyta,Mamiellophyceae,Mamiellales,Mamiellaceae,Micromonas,,,,,,,,,,,,,,,,,,
EUK_TOPAZ_SAD1_E009.fasta,62.8,0,1962,11466796,2501,5844.4,43849,Bathycoccus prasinos,cellular organisms,Eukaryota,Viridiplantae,Chlorophyta,Mamiellophyceae,Mamiellales,Bathycoccaceae,Bathycoccus,Bathycoccus prasinos,,,,,,,,,,,,,,,,,
EUK_TOPAZ_SAD1_E010.fasta,63.6,0,5051,25011711,2500,4951.8,31029,Aureococcus,cellular organisms,Eukaryota,Sar,Stramenopiles,Ochrophyta,Pelagophyceae,Pelagomonadales,Pelagomonadaceae,Aureococcus,,,,,,,,,,,,,,,,,
EUK_TOPAZ_SAD1_E012.fasta,36.4,0,2324,11006609,2500,4736.1,37665,Alexandrium,cellular organisms,Eukaryota,Sar,Alveolata,Dinophyceae,Gonyaulacales,Pyrocystaceae,Alexandrium,,,,,,,,,,,,,,,,,,
EUK_TOPAZ_SAD1_E013.fasta,66.7,0.8,2048,10593160,2500,5172.4,39712,Bathycoccus,cellular organisms,Eukaryota,Viridiplantae,Chlorophyta,Mamiellophyceae,Mamiellales,Bathycoccaceae,Bathycoccus,,,,,,,,,,,,,,,,,,
EUK_TOPAZ_SAD1_E014.fasta,64.3,0,8968,38249927,2500,4265.2,20335,Chrysochromulina,cellular organisms,Eukaryota,Haptista,Haptophyta,Prymnesiophyceae,Prymnesiales,Chrysochromulinaceae,Chrysochromulina,,,,,,,,,,,,,,,,,,
EUK_TOPAZ_SAD1_E016.fasta,50.4,0,2759,11669075,2500,4229.5,17503,Micromonas,cellular organisms,Eukaryota,Viridiplantae,Chlorophyta,Mamiellophyceae,Mamiellales,Mamiellaceae,Micromonas,,,,,,,,,,,,,,,,,,
EUK_TOPAZ_SAD1_E017.fasta,86,7.8,11046,63331299,2500,5733.4,60929,Alexandrium,cellular organisms,Eukaryota,Sar,Alveolata,Dinophyceae,Gonyaulacales,Pyrocystaceae,Alexandrium,,,,,,,,,,,,,,,,,,
EUK_TOPAZ_SAD1_E024.fasta,51.9,0,4825,24678205,2500,5114.7,75953,Cafeteria,cellular organisms,Eukaryota,Sar,Stramenopiles,Bigyra,Opalozoa,Bicosoecida,Cafeteriaceae,Cafeteria,,,,,,,,,,,,,,,,,
EUK_TOPAZ_SAD1_E025.fasta,68.2,3.9,2140,15311467,2503,7154.9,53929,Paraphysomonas,cellular organisms,Eukaryota,Sar,Stramenopiles,Ochrophyta,Chrysophyceae,Chromulinales,Paraphysomonadaceae,Paraphysomonas,,,,,,,,,,,,,,,,,
EUK_TOPAZ_SAD1_E027.fasta,77.5,1.6,9690,52459685,2500,5413.8,46873,Geminigera,cellular organisms,Eukaryota,Cryptophyceae,Pyrenomonadales,Geminigeraceae,Geminigera,,,,,,,,,,,,,,,,,,,,
EUK_TOPAZ_SAD1_E030.fasta,93.8,0,1517,25369477,2526,16723.5,128157,Extubocellulus,cellular organisms,Eukaryota,Sar,Stramenopiles,Ochrophyta,Bacillariophyta,Mediophyceae,Cymatosirophycidae,Cymatosirales,Cymatosiraceae,Extubocellulus,,,,,,,,,,,,,,,
EUK_TOPAZ_SAD1_E033.fasta,74.4,3.1,7749,56335153,2500,7270,61976,Acanthoeca,cellular organisms,Eukaryota,Opisthokonta,Choanoflagellata,Acanthoecida,Acanthoecidae,Acanthoeca,,,,,,,,,,,,,,,,,,,
EUK_TOPAZ_SAD1_E034.fasta,77.5,1.6,17142,114597965,2500,6685.2,82336,Geminigera,cellular organisms,Eukaryota,Cryptophyceae,Pyrenomonadales,Geminigeraceae,Geminigera,,,,,,,,,,,,,,,,,,,,
EUK_TOPAZ_SAD1_E035.fasta,65.9,0,2496,10956111,2501,4389.5,21947,Crustomastix,cellular organisms,Eukaryota,Viridiplantae,Chlorophyta,Mamiellophyceae,Dolichomastigales,Crustomastigaceae,Crustomastix,,,,,,,,,,,,,,,,,,
EUK_TOPAZ_SAD1_E036.fasta,89.1,0,4024,26642286,2500,6620.8,45214,Prasinoderma singulare,cellular organisms,Eukaryota,Viridiplantae,Prasinodermophyta,Prasinodermophyceae,Prasinodermales,Prasinodermaceae,Prasinoderma,Prasinoderma singulare,,,,,,,,,,,,,,,,,
EUK_TOPAZ_SAD1_E038.fasta,82.2,0,3971,24167252,2500,6085.9,60274,Pycnococcus provasolii,cellular organisms,Eukaryota,Viridiplantae,Chlorophyta,prasinophyte incertae sedis,Pycnococcaceae,Pycnococcus,Pycnococcus provasolii,,,,,,,,,,,,,,,,,,
EUK_TOPAZ_SAD1_E041.fasta,82.2,0,7495,46291404,2500,6176.3,94793,Alexandrium,cellular organisms,Eukaryota,Sar,Alveolata,Dinophyceae,Gonyaulacales,Pyrocystaceae,Alexandrium,,,,,,,,,,,,,,,,,,
EUK_TOPAZ_SAD1_E042.fasta,38.8,2.3,30069,197236886,2500,6559.5,67459,Symbiodinium,cellular organisms,Eukaryota,Sar,Alveolata,Dinophyceae,Suessiales,Symbiodiniaceae,Symbiodinium,,,,,,,,,,,,,,,,,,
EUK_TOPAZ_SAD1_E043.fasta,69,0.8,7838,40761055,2500,5200.4,45063,Chrysochromulina,cellular organisms,Eukaryota,Haptista,Haptophyta,Prymnesiophyceae,Prymnesiales,Chrysochromulinaceae,Chrysochromulina,,,,,,,,,,,,,,,,,,
EUK_TOPAZ_SAD1_E045.fasta,52.7,0,8373,46753405,2500,5583.8,56020,Pyramimonas obovata,cellular organisms,Eukaryota,Viridiplantae,Chlorophyta,Pyramimonadophyceae,Pyramimonadales,Pyramimonadaceae,Pyramimonas,Pyramimonas incertae sedis,Pyramimonas obovata,,,,,,,,,,,,,,,,
EUK_TOPAZ_SAD3_E001.fasta,57.4,0,11757,46010750,2500,3913.5,29861,Paracyclopina nana,cellular organisms,Eukaryota,Opisthokonta,Metazoa,Eumetazoa,Bilateria,Protostomia,Ecdysozoa,Panarthropoda,Arthropoda,Mandibulata,Pancrustacea,Crustacea,Multicrustacea,Hexanauplia,Copepoda,Neocopepoda,Podoplea,Cyclopoida,Cyclopettidae,Paracyclopina,Paracyclopina nana,,,,
EUK_TOPAZ_SAD3_E005.fasta,31.8,0,1859,7992651,2500,4299.4,21690,Neocalanus flemingeri,cellular organisms,Eukaryota,Opisthokonta,Metazoa,Eumetazoa,Bilateria,Protostomia,Ecdysozoa,Panarthropoda,Arthropoda,Mandibulata,Pancrustacea,Crustacea,Multicrustacea,Hexanauplia,Copepoda,Neocopepoda,Gymnoplea,Calanoida,Calanidae,Neocalanus,Neocalanus flemingeri,,,,
EUK_TOPAZ_SAD4_E002.fasta,41.1,0,1583,6596394,2500,4167,19347,Neocalanus flemingeri,cellular organisms,Eukaryota,Opisthokonta,Metazoa,Eumetazoa,Bilateria,Protostomia,Ecdysozoa,Panarthropoda,Arthropoda,Mandibulata,Pancrustacea,Crustacea,Multicrustacea,Hexanauplia,Copepoda,Neocopepoda,Gymnoplea,Calanoida,Calanidae,Neocalanus,Neocalanus flemingeri,,,,
EUK_TOPAZ_SAM1_E007.fasta,63.6,0.8,2626,15679631,2500,5970.9,35112,Imantonia,cellular organisms,Eukaryota,Haptista,Haptophyta,Prymnesiophyceae,Prymnesiales,Prymnesiaceae,Imantonia,,,,,,,,,,,,,,,,,,
EUK_TOPAZ_SAS1_E003.fasta,41.9,0,7757,31132930,2500,4013.5,23221,Florenciella,cellular organisms,Eukaryota,Sar,Stramenopiles,Ochrophyta,Dictyochophyceae,Florenciellales,Florenciella,,,,,,,,,,,,,,,,,,
EUK_TOPAZ_SAS1_E004.fasta,71.3,7,21200,94313218,2500,4448.7,48265,Picozoa sp.,cellular organisms,Eukaryota,Eukaryota incertae sedis,Picozoa,unclassified Picozoa,Picozoa sp.,,,,,,,,,,,,,,,,,,,,
EUK_TOPAZ_SAS1_E005.fasta,51.9,0,1937,8739606,2500,4511.9,22546,Bathycoccus,cellular organisms,Eukaryota,Viridiplantae,Chlorophyta,Mamiellophyceae,Mamiellales,Bathycoccaceae,Bathycoccus,,,,,,,,,,,,,,,,,,
EUK_TOPAZ_SAS1_E008.fasta,94.6,0,416,19597285,2547,47108.9,292309,Micromonas,cellular organisms,Eukaryota,Viridiplantae,Chlorophyta,Mamiellophyceae,Mamiellales,Mamiellaceae,Micromonas,,,,,,,,,,,,,,,,,,
EUK_TOPAZ_SAS1_E009.fasta,78.3,0,5593,31976418,2500,5717.2,39116,Alexandrium,cellular organisms,Eukaryota,Sar,Alveolata,Dinophyceae,Gonyaulacales,Pyrocystaceae,Alexandrium,,,,,,,,,,,,,,,,,,
EUK_TOPAZ_SAS1_E010.fasta,60.5,7.8,4445,17475935,2500,3931.6,19127,Paraphysomonas,cellular organisms,Eukaryota,Sar,Stramenopiles,Ochrophyta,Chrysophyceae,Chromulinales,Paraphysomonadaceae,Paraphysomonas,,,,,,,,,,,,,,,,,
EUK_TOPAZ_SAS1_E011.fasta,58.1,0,5999,29058874,2500,4844,54252,Alexandrium,cellular organisms,Eukaryota,Sar,Alveolata,Dinophyceae,Gonyaulacales,Pyrocystaceae,Alexandrium,,,,,,,,,,,,,,,,,,
EUK_TOPAZ_SAS1_E015.fasta,33.3,0,4673,20294065,2500,4342.8,16995,Thalassiosira,cellular organisms,Eukaryota,Sar,Stramenopiles,Ochrophyta,Bacillariophyta,Coscinodiscophyceae,Thalassiosirophycidae,Thalassiosirales,Thalassiosiraceae,Thalassiosira,,,,,,,,,,,,,,,
EUK_TOPAZ_SAS1_E016.fasta,86,0,7909,59214341,2500,7487,71565,Geminigera,cellular organisms,Eukaryota,Cryptophyceae,Pyrenomonadales,Geminigeraceae,Geminigera,,,,,,,,,,,,,,,,,,,,
EUK_TOPAZ_SAS1_E018.fasta,76,0,6816,35650883,2501,5230.5,32280,Fragilariopsis,cellular organisms,Eukaryota,Sar,Stramenopiles,Ochrophyta,Bacillariophyta,Bacillariophyceae,Bacillariophycidae,Bacillariales,Bacillariaceae,Fragilariopsis,,,,,,,,,,,,,,,
EUK_TOPAZ_SAS1_E019.fasta,69,0.8,2775,18970540,2500,6836.2,44213,Paraphysomonas,cellular organisms,Eukaryota,Sar,Stramenopiles,Ochrophyta,Chrysophyceae,Chromulinales,Paraphysomonadaceae,Paraphysomonas,,,,,,,,,,,,,,,,,
EUK_TOPAZ_SAS1_E020.fasta,45,1.6,2832,16639933,2500,5875.7,41905,Prymnesium,cellular organisms,Eukaryota,Haptista,Haptophyta,Prymnesiophyceae,Prymnesiales,Prymnesiaceae,Prymnesium,,,,,,,,,,,,,,,,,,
EUK_TOPAZ_SAS1_E021.fasta,45,0,5292,23332683,2500,4409,40259,Alexandrium,cellular organisms,Eukaryota,Sar,Alveolata,Dinophyceae,Gonyaulacales,Pyrocystaceae,Alexandrium,,,,,,,,,,,,,,,,,,
EUK_TOPAZ_SAS1_E023.fasta,58.9,0,2986,12018847,2501,4025.1,15429,Micromonas,cellular organisms,Eukaryota,Viridiplantae,Chlorophyta,Mamiellophyceae,Mamiellales,Mamiellaceae,Micromonas,,,,,,,,,,,,,,,,,,
EUK_TOPAZ_SAS1_E026.fasta,58.1,0,15739,69336806,2500,4405.4,37609,Chrysochromulina,cellular organisms,Eukaryota,Haptista,Haptophyta,Prymnesiophyceae,Prymnesiales,Chrysochromulinaceae,Chrysochromulina,,,,,,,,,,,,,,,,,,
EUK_TOPAZ_SAS1_E027.fasta,62,0.8,2175,9941493,2501,4570.8,29432,Bathycoccus prasinos,cellular organisms,Eukaryota,Viridiplantae,Chlorophyta,Mamiellophyceae,Mamiellales,Bathycoccaceae,Bathycoccus,Bathycoccus prasinos,,,,,,,,,,,,,,,,,
EUK_TOPAZ_SAS1_E028.fasta,71.3,0,4271,23336389,2500,5463.9,32135,Acanthoeca,cellular organisms,Eukaryota,Opisthokonta,Choanoflagellata,Acanthoecida,Acanthoecidae,Acanthoeca,,,,,,,,,,,,,,,,,,,
EUK_TOPAZ_SAS1_E030.fasta,69.8,0,3848,18495269,2500,4806.5,30056,Pycnococcus provasolii,cellular organisms,Eukaryota,Viridiplantae,Chlorophyta,prasinophyte incertae sedis,Pycnococcaceae,Pycnococcus,Pycnococcus provasolii,,,,,,,,,,,,,,,,,,
EUK_TOPAZ_SAS1_E031.fasta,33.3,0,3324,13519416,2500,4067.2,19550,Alexandrium,cellular organisms,Eukaryota,Sar,Alveolata,Dinophyceae,Gonyaulacales,Pyrocystaceae,Alexandrium,,,,,,,,,,,,,,,,,,
EUK_TOPAZ_SAS1_E033.fasta,58.9,0,3731,15891193,2500,4259.2,19728,Prasinoderma singulare,cellular organisms,Eukaryota,Viridiplantae,Prasinodermophyta,Prasinodermophyceae,Prasinodermales,Prasinodermaceae,Prasinoderma,Prasinoderma singulare,,,,,,,,,,,,,,,,,
EUK_TOPAZ_SAS1_E036.fasta,69,0.8,8662,43760491,2500,5052,38334,Florenciella,cellular organisms,Eukaryota,Sar,Stramenopiles,Ochrophyta,Dictyochophyceae,Florenciellales,Florenciella,,,,,,,,,,,,,,,,,,
EUK_TOPAZ_SAS1_E037.fasta,54.3,0.8,4230,18251454,2500,4314.8,21875,Paraphysomonas,cellular organisms,Eukaryota,Sar,Stramenopiles,Ochrophyta,Chrysophyceae,Chromulinales,Paraphysomonadaceae,Paraphysomonas,,,,,,,,,,,,,,,,,
EUK_TOPAZ_SAS1_E040.fasta,30.2,0,4127,21565792,2500,5225.5,32816,Florenciella,cellular organisms,Eukaryota,Sar,Stramenopiles,Ochrophyta,Dictyochophyceae,Florenciellales,Florenciella,,,,,,,,,,,,,,,,,,
EUK_TOPAZ_SAS1_E041.fasta,53.5,0,3551,16010346,2500,4508.7,21002,Minutocellus polymorphus,cellular organisms,Eukaryota,Sar,Stramenopiles,Ochrophyta,Bacillariophyta,Mediophyceae,Cymatosirophycidae,Cymatosirales,Cymatosiraceae,Minutocellus,Minutocellus polymorphus,,,,,,,,,,,,,,
EUK_TOPAZ_SAS1_E044.fasta,30.2,0,7457,28280481,2500,3792.5,23944,Phaeocystis antarctica,cellular organisms,Eukaryota,Haptista,Haptophyta,Prymnesiophyceae,Phaeocystales,Phaeocystaceae,Phaeocystis,Phaeocystis antarctica,,,,,,,,,,,,,,,,,
EUK_TOPAZ_SAS2_E002.fasta,97.7,0,170,31172854,4174,183369.7,1135662,Plenodomus tracheiphilus IPT5,cellular organisms,Eukaryota,Opisthokonta,Fungi,Dikarya,Ascomycota,saccharomyceta,Pezizomycotina,leotiomyceta,dothideomyceta,Dothideomycetes,Pleosporomycetidae,Pleosporales,Pleosporineae,Leptosphaeriaceae,Plenodomus,Plenodomus tracheiphilus,Plenodomus tracheiphilus IPT5,,,,,,,,
EUK_TOPAZ_SAS3_E005.fasta,53.5,0,9193,35145394,2500,3823.1,28011,Paracyclopina nana,cellular organisms,Eukaryota,Opisthokonta,Metazoa,Eumetazoa,Bilateria,Protostomia,Ecdysozoa,Panarthropoda,Arthropoda,Mandibulata,Pancrustacea,Crustacea,Multicrustacea,Hexanauplia,Copepoda,Neocopepoda,Podoplea,Cyclopoida,Cyclopettidae,Paracyclopina,Paracyclopina nana,,,,
EUK_TOPAZ_SAS3_E006.fasta,62,0,6955,30619898,2500,4402.6,26870,Oithona nana,cellular organisms,Eukaryota,Opisthokonta,Metazoa,Eumetazoa,Bilateria,Protostomia,Ecdysozoa,Panarthropoda,Arthropoda,Mandibulata,Pancrustacea,Crustacea,Multicrustacea,Hexanauplia,Copepoda,Neocopepoda,Podoplea,Cyclopoida,Oithonidae,Oithona,Oithona nana,,,,
EUK_TOPAZ_SAS3_E007.fasta,59.7,0,7794,31435458,2500,4033.3,19206,Neocalanus flemingeri,cellular organisms,Eukaryota,Opisthokonta,Metazoa,Eumetazoa,Bilateria,Protostomia,Ecdysozoa,Panarthropoda,Arthropoda,Mandibulata,Pancrustacea,Crustacea,Multicrustacea,Hexanauplia,Copepoda,Neocopepoda,Gymnoplea,Calanoida,Calanidae,Neocalanus,Neocalanus flemingeri,,,,
EUK_TOPAZ_SAS3_E013.fasta,60.5,0,9322,38228523,2500,4100.9,34352,Neocalanus flemingeri,cellular organisms,Eukaryota,Opisthokonta,Metazoa,Eumetazoa,Bilateria,Protostomia,Ecdysozoa,Panarthropoda,Arthropoda,Mandibulata,Pancrustacea,Crustacea,Multicrustacea,Hexanauplia,Copepoda,Neocopepoda,Gymnoplea,Calanoida,Calanidae,Neocalanus,Neocalanus flemingeri,,,,
EUK_TOPAZ_SAS3_E014.fasta,39.5,0,2525,9984318,2500,3954.2,28025,Neocalanus flemingeri,cellular organisms,Eukaryota,Opisthokonta,Metazoa,Eumetazoa,Bilateria,Protostomia,Ecdysozoa,Panarthropoda,Arthropoda,Mandibulata,Pancrustacea,Crustacea,Multicrustacea,Hexanauplia,Copepoda,Neocopepoda,Gymnoplea,Calanoida,Calanidae,Neocalanus,Neocalanus flemingeri,,,,
EUK_TOPAZ_SAS4_E005.fasta,66.7,1.6,8877,55547151,2500,6257.4,52932,Daphnia pulex,cellular organisms,Eukaryota,Opisthokonta,Metazoa,Eumetazoa,Bilateria,Protostomia,Ecdysozoa,Panarthropoda,Arthropoda,Mandibulata,Pancrustacea,Crustacea,Branchiopoda,Phyllopoda,Diplostraca,Cladocera,Anomopoda,Daphniidae,Daphnia,Daphnia pulex,,,,,
EUK_TOPAZ_SOD1_E003.fasta,53.5,0,5411,25951822,2500,4796.1,38763,Alexandrium,cellular organisms,Eukaryota,Sar,Alveolata,Dinophyceae,Gonyaulacales,Pyrocystaceae,Alexandrium,,,,,,,,,,,,,,,,,,
EUK_TOPAZ_SOD1_E005.fasta,40.3,0.8,4690,22815888,2500,4864.8,54994,Alexandrium,cellular organisms,Eukaryota,Sar,Alveolata,Dinophyceae,Gonyaulacales,Pyrocystaceae,Alexandrium,,,,,,,,,,,,,,,,,,
EUK_TOPAZ_SOD1_E006.fasta,49.6,0,3436,14394350,2500,4189.3,20985,Fragilariopsis,cellular organisms,Eukaryota,Sar,Stramenopiles,Ochrophyta,Bacillariophyta,Bacillariophyceae,Bacillariophycidae,Bacillariales,Bacillariaceae,Fragilariopsis,,,,,,,,,,,,,,,
EUK_TOPAZ_SOS1_E001.fasta,80.6,0,2244,26282384,2500,11712.3,81834,Pelagomonas,cellular organisms,Eukaryota,Sar,Stramenopiles,Ochrophyta,Pelagophyceae,Pelagomonadales,Pelagomonadaceae,Pelagomonas,,,,,,,,,,,,,,,,,
EUK_TOPAZ_SOS1_E002.fasta,38,0,11294,48583009,2500,4301.7,44985,Acanthoeca,cellular organisms,Eukaryota,Opisthokonta,Choanoflagellata,Acanthoecida,Acanthoecidae,Acanthoeca,,,,,,,,,,,,,,,,,,,
EUK_TOPAZ_SOS1_E003.fasta,45,0,3207,13330983,2500,4156.8,22384,Fragilariopsis,cellular organisms,Eukaryota,Sar,Stramenopiles,Ochrophyta,Bacillariophyta,Bacillariophyceae,Bacillariophycidae,Bacillariales,Bacillariaceae,Fragilariopsis,,,,,,,,,,,,,,,
EUK_TOPAZ_SOS1_E005.fasta,69,0.8,2406,13726768,2500,5705.2,42616,Micromonas,cellular organisms,Eukaryota,Viridiplantae,Chlorophyta,Mamiellophyceae,Mamiellales,Mamiellaceae,Micromonas,,,,,,,,,,,,,,,,,,
EUK_TOPAZ_SOS1_E007.fasta,64.3,0,14306,67559257,2500,4722.4,38457,Acanthoeca,cellular organisms,Eukaryota,Opisthokonta,Choanoflagellata,Acanthoecida,Acanthoecidae,Acanthoeca,,,,,,,,,,,,,,,,,,,
EUK_TOPAZ_SOS1_E009.fasta,41.1,0,4505,20142189,2500,4471.1,32527,Alexandrium,cellular organisms,Eukaryota,Sar,Alveolata,Dinophyceae,Gonyaulacales,Pyrocystaceae,Alexandrium,,,,,,,,,,,,,,,,,,
EUK_TOPAZ_SOS1_E011.fasta,76.7,0,5736,27171429,2501,4737,24922,Fragilariopsis,cellular organisms,Eukaryota,Sar,Stramenopiles,Ochrophyta,Bacillariophyta,Bacillariophyceae,Bacillariophycidae,Bacillariales,Bacillariaceae,Fragilariopsis,,,,,,,,,,,,,,,
EUK_TOPAZ_SOS1_E013.fasta,48.8,0,20002,89599230,2500,4479.5,44900,Acanthoeca,cellular organisms,Eukaryota,Opisthokonta,Choanoflagellata,Acanthoecida,Acanthoecidae,Acanthoeca,,,,,,,,,,,,,,,,,,,
EUK_TOPAZ_SPD1_E001.fasta,32.6,0.8,1136,4739377,2502,4172,14392,Bathycoccus,cellular organisms,Eukaryota,Viridiplantae,Chlorophyta,Mamiellophyceae,Mamiellales,Bathycoccaceae,Bathycoccus,,,,,,,,,,,,,,,,,,
EUK_TOPAZ_SPD1_E003.fasta,79.8,0.8,2125,13201150,2504,6212.3,41072,Chloropicon roscoffensis,cellular organisms,Eukaryota,Viridiplantae,Chlorophyta,Chloropicophyceae,Chloropicales,Chloropicaceae,Chloropicon,Chloropicon roscoffensis,,,,,,,,,,,,,,,,,
EUK_TOPAZ_SPD1_E004.fasta,34.1,0,3683,14789802,2500,4015.7,16628,Stygamoeba,cellular organisms,Eukaryota,Amoebozoa,Discosea,Stygamoebida,Stygamoeba,,,,,,,,,,,,,,,,,,,,
EUK_TOPAZ_SPD1_E006.fasta,52.7,0,2358,10083169,2500,4276.2,29932,Pycnococcus,cellular organisms,Eukaryota,Viridiplantae,Chlorophyta,prasinophyte incertae sedis,Pycnococcaceae,Pycnococcus,,,,,,,,,,,,,,,,,,,
EUK_TOPAZ_SPD1_E010.fasta,73.6,0,2331,11725165,2501,5030.1,27437,Pycnococcus,cellular organisms,Eukaryota,Viridiplantae,Chlorophyta,prasinophyte incertae sedis,Pycnococcaceae,Pycnococcus,,,,,,,,,,,,,,,,,,,
EUK_TOPAZ_SPD1_E017.fasta,59.7,0,2463,10921780,2500,4434.3,20311,Pycnococcus,cellular organisms,Eukaryota,Viridiplantae,Chlorophyta,prasinophyte incertae sedis,Pycnococcaceae,Pycnococcus,,,,,,,,,,,,,,,,,,,
EUK_TOPAZ_SPD1_E019.fasta,35.7,0,5468,22846991,2500,4178.3,24102,Acanthoeca,cellular organisms,Eukaryota,Opisthokonta,Choanoflagellata,Acanthoecida,Acanthoecidae,Acanthoeca,,,,,,,,,,,,,,,,,,,
EUK_TOPAZ_SPD1_E020.fasta,39.5,0,4145,16814084,2500,4056.5,18664,Stygamoeba,cellular organisms,Eukaryota,Amoebozoa,Discosea,Stygamoebida,Stygamoeba,,,,,,,,,,,,,,,,,,,,
EUK_TOPAZ_SPD1_E021.fasta,36.4,0,2480,11880133,2500,4790.4,26697,Bolidomonas,cellular organisms,Eukaryota,Sar,Stramenopiles,Ochrophyta,Bolidophyceae,Parmales,Triparmaceae,Bolidomonas,,,,,,,,,,,,,,,,,
EUK_TOPAZ_SPD1_E023.fasta,100,0,535,47806113,2518,89357.2,801024,Rhynchosporium,cellular organisms,Eukaryota,Opisthokonta,Fungi,Dikarya,Ascomycota,saccharomyceta,Pezizomycotina,leotiomyceta,sordariomyceta,Leotiomycetes,Helotiales,Ploettnerulaceae,Rhynchosporium,,,,,,,,,,,,
EUK_TOPAZ_SPD2_E001.fasta,33.3,0,1602,6410272,2501,4001.4,17565,Picochlorum,cellular organisms,Eukaryota,Viridiplantae,Chlorophyta,core chlorophytes,Trebouxiophyceae,Trebouxiophyceae incertae sedis,Picochlorum,,,,,,,,,,,,,,,,,,
EUK_TOPAZ_SPD2_E002.fasta,93,0.8,1491,15163450,2500,10170,67168,Chloropicon roscoffensis,cellular organisms,Eukaryota,Viridiplantae,Chlorophyta,Chloropicophyceae,Chloropicales,Chloropicaceae,Chloropicon,Chloropicon roscoffensis,,,,,,,,,,,,,,,,,
EUK_TOPAZ_SPD3_E001.fasta,57.4,0.8,9306,33719852,2500,3623.5,18674,Paracyclopina nana,cellular organisms,Eukaryota,Opisthokonta,Metazoa,Eumetazoa,Bilateria,Protostomia,Ecdysozoa,Panarthropoda,Arthropoda,Mandibulata,Pancrustacea,Crustacea,Multicrustacea,Hexanauplia,Copepoda,Neocopepoda,Podoplea,Cyclopoida,Cyclopettidae,Paracyclopina,Paracyclopina nana,,,,
EUK_TOPAZ_SPD3_E002.fasta,72.1,0,7650,40190954,2500,5253.7,84510,Oithona nana,cellular organisms,Eukaryota,Opisthokonta,Metazoa,Eumetazoa,Bilateria,Protostomia,Ecdysozoa,Panarthropoda,Arthropoda,Mandibulata,Pancrustacea,Crustacea,Multicrustacea,Hexanauplia,Copepoda,Neocopepoda,Podoplea,Cyclopoida,Oithonidae,Oithona,Oithona nana,,,,
EUK_TOPAZ_SPD3_E003.fasta,54.3,6.2,12259,43960543,2500,3586,21102,Paracyclopina nana,cellular organisms,Eukaryota,Opisthokonta,Metazoa,Eumetazoa,Bilateria,Protostomia,Ecdysozoa,Panarthropoda,Arthropoda,Mandibulata,Pancrustacea,Crustacea,Multicrustacea,Hexanauplia,Copepoda,Neocopepoda,Podoplea,Cyclopoida,Cyclopettidae,Paracyclopina,Paracyclopina nana,,,,
EUK_TOPAZ_SPD3_E005.fasta,52.7,0.8,7853,29543825,2500,3762.1,26197,Neocalanus flemingeri,cellular organisms,Eukaryota,Opisthokonta,Metazoa,Eumetazoa,Bilateria,Protostomia,Ecdysozoa,Panarthropoda,Arthropoda,Mandibulata,Pancrustacea,Crustacea,Multicrustacea,Hexanauplia,Copepoda,Neocopepoda,Gymnoplea,Calanoida,Calanidae,Neocalanus,Neocalanus flemingeri,,,,
EUK_TOPAZ_SPD3_E009.fasta,70.5,0,8161,41568777,2500,5093.6,52738,Oithona nana,cellular organisms,Eukaryota,Opisthokonta,Metazoa,Eumetazoa,Bilateria,Protostomia,Ecdysozoa,Panarthropoda,Arthropoda,Mandibulata,Pancrustacea,Crustacea,Multicrustacea,Hexanauplia,Copepoda,Neocopepoda,Podoplea,Cyclopoida,Oithonidae,Oithona,Oithona nana,,,,
EUK_TOPAZ_SPD3_E010.fasta,31,0.8,1921,7654352,2500,3984.6,55165,Neocalanus flemingeri,cellular organisms,Eukaryota,Opisthokonta,Metazoa,Eumetazoa,Bilateria,Protostomia,Ecdysozoa,Panarthropoda,Arthropoda,Mandibulata,Pancrustacea,Crustacea,Multicrustacea,Hexanauplia,Copepoda,Neocopepoda,Gymnoplea,Calanoida,Calanidae,Neocalanus,Neocalanus flemingeri,,,,
EUK_TOPAZ_SPD3_E011.fasta,31,0,3431,12113318,2500,3530.6,31586,Paracyclopina nana,cellular organisms,Eukaryota,Opisthokonta,Metazoa,Eumetazoa,Bilateria,Protostomia,Ecdysozoa,Panarthropoda,Arthropoda,Mandibulata,Pancrustacea,Crustacea,Multicrustacea,Hexanauplia,Copepoda,Neocopepoda,Podoplea,Cyclopoida,Cyclopettidae,Paracyclopina,Paracyclopina nana,,,,
EUK_TOPAZ_SPS1_E001.fasta,76,0,2526,15097003,2500,5976.6,40311,Micromonas,cellular organisms,Eukaryota,Viridiplantae,Chlorophyta,Mamiellophyceae,Mamiellales,Mamiellaceae,Micromonas,,,,,,,,,,,,,,,,,,
EUK_TOPAZ_SPS1_E002.fasta,56.6,0,4969,20467684,2500,4119.1,16711,Chaetoceros,cellular organisms,Eukaryota,Sar,Stramenopiles,Ochrophyta,Bacillariophyta,Coscinodiscophyceae,Chaetocerotophycidae,Chaetocerotales,Chaetocerotaceae,Chaetoceros,,,,,,,,,,,,,,,
EUK_TOPAZ_SPS1_E018.fasta,52.7,0,8676,38912623,2500,4485.1,39084,Florenciella,cellular organisms,Eukaryota,Sar,Stramenopiles,Ochrophyta,Dictyochophyceae,Florenciellales,Florenciella,,,,,,,,,,,,,,,,,,
EUK_TOPAZ_SPS1_E021.fasta,49.6,2.3,7573,33180134,2500,4381.4,33775,Chrysochromulina,cellular organisms,Eukaryota,Haptista,Haptophyta,Prymnesiophyceae,Prymnesiales,Chrysochromulinaceae,Chrysochromulina,,,,,,,,,,,,,,,,,,
EUK_TOPAZ_SPS1_E023.fasta,38.8,0.8,1809,7197700,2501,3978.8,15650,Micromonas,cellular organisms,Eukaryota,Viridiplantae,Chlorophyta,Mamiellophyceae,Mamiellales,Mamiellaceae,Micromonas,,,,,,,,,,,,,,,,,,
EUK_TOPAZ_SPS1_E025.fasta,54.3,0,16652,65218435,2500,3916.6,25796,Acanthoeca,cellular organisms,Eukaryota,Opisthokonta,Choanoflagellata,Acanthoecida,Acanthoecidae,Acanthoeca,,,,,,,,,,,,,,,,,,,
EUK_TOPAZ_SPS1_E030.fasta,33.3,0,7329,29256797,2500,3991.9,16003,Acanthoeca,cellular organisms,Eukaryota,Opisthokonta,Choanoflagellata,Acanthoecida,Acanthoecidae,Acanthoeca,,,,,,,,,,,,,,,,,,,
EUK_TOPAZ_SPS1_E031.fasta,77.5,0,5665,29653823,2500,5234.6,43594,Thalassiosira,cellular organisms,Eukaryota,Sar,Stramenopiles,Ochrophyta,Bacillariophyta,Coscinodiscophyceae,Thalassiosirophycidae,Thalassiosirales,Thalassiosiraceae,Thalassiosira,,,,,,,,,,,,,,,
EUK_TOPAZ_SPS1_E036.fasta,76.7,0,9445,53940160,2500,5711,51619,Geminigera,cellular organisms,Eukaryota,Cryptophyceae,Pyrenomonadales,Geminigeraceae,Geminigera,,,,,,,,,,,,,,,,,,,,
EUK_TOPAZ_SPS1_E038.fasta,75.2,0.8,8011,48860864,2500,6099.2,68116,Chrysochromulina,cellular organisms,Eukaryota,Haptista,Haptophyta,Prymnesiophyceae,Prymnesiales,Chrysochromulinaceae,Chrysochromulina,,,,,,,,,,,,,,,,,,
EUK_TOPAZ_SPS1_E043.fasta,80.6,0,2281,20674057,2505,9063.6,80625,Paraphysomonas,cellular organisms,Eukaryota,Sar,Stramenopiles,Ochrophyta,Chrysophyceae,Chromulinales,Paraphysomonadaceae,Paraphysomonas,,,,,,,,,,,,,,,,,
EUK_TOPAZ_SPS1_E046.fasta,76.7,0.8,840,13713520,2544,16325.6,128496,Bathycoccus prasinos,cellular organisms,Eukaryota,Viridiplantae,Chlorophyta,Mamiellophyceae,Mamiellales,Bathycoccaceae,Bathycoccus,Bathycoccus prasinos,,,,,,,,,,,,,,,,,
EUK_TOPAZ_SPS1_E047.fasta,52.7,0,15336,57387513,2500,3742,19733,Acanthoeca,cellular organisms,Eukaryota,Opisthokonta,Choanoflagellata,Acanthoecida,Acanthoecidae,Acanthoeca,,,,,,,,,,,,,,,,,,,
EUK_TOPAZ_SPS1_E048.fasta,67.4,0,2469,10959357,2501,4438.8,19828,Tetraselmis,cellular organisms,Eukaryota,Viridiplantae,Chlorophyta,core chlorophytes,Chlorodendrophyceae,Chlorodendrales,Chlorodendraceae,Tetraselmis,,,,,,,,,,,,,,,,,
EUK_TOPAZ_SPS1_E051.fasta,72.9,0,9913,54997954,2500,5548.1,52027,Chrysochromulina,cellular organisms,Eukaryota,Haptista,Haptophyta,Prymnesiophyceae,Prymnesiales,Chrysochromulinaceae,Chrysochromulina,,,,,,,,,,,,,,,,,,
EUK_TOPAZ_SPS1_E052.fasta,65.1,0,3223,17349718,2501,5383.1,29650,Pyramimonas,cellular organisms,Eukaryota,Viridiplantae,Chlorophyta,Pyramimonadophyceae,Pyramimonadales,Pyramimonadaceae,Pyramimonas,,,,,,,,,,,,,,,,,,
EUK_TOPAZ_SPS1_E054.fasta,45,0,8918,41394118,2500,4641.6,33893,Florenciella,cellular organisms,Eukaryota,Sar,Stramenopiles,Ochrophyta,Dictyochophyceae,Florenciellales,Florenciella,,,,,,,,,,,,,,,,,,
EUK_TOPAZ_SPS1_E055.fasta,70.5,1.6,9196,51614452,2500,5612.7,35153,Chrysochromulina,cellular organisms,Eukaryota,Haptista,Haptophyta,Prymnesiophyceae,Prymnesiales,Chrysochromulinaceae,Chrysochromulina,,,,,,,,,,,,,,,,,,
EUK_TOPAZ_SPS1_E060.fasta,84.5,0.8,5956,37976653,2501,6376.2,54045,Alexandrium,cellular organisms,Eukaryota,Sar,Alveolata,Dinophyceae,Gonyaulacales,Pyrocystaceae,Alexandrium,,,,,,,,,,,,,,,,,,
EUK_TOPAZ_SPS1_E061.fasta,82.2,0,4855,32252200,2500,6643.1,54201,Alexandrium,cellular organisms,Eukaryota,Sar,Alveolata,Dinophyceae,Gonyaulacales,Pyrocystaceae,Alexandrium,,,,,,,,,,,,,,,,,,
EUK_TOPAZ_SPS1_E067.fasta,63.6,0,2383,10120585,2500,4247,19508,Pycnococcus,cellular organisms,Eukaryota,Viridiplantae,Chlorophyta,prasinophyte incertae sedis,Pycnococcaceae,Pycnococcus,,,,,,,,,,,,,,,,,,,
EUK_TOPAZ_SPS1_E069.fasta,75.2,0,2992,13073556,2500,4369.5,23473,Micromonas,cellular organisms,Eukaryota,Viridiplantae,Chlorophyta,Mamiellophyceae,Mamiellales,Mamiellaceae,Micromonas,,,,,,,,,,,,,,,,,,
EUK_TOPAZ_SPS1_E070.fasta,45.7,0,6303,28450029,2500,4513.7,30625,Acanthoeca,cellular organisms,Eukaryota,Opisthokonta,Choanoflagellata,Acanthoecida,Acanthoecidae,Acanthoeca,,,,,,,,,,,,,,,,,,,
EUK_TOPAZ_SPS1_E072.fasta,71.3,0,2474,15279251,2500,6175.9,38137,Micromonas,cellular organisms,Eukaryota,Viridiplantae,Chlorophyta,Mamiellophyceae,Mamiellales,Mamiellaceae,Micromonas,,,,,,,,,,,,,,,,,,
EUK_TOPAZ_SPS1_E073.fasta,75.2,0.8,8387,47399375,2500,5651.5,49873,Chrysochromulina,cellular organisms,Eukaryota,Haptista,Haptophyta,Prymnesiophyceae,Prymnesiales,Chrysochromulinaceae,Chrysochromulina,,,,,,,,,,,,,,,,,,
EUK_TOPAZ_SPS1_E074.fasta,36.4,0,7236,30132741,2500,4164.3,21285,Acanthoeca,cellular organisms,Eukaryota,Opisthokonta,Choanoflagellata,Acanthoecida,Acanthoecidae,Acanthoeca,,,,,,,,,,,,,,,,,,,
EUK_TOPAZ_SPS1_E078.fasta,44.2,0,4446,19253853,2500,4330.6,20217,Stygamoeba,cellular organisms,Eukaryota,Amoebozoa,Discosea,Stygamoebida,Stygamoeba,,,,,,,,,,,,,,,,,,,,
EUK_TOPAZ_SPS1_E080.fasta,60.5,0.8,5363,22963492,2500,4281.8,19891,Chaetoceros,cellular organisms,Eukaryota,Sar,Stramenopiles,Ochrophyta,Bacillariophyta,Coscinodiscophyceae,Chaetocerotophycidae,Chaetocerotales,Chaetocerotaceae,Chaetoceros,,,,,,,,,,,,,,,
EUK_TOPAZ_SPS1_E084.fasta,30.2,0,3132,12377782,2500,3952,18034,Salpingoeca,cellular organisms,Eukaryota,Opisthokonta,Choanoflagellata,Craspedida,Salpingoecidae,Salpingoeca,,,,,,,,,,,,,,,,,,,
EUK_TOPAZ_SPS1_E086.fasta,54.3,2.3,8590,39509906,2500,4599.5,27799,Chrysochromulina,cellular organisms,Eukaryota,Haptista,Haptophyta,Prymnesiophyceae,Prymnesiales,Chrysochromulinaceae,Chrysochromulina,,,,,,,,,,,,,,,,,,
EUK_TOPAZ_SPS1_E088.fasta,59.7,0,11997,51190385,2500,4266.9,26510,Acanthoeca,cellular organisms,Eukaryota,Opisthokonta,Choanoflagellata,Acanthoecida,Acanthoecidae,Acanthoeca,,,,,,,,,,,,,,,,,,,
EUK_TOPAZ_SPS1_E093.fasta,79.8,0,3432,18678377,2501,5442.4,36353,Prasinoderma coloniale,cellular organisms,Eukaryota,Viridiplantae,Prasinodermophyta,Prasinodermophyceae,Prasinodermales,Prasinodermaceae,Prasinoderma,Prasinoderma coloniale,,,,,,,,,,,,,,,,,
EUK_TOPAZ_SPS2_E003.fasta,40.3,0,8674,38538200,2500,4443,30974,Oikopleura dioica,cellular organisms,Eukaryota,Opisthokonta,Metazoa,Eumetazoa,Bilateria,Deuterostomia,Chordata,Tunicata,Appendicularia,Copelata,Oikopleuridae,Oikopleura,Oikopleura dioica,,,,,,,,,,,,
EUK_TOPAZ_SPS2_E014.fasta,89.1,0.8,1967,14224257,2502,7231.4,46538,Chloropicon roscoffensis,cellular organisms,Eukaryota,Viridiplantae,Chlorophyta,Chloropicophyceae,Chloropicales,Chloropicaceae,Chloropicon,Chloropicon roscoffensis,,,,,,,,,,,,,,,,,
EUK_TOPAZ_SPS2_E017.fasta,55,0,2242,9413100,2500,4198.5,20790,Pycnococcus,cellular organisms,Eukaryota,Viridiplantae,Chlorophyta,prasinophyte incertae sedis,Pycnococcaceae,Pycnococcus,,,,,,,,,,,,,,,,,,,
EUK_TOPAZ_SPS2_E024.fasta,60.5,0,2682,13957152,2500,5204,24306,Chloropicon maureeniae,cellular organisms,Eukaryota,Viridiplantae,Chlorophyta,Chloropicophyceae,Chloropicales,Chloropicaceae,Chloropicon,Chloropicon maureeniae,,,,,,,,,,,,,,,,,
EUK_TOPAZ_SPS3_E001.fasta,36.4,0,6173,21072938,2500,3413.7,14024,Paracyclopina nana,cellular organisms,Eukaryota,Opisthokonta,Metazoa,Eumetazoa,Bilateria,Protostomia,Ecdysozoa,Panarthropoda,Arthropoda,Mandibulata,Pancrustacea,Crustacea,Multicrustacea,Hexanauplia,Copepoda,Neocopepoda,Podoplea,Cyclopoida,Cyclopettidae,Paracyclopina,Paracyclopina nana,,,,
EUK_TOPAZ_SPS3_E006.fasta,30.2,0,10302,43497631,2500,4222.3,36162,Calanus finmarchicus,cellular organisms,Eukaryota,Opisthokonta,Metazoa,Eumetazoa,Bilateria,Protostomia,Ecdysozoa,Panarthropoda,Arthropoda,Mandibulata,Pancrustacea,Crustacea,Multicrustacea,Hexanauplia,Copepoda,Neocopepoda,Gymnoplea,Calanoida,Calanidae,Calanus,Calanus finmarchicus,,,,
EUK_TOPAZ_SPS3_E011.fasta,60.5,0.8,6535,29295438,2500,4482.9,28334,Oithona nana,cellular organisms,Eukaryota,Opisthokonta,Metazoa,Eumetazoa,Bilateria,Protostomia,Ecdysozoa,Panarthropoda,Arthropoda,Mandibulata,Pancrustacea,Crustacea,Multicrustacea,Hexanauplia,Copepoda,Neocopepoda,Podoplea,Cyclopoida,Oithonidae,Oithona,Oithona nana,,,,
EUK_TOPAZ_SPS3_E014.fasta,41.1,0,9734,42031573,2500,4318,29333,Oikopleura dioica,cellular organisms,Eukaryota,Opisthokonta,Metazoa,Eumetazoa,Bilateria,Deuterostomia,Chordata,Tunicata,Appendicularia,Copelata,Oikopleuridae,Oikopleura,Oikopleura dioica,,,,,,,,,,,,
EUK_TOPAZ_SPS3_E018.fasta,55,0.8,7624,29776265,2500,3905.6,19336,Neocalanus flemingeri,cellular organisms,Eukaryota,Opisthokonta,Metazoa,Eumetazoa,Bilateria,Protostomia,Ecdysozoa,Panarthropoda,Arthropoda,Mandibulata,Pancrustacea,Crustacea,Multicrustacea,Hexanauplia,Copepoda,Neocopepoda,Gymnoplea,Calanoida,Calanidae,Neocalanus,Neocalanus flemingeri,,,,
EUK_TOPAZ_SPS3_E019.fasta,50.4,0.8,14841,57434374,2500,3870,28970,Paracyclopina nana,cellular organisms,Eukaryota,Opisthokonta,Metazoa,Eumetazoa,Bilateria,Protostomia,Ecdysozoa,Panarthropoda,Arthropoda,Mandibulata,Pancrustacea,Crustacea,Multicrustacea,Hexanauplia,Copepoda,Neocopepoda,Podoplea,Cyclopoida,Cyclopettidae,Paracyclopina,Paracyclopina nana,,,,
EUK_TOPAZ_SPS3_E025.fasta,64.3,0,9619,39870512,2500,4145,28538,Neocalanus flemingeri,cellular organisms,Eukaryota,Opisthokonta,Metazoa,Eumetazoa,Bilateria,Protostomia,Ecdysozoa,Panarthropoda,Arthropoda,Mandibulata,Pancrustacea,Crustacea,Multicrustacea,Hexanauplia,Copepoda,Neocopepoda,Gymnoplea,Calanoida,Calanidae,Neocalanus,Neocalanus flemingeri,,,,
EUK_TOPAZ_SPS3_E035.fasta,55.8,0,11353,49518200,2500,4361.7,43948,Neocalanus flemingeri,cellular organisms,Eukaryota,Opisthokonta,Metazoa,Eumetazoa,Bilateria,Protostomia,Ecdysozoa,Panarthropoda,Arthropoda,Mandibulata,Pancrustacea,Crustacea,Multicrustacea,Hexanauplia,Copepoda,Neocopepoda,Gymnoplea,Calanoida,Calanidae,Neocalanus,Neocalanus flemingeri,,,,
EUK_TOPAZ_SPS3_E040.fasta,72.9,0.8,8801,44859219,2500,5097.1,62831,Oithona nana,cellular organisms,Eukaryota,Opisthokonta,Metazoa,Eumetazoa,Bilateria,Protostomia,Ecdysozoa,Panarthropoda,Arthropoda,Mandibulata,Pancrustacea,Crustacea,Multicrustacea,Hexanauplia,Copepoda,Neocopepoda,Podoplea,Cyclopoida,Oithonidae,Oithona,Oithona nana,,,,
EUK_TOPAZ_SPS3_E042.fasta,34.1,0,4569,17184089,2500,3761,14009,Neocalanus flemingeri,cellular organisms,Eukaryota,Opisthokonta,Metazoa,Eumetazoa,Bilateria,Protostomia,Ecdysozoa,Panarthropoda,Arthropoda,Mandibulata,Pancrustacea,Crustacea,Multicrustacea,Hexanauplia,Copepoda,Neocopepoda,Gymnoplea,Calanoida,Calanidae,Neocalanus,Neocalanus flemingeri,,,,
EUK_TOPAZ_SPS3_E045.fasta,40.3,0,3225,11783200,2500,3653.7,23975,Paracyclopina nana,cellular organisms,Eukaryota,Opisthokonta,Metazoa,Eumetazoa,Bilateria,Protostomia,Ecdysozoa,Panarthropoda,Arthropoda,Mandibulata,Pancrustacea,Crustacea,Multicrustacea,Hexanauplia,Copepoda,Neocopepoda,Podoplea,Cyclopoida,Cyclopettidae,Paracyclopina,Paracyclopina nana,,,,
EUK_TOPAZ_SPS3_E051.fasta,38,0,9034,34428417,2500,3811,27369,Calanus finmarchicus,cellular organisms,Eukaryota,Opisthokonta,Metazoa,Eumetazoa,Bilateria,Protostomia,Ecdysozoa,Panarthropoda,Arthropoda,Mandibulata,Pancrustacea,Crustacea,Multicrustacea,Hexanauplia,Copepoda,Neocopepoda,Gymnoplea,Calanoida,Calanidae,Calanus,Calanus finmarchicus,,,,
EUK_TOPAZ_SPS3_E055.fasta,34.9,0,9452,40398304,2500,4274,29518,Oikopleura dioica,cellular organisms,Eukaryota,Opisthokonta,Metazoa,Eumetazoa,Bilateria,Deuterostomia,Chordata,Tunicata,Appendicularia,Copelata,Oikopleuridae,Oikopleura,Oikopleura dioica,,,,,,,,,,,,
EUK_TOPAZ_SPS3_E064.fasta,67.4,0,11005,52379865,2500,4759.6,41567,Calanus finmarchicus,cellular organisms,Eukaryota,Opisthokonta,Metazoa,Eumetazoa,Bilateria,Protostomia,Ecdysozoa,Panarthropoda,Arthropoda,Mandibulata,Pancrustacea,Crustacea,Multicrustacea,Hexanauplia,Copepoda,Neocopepoda,Gymnoplea,Calanoida,Calanidae,Calanus,Calanus finmarchicus,,,,
EUK_TOPAZ_SPS3_E071.fasta,59.7,0,7756,32423718,2500,4180.5,20113,Neocalanus flemingeri,cellular organisms,Eukaryota,Opisthokonta,Metazoa,Eumetazoa,Bilateria,Protostomia,Ecdysozoa,Panarthropoda,Arthropoda,Mandibulata,Pancrustacea,Crustacea,Multicrustacea,Hexanauplia,Copepoda,Neocopepoda,Gymnoplea,Calanoida,Calanidae,Neocalanus,Neocalanus flemingeri,,,,
EUK_TOPAZ_SPS3_E072.fasta,46.5,0,3045,12003947,2501,3942.2,19575,Paracyclopina nana,cellular organisms,Eukaryota,Opisthokonta,Metazoa,Eumetazoa,Bilateria,Protostomia,Ecdysozoa,Panarthropoda,Arthropoda,Mandibulata,Pancrustacea,Crustacea,Multicrustacea,Hexanauplia,Copepoda,Neocopepoda,Podoplea,Cyclopoida,Cyclopettidae,Paracyclopina,Paracyclopina nana,,,,
EUK_TOPAZ_SPS3_E075.fasta,30.2,0,9398,36503353,2500,3884.2,32129,Calanus finmarchicus,cellular organisms,Eukaryota,Opisthokonta,Metazoa,Eumetazoa,Bilateria,Protostomia,Ecdysozoa,Panarthropoda,Arthropoda,Mandibulata,Pancrustacea,Crustacea,Multicrustacea,Hexanauplia,Copepoda,Neocopepoda,Gymnoplea,Calanoida,Calanidae,Calanus,Calanus finmarchicus,,,,
EUK_TOPAZ_SPS3_E077.fasta,59.7,0,9997,37811219,2500,3782.3,21341,Neocalanus flemingeri,cellular organisms,Eukaryota,Opisthokonta,Metazoa,Eumetazoa,Bilateria,Protostomia,Ecdysozoa,Panarthropoda,Arthropoda,Mandibulata,Pancrustacea,Crustacea,Multicrustacea,Hexanauplia,Copepoda,Neocopepoda,Gymnoplea,Calanoida,Calanidae,Neocalanus,Neocalanus flemingeri,,,,
EUK_TOPAZ_SPS3_E079.fasta,71.3,0,8742,44107373,2500,5045.5,78182,Oithona nana,cellular organisms,Eukaryota,Opisthokonta,Metazoa,Eumetazoa,Bilateria,Protostomia,Ecdysozoa,Panarthropoda,Arthropoda,Mandibulata,Pancrustacea,Crustacea,Multicrustacea,Hexanauplia,Copepoda,Neocopepoda,Podoplea,Cyclopoida,Oithonidae,Oithona,Oithona nana,,,,
EUK_TOPAZ_SPS3_E081.fasta,34.9,0,9839,43900203,2500,4461.9,40452,Neocalanus flemingeri,cellular organisms,Eukaryota,Opisthokonta,Metazoa,Eumetazoa,Bilateria,Protostomia,Ecdysozoa,Panarthropoda,Arthropoda,Mandibulata,Pancrustacea,Crustacea,Multicrustacea,Hexanauplia,Copepoda,Neocopepoda,Gymnoplea,Calanoida,Calanidae,Neocalanus,Neocalanus flemingeri,,,,
EUK_TOPAZ_SPS3_E082.fasta,49.6,0,12817,47979519,2500,3743.4,29794,Paracyclopina nana,cellular organisms,Eukaryota,Opisthokonta,Metazoa,Eumetazoa,Bilateria,Protostomia,Ecdysozoa,Panarthropoda,Arthropoda,Mandibulata,Pancrustacea,Crustacea,Multicrustacea,Hexanauplia,Copepoda,Neocopepoda,Podoplea,Cyclopoida,Cyclopettidae,Paracyclopina,Paracyclopina nana,,,,
EUK_TOPAZ_SPS3_E094.fasta,62,0,2160,10246288,2500,4743.7,22579,Chloropicon roscoffensis,cellular organisms,Eukaryota,Viridiplantae,Chlorophyta,Chloropicophyceae,Chloropicales,Chloropicaceae,Chloropicon,Chloropicon roscoffensis,,,,,,,,,,,,,,,,,
EUK_TOPAZ_SPS4_E004.fasta,31.8,0.8,26707,113636635,2500,4254.9,40880,Ciona intestinalis,cellular organisms,Eukaryota,Opisthokonta,Metazoa,Eumetazoa,Bilateria,Deuterostomia,Chordata,Tunicata,Ascidiacea,Phlebobranchia,Cionidae,Ciona,Ciona intestinalis,,,,,,,,,,,,
EUK_TOPAZ_SPS4_E006.fasta,46.5,0,10776,49376577,2500,4582.1,61634,Oikopleura dioica,cellular organisms,Eukaryota,Opisthokonta,Metazoa,Eumetazoa,Bilateria,Deuterostomia,Chordata,Tunicata,Appendicularia,Copelata,Oikopleuridae,Oikopleura,Oikopleura dioica,,,,,,,,,,,,
EUK_TOPAZ_SPS4_E007.fasta,38.8,0,25602,108386521,2500,4233.5,25797,Pocillopora verrucosa,cellular organisms,Eukaryota,Opisthokonta,Metazoa,Eumetazoa,Cnidaria,Anthozoa,Hexacorallia,Scleractinia,Astrocoeniina,Pocilloporidae,Pocillopora,Pocillopora verrucosa,,,,,,,,,,,,,
EUK_TOPAZ_SPS4_E010.fasta,31,0,3087,11707479,2501,3792.5,22706,Neocalanus flemingeri,cellular organisms,Eukaryota,Opisthokonta,Metazoa,Eumetazoa,Bilateria,Protostomia,Ecdysozoa,Panarthropoda,Arthropoda,Mandibulata,Pancrustacea,Crustacea,Multicrustacea,Hexanauplia,Copepoda,Neocopepoda,Gymnoplea,Calanoida,Calanidae,Neocalanus,Neocalanus flemingeri,,,,
EUK_TOPAZ_SPS4_E020.fasta,96.9,0.8,4373,91935460,2500,21023.4,256679,Daphnia pulex,cellular organisms,Eukaryota,Opisthokonta,Metazoa,Eumetazoa,Bilateria,Protostomia,Ecdysozoa,Panarthropoda,Arthropoda,Mandibulata,Pancrustacea,Crustacea,Branchiopoda,Phyllopoda,Diplostraca,Cladocera,Anomopoda,Daphniidae,Daphnia,Daphnia pulex,,,,,
EUK_TOPAZ_SPS4_E028.fasta,51.2,1.6,49008,177098324,2500,3613.7,28881,Panulirus ornatus,cellular organisms,Eukaryota,Opisthokonta,Metazoa,Eumetazoa,Bilateria,Protostomia,Ecdysozoa,Panarthropoda,Arthropoda,Mandibulata,Pancrustacea,Crustacea,Multicrustacea,Malacostraca,Eumalacostraca,Eucarida,Decapoda,Pleocyemata,Achelata,Palinuroidea,Palinuridae,Panulirus,Panulirus ornatus,,
EUK_TOPAZ_SPS4_E034.fasta,42.6,0,10500,47699268,2500,4542.8,57757,Oikopleura dioica,cellular organisms,Eukaryota,Opisthokonta,Metazoa,Eumetazoa,Bilateria,Deuterostomia,Chordata,Tunicata,Appendicularia,Copelata,Oikopleuridae,Oikopleura,Oikopleura dioica,,,,,,,,,,,,
EUK_TOPAZ_SPS4_E038.fasta,35.7,0,1499,33076290,2502,22065.6,243069,Daphnia pulex,cellular organisms,Eukaryota,Opisthokonta,Metazoa,Eumetazoa,Bilateria,Protostomia,Ecdysozoa,Panarthropoda,Arthropoda,Mandibulata,Pancrustacea,Crustacea,Branchiopoda,Phyllopoda,Diplostraca,Cladocera,Anomopoda,Daphniidae,Daphnia,Daphnia pulex,,,,,
EUK_TOPAZ_SPS4_E041.fasta,30.2,0,40106,168067647,2500,4190.6,52236,Ciona intestinalis,cellular organisms,Eukaryota,Opisthokonta,Metazoa,Eumetazoa,Bilateria,Deuterostomia,Chordata,Tunicata,Ascidiacea,Phlebobranchia,Cionidae,Ciona,Ciona intestinalis,,,,,,,,,,,,
EUK_TOPAZ_SPS4_E045.fasta,89.9,0,4924,34853359,2500,7078.3,65605,Chaetoceros,cellular organisms,Eukaryota,Sar,Stramenopiles,Ochrophyta,Bacillariophyta,Coscinodiscophyceae,Chaetocerotophycidae,Chaetocerotales,Chaetocerotaceae,Chaetoceros,,,,,,,,,,,,,,,
EUK_TOPAZ_SPS4_E046.fasta,40.3,0,1117,4188767,2501,3750,13385,Ostreococcus,cellular organisms,Eukaryota,Viridiplantae,Chlorophyta,Mamiellophyceae,Mamiellales,Bathycoccaceae,Ostreococcus,,,,,,,,,,,,,,,,,,
EUK_TOPAZ_SPS4_E048.fasta,41.1,0,11889,45954588,2500,3865.3,21540,Neocalanus flemingeri,cellular organisms,Eukaryota,Opisthokonta,Metazoa,Eumetazoa,Bilateria,Protostomia,Ecdysozoa,Panarthropoda,Arthropoda,Mandibulata,Pancrustacea,Crustacea,Multicrustacea,Hexanauplia,Copepoda,Neocopepoda,Gymnoplea,Calanoida,Calanidae,Neocalanus,Neocalanus flemingeri,,,,
EUK_TOPAZ_SPX1_E001.fasta,55,0,13481,57634549,2500,4275.2,33274,Acanthoeca,cellular organisms,Eukaryota,Opisthokonta,Choanoflagellata,Acanthoecida,Acanthoecidae,Acanthoeca,,,,,,,,,,,,,,,,,,,
