ID,Date,SF,ST,Year,Month,Season,Non.Photosynthetic.Eukaryotes,Chlorodendrales,Other.Chlorophyta,Bathycoccus,Micromonas,Other.Photosynthetic.Eukaryotes,Cryptophyta,Haptophyta,Ciliates,Dinophyceae,Bacillariophyceae,Bolidophyceae,Chrysophyceae,Coscinodiscophyceae,Dictyochophyceae,Mediophyceae,MOCH,Pelagophyceae,Non.Photosynthetic.Prokaryotes,Other.Cyanobacteria,Prochlorococcus,Synechococcus,Chl_C2,Peridinine,19BF,Fucoxanthin,Prasinoxanthin,19HF,Diadinoxanthin,Alloxanthin,Zeaxanthin,Chl_b,Chl_a,bb_Carotene
SO_42009,2015-01-05,PICO,SOLA,2015,Jan,Winter,47.0425331800606,0.0627024767478315,0.182882223847842,3.68899571533076,28.6027798098025,0.0574772703521789,4.08611140140036,1.87062388964364,1.37945448845229,3.33890688682203,1.31152680530881,0.177657017452189,0.041801651165221,0.0731528895391368,1.96990281116104,3.10377259901766,1.01891524715226,1.99080363674365,98.3007122427233,0,1.17211597779149,0.527171779485166,0.0556027662838696,0.0283940546418504,0.101791476370363,0.337109933117282,0.0536197513398915,0.184049837087061,0.049771263417539,0.0296280805563907,0.0258168951175379,0.103283103200715,0.536623455649345,0.00948014250934881
SO_42009,2015-01-05,NANO,SOLA,2015,Jan,Winter,52.3577388206619,0.215618261929315,0.520296240742477,0.501546826661667,5.75607012280866,0.539045654823287,0.890597168838474,1.32652104621731,0.473422705540452,15.1823380519359,1.8843161151214,0,0,0.0749976563232399,0.787475391394019,18.5431705259211,0.581231836505109,0.365613574575795,89.5968552884176,1.33162690069171,0.0944632355181765,8.97705457537252,0.0556027662838696,0.0283940546418504,0.101791476370363,0.337109933117282,0.0536197513398915,0.184049837087061,0.049771263417539,0.0296280805563907,0.0258168951175379,0.103283103200715,0.536623455649345,0.00948014250934881
SO_42012,2015-01-08,NANO,SOLA,2015,Jan,Winter,57.7284176780398,0.0515227845202656,0.166017861231967,1.32814288985574,10.8255095030914,0.0915960613693611,1.32814288985574,1.2651705976643,0.515227845202656,6.76665903366155,1.78039844286696,0.120219830547286,0.0400732768490955,0.166017861231967,1.35104190519808,15.3881383100527,0.423631783833295,0.664071444927868,96.6641575214928,0.530882294679292,0.142625094092944,2.66233508973496,0.0818311895631379,0.0326197640211828,0.0830825475540901,0.651293415645519,0.0562171384826734,0.166376582686801,0.0713939081305164,0.0327885267267207,0.0191133438807658,0.119823496404942,0.738938483919074,0.0146938803577567
SO_42016,2015-01-12,PICO,SOLA,2015,Jan,Winter,46.7650689158609,0,0.282863608311047,6.74758280189261,32.4058835630529,0.0771446204484674,2.751491462662,1.5788932318453,0.81259000205719,1.03888088870603,0.982308167043818,0.113145443324419,0,0,1.40917506685867,1.61489405472125,0.678872659946513,2.74120551326887,98.4932887686349,0,0.891293967849753,0.615417263515306,0.0560131848762469,0.0196652552458602,0.102835291073789,0.373594256848728,0.0536598553297838,0.198282292444651,0.049521612906936,0.0230619670420125,0.0262400926329062,0.111339528244762,0.534090888059287,0.00787016680430305
SO_42016,2015-01-12,NANO,SOLA,2015,Jan,Winter,55.9976136321265,0.0223721988142735,0.275923785376039,1.24165703419218,10.1905365599016,0.0894887952570939,1.11860994071367,1.99485439427272,0.570491069763973,6.21201387076326,2.46467056937246,0.0335582982214102,0,0.0783026958499571,0.999291547037548,17.0065997986502,0.641336366009173,1.06267944367799,95.8844158478973,0.443439700895574,0.49271077877286,3.17943367243428,0.0560131848762469,0.0196652552458602,0.102835291073789,0.373594256848728,0.0536598553297838,0.198282292444651,0.049521612906936,0.0230619670420125,0.0262400926329062,0.111339528244762,0.534090888059287,0.00787016680430305
SO_42019,2015-01-15,PICO,SOLA,2015,Jan,Winter,51.2254782055672,0,0.327772613864292,7.78337654713566,21.7699721148672,0.0978425713027738,3.50765618120444,1.25727704124064,0.816985470378161,2.17699721148672,1.30130619832689,0.151655985519299,0.171224499779854,0.127195342693606,1.21814001271953,6.24235604911697,0.391370285211095,1.43339366958564,99.0902248257355,0,0.435252151716464,0.474523022548025,0.0925795331967399,0.026974251886041,0.0581609172095282,0.847058210608558,0.0448388449255832,0.187791355404716,0.0813135204305508,0.0303935069367367,0.0178431432130061,0.0943914729921177,0.817988052393714,0.0160023929202727
SO_42019,2015-01-15,NANO,SOLA,2015,Jan,Winter,66.1284335560505,0,0.180957683741648,1.15998515219005,6.37527839643653,0.0649591685226429,0.691351150705271,0.988307349665924,0.4547141796585,7.45638455827765,1.67037861915367,0.111358574610245,0.0463994060876021,0.129918337045286,0.612472160356347,13.1495916852264,0.269116555308092,0.510393466963623,95.2638576864885,0.806932281876118,0.146714960341112,3.7824950712943,0.0925795331967399,0.026974251886041,0.0581609172095282,0.847058210608558,0.0448388449255832,0.187791355404716,0.0813135204305508,0.0303935069367367,0.0178431432130061,0.0943914729921177,0.817988052393714,0.0160023929202727
SO_42026,2015-01-22,PICO,SOLA,2015,Jan,Winter,54.3064369900272,0,0.256875188878815,6.04412209126624,8.14445451798126,0.0906618313689937,5.31882744031429,1.83590208522212,1.08794197642792,2.56119673617407,4.09489271683288,0.0302206104563312,0.370202478090057,0.37775763070414,0.710184345723784,13.5312783318223,0.256875188878815,0.982169839830765,99.4081425240629,0,0.316852992168351,0.275004483768757,0.154714512389392,0.0369072041877404,0.0828730251410803,1.3366526224432,0.0270355981601028,0.268263385871205,0.140825758968947,0.0548770880741979,0.0172794477867342,0.0707047009359782,1.2367775522068,0.0207699293152953
SO_42026,2015-01-22,NANO,SOLA,2015,Jan,Winter,74.1814504234967,0.0421389743373646,0.981838102060596,0.210694871686823,1.0745438456028,0.0674223589397834,0.248619948590451,0.219122666554296,0.206480974253087,16.8555897349459,0.316042307530235,0,0.0589945640723105,0.0758501538072563,0.0927057435422022,5.11567148455607,0.176983692216931,0.0758501538072563,93.0940211577321,1.29561393082135,0,5.61036491144657,0.154714512389392,0.0369072041877404,0.0828730251410803,1.3366526224432,0.0270355981601028,0.268263385871205,0.140825758968947,0.0548770880741979,0.0172794477867342,0.0707047009359782,1.2367775522068,0.0207699293152953
SO_42031,2015-01-27,PICO,SOLA,2015,Jan,Winter,54.3048633785874,0,0.146073208455061,3.50575700292146,8.62691184052243,0.0859254167382712,4.10723492008936,1.84739645987283,1.2029558343358,2.10517271008764,4.28767829523973,0.0601477917167898,0.524145042103454,0.231998625193332,0.824884000687403,16.4890874720742,0.764736208970614,0.885031792404193,99.3754013192458,0,0.239332204774969,0.385266475979219,0.146197222309386,0.0307322744244228,0.108926842898356,1.21229649298351,0.0254863028961779,0.286250018303548,0.146117785635881,0.0491211756131239,0.0153310759178975,0.0661252752538556,1.17119239293921,0.0226177463672937
SO_42031,2015-01-27,NANO,SOLA,2015,Jan,Winter,66.3402426418584,0,0.320983624394755,1.08808008269409,3.59610467330395,0.168652412817583,1.18600729013655,1.07719928186715,0.424351232250694,6.63728850443393,1.55051411783907,0,0.212175616125347,0.217616016538817,0.413470431423753,15.9675752135357,0.402589630596812,0.397149230183342,96.642549770653,0.709320470988793,0,2.64812975835816,0.146197222309386,0.0307322744244228,0.108926842898356,1.21229649298351,0.0254863028961779,0.286250018303548,0.146117785635881,0.0491211756131239,0.0153310759178975,0.0661252752538556,1.17119239293921,0.0226177463672937
SO_42033,2015-01-29,PICO,SOLA,2015,Jan,Winter,53.9098871616823,0,0.355085615087193,5.25526710329046,14.0219364002209,0,6.00489229069676,2.30411110234357,1.01791209658329,3.27467845024856,1.55448591493727,0.0946894973565849,0.45766590389016,0.0867987059102028,1.35721612877772,7.47257949972382,1.09682001104711,1.73597411820406,99.2583853025451,0,0.292151244451936,0.449463453002978,0.178390767812459,0.0461940639611624,0.136967128255889,1.35317486971758,0.0333303817595723,0.384976584562625,0.166883314974578,0.0647154466406895,0.0165576420565862,0.0867681251190672,1.3560960136261,0.0237022605450588
SO_42033,2015-01-29,NANO,SOLA,2015,Jan,Winter,65.2301255230125,0.0912894636744009,2.76150627615063,0.406998858881704,1.51768733358692,0.368961582350704,0.608596424496006,0.813997717763408,0.239634842145302,12.9060479269684,0.646633701027006,0,0.0456447318372005,0.159756561430202,0.197793837961202,13.0848231266641,0.414606314187904,0.505895777862305,92.4064089908118,1.8110714556914,0,5.78251955349685,0.178390767812459,0.0461940639611624,0.136967128255889,1.35317486971758,0.0333303817595723,0.384976584562625,0.166883314974578,0.0647154466406895,0.0165576420565862,0.0867681251190672,1.3560960136261,0.0237022605450588
SO_42037,2015-02-02,PICO,SOLA,2015,Feb,Winter,52.4126455906822,0,0.318912922906267,7.2240709927898,11.3144758735441,0.0693288962839712,5.86522462562396,1.98973932334997,1.1993899057127,2.72462562396007,1.89267886855241,0.0970604547975596,0.214919578480311,0.26344980587909,1.06766500277316,10.544925124792,0.700221852468109,2.10066555740433,99.0398406374502,0,0.338645418326693,0.621513944223108,0.0964039313522047,0.0414790826821104,0.117986755448097,0.660170023700636,0.029999703676579,0.243277050301347,0.10618779166411,0.0583351346265807,0.0171245054071803,0.070385973736834,0.799748327189935,0.0145169956924737
SO_42037,2015-02-02,NANO,SOLA,2015,Feb,Winter,63.3295222945767,0,0.288313366804195,0.854998260177959,2.34627429537207,0.238604165631058,1.24770094944574,1.16319530745141,0.516975692200626,8.70408112541631,1.25267186956306,0.0397673609385097,0.0596510414077646,0.119302082815529,0.442411890440921,18.4470845553512,0.357906248446587,0.591539493960332,95.4604666968736,0.702310829179882,0.0991164476665156,3.73810602628002,0.0964039313522047,0.0414790826821104,0.117986755448097,0.660170023700636,0.029999703676579,0.243277050301347,0.10618779166411,0.0583351346265807,0.0171245054071803,0.070385973736834,0.799748327189935,0.0145169956924737
SO_42039,2015-02-04,PICO,SOLA,2015,Feb,Winter,52.2903158335076,0.0836645053336122,0.366032210834553,8.84752143902949,15.7289270027191,0.0418322526668061,5.02509935160008,1.55302238025518,1.01443212717005,2.64588998117549,0.998745032419996,0.224848358084083,0.104580631667015,0.13595482116712,0.998745032419996,8.05270863836018,0.47584187408492,1.41183852750471,99.4202717865603,0,0.227527739683331,0.35220047375639,0.124671927947313,0.0282510985061832,0.0851118948847626,1.08818499044509,0.0315801736081153,0.224788729650005,0.113219404966186,0.048529330936445,0.0134907733356303,0.0930802438569045,1.05388480675791,0.0211479686387403
SO_42039,2015-02-04,NANO,SOLA,2015,Feb,Winter,62.5485093366205,0.0593526001004429,0.757887047436424,1.93580788019906,4.21860019175455,0.305894169748436,0.87659224763731,0.757887047436424,0.433730539195544,8.9302835228051,1.05008446331553,0.0410902616079989,0,0.337853262110213,0.296763000502214,16.70090855134,0.310459754371547,0.438296123818655,94.7809725018981,0.887993925989503,0,4.33103357211237,0.124671927947313,0.0282510985061832,0.0851118948847626,1.08818499044509,0.0315801736081153,0.224788729650005,0.113219404966186,0.048529330936445,0.0134907733356303,0.0930802438569045,1.05388480675791,0.0211479686387403
SO_42044,2015-02-09,PICO,SOLA,2015,Feb,Winter,57.0099790563016,0,0.314155476161143,12.9296538129851,9.88049772083282,0.0369594677836639,4.45977577922878,1.02254527534804,1.56461746950844,2.29148700258716,0.960946162375262,0.0739189355673278,0.967106073672539,0.0431193790809412,0.868547492916102,5.55008007884686,0.363434766539362,1.66317605026488,99.9110785647034,0,0.0889214352965791,0,0.164720407438678,0.0517946210268494,0.0511741312852671,1.48679110643748,0.0227464831330694,0.143893127113816,0.157013443133488,0.0581302864612492,0.00866104140950289,0.062814679613819,1.34294310691563,0.0271224747412464
SO_42044,2015-02-09,NANO,SOLA,2015,Feb,Winter,64.515191161506,0,0.474875224112032,1.49731065561855,2.45675243494694,0.0387653244173087,1.48277365896206,0.56694286960314,0.479720889664195,8.78519164607259,1.39070601347095,0.0339196588651451,0.130832969908417,0.368270581964433,0.44580123079905,16.9016814459466,0.155061297669235,0.276202936473325,98.2110128297075,0.227109729858953,0,1.5618774404335,0.164720407438678,0.0517946210268494,0.0511741312852671,1.48679110643748,0.0227464831330694,0.143893127113816,0.157013443133488,0.0581302864612492,0.00866104140950289,0.062814679613819,1.34294310691563,0.0271224747412464
SO_42051,2015-02-16,PICO,SOLA,2015,Feb,Winter,33.6111896015824,0,0.211924272393331,14.9194687764905,10.624470189319,0,2.61373269285109,0.600452105114439,0.656965244419327,1.93557502119243,5.10737496467929,0.190731845153998,2.4936422718282,0.388527832721108,0.628708674766883,25.1483469906753,0.148346990675332,0.720542526137327,99.4718127524424,0,0.124279352366486,0.40390789519108,0.14226821946975,0.0439504599888095,0.0536110628916667,1.3129586167419,0.0659282205496428,0.0574921851257143,0.113539634990952,0.0481240661654762,0.0133038807188571,0.137981081844048,1.27604222109357,0.0314923261522024
SO_42051,2015-02-16,NANO,SOLA,2015,Feb,Winter,68.1758782381428,0,1.06849104466139,0.714889691751864,1.42593589053732,0.54193250826351,0.18064416942117,0.0345914366976708,0.0807133522945653,19.7747713121685,0.407410254439234,0,0.261357521715735,0.0768698593281574,0.115304788992236,6.98747021292951,0.0461219155968945,0.10761780305942,95.0880881606612,0.493003697527731,0,4.41890814181106,0.14226821946975,0.0439504599888095,0.0536110628916667,1.3129586167419,0.0659282205496428,0.0574921851257143,0.113539634990952,0.0481240661654762,0.0133038807188571,0.137981081844048,1.27604222109357,0.0314923261522024
SO_42054,2015-02-19,PICO,SOLA,2015,Feb,Winter,36.1360281594186,0,0.26115589871693,28.8690814125128,14.3692517315772,0.0397411150221415,3.90030657431589,0.482570682411718,1.16384693993414,1.6577722266379,0.970818666969456,0.0851595321903032,3.03735664812081,0.158964460088566,1.67480413307596,6.65379811513569,0.107868740774384,0.431474963097536,99.4793402199267,0,0.129123625458181,0.391536154615128,0.11794689851175,0.063847622179,0.035308737615,0.862047611988,0.1000211961915,0.1141395443895,0.087498951106,0.0732483807495,0.01599766004295,0.188844534505,1.0340821989265,0.02312861896815
SO_42054,2015-02-19,NANO,SOLA,2015,Feb,Winter,65.1924651924652,0.0301737143842407,0.629337471442735,3.48290874606664,4.80193111772059,0.0646579593948015,1.02159575843786,0.086210612526402,0.525884736411052,14.3497564550196,0.788827104616578,0.0689684900211216,0.547437389542653,0.163800163800164,0.551747920168973,7.51756541230225,0.0991422044053623,0.0775895512737618,94.4769034142779,0.506664232243929,0,5.01643235347818,0.11794689851175,0.063847622179,0.035308737615,0.862047611988,0.1000211961915,0.1141395443895,0.087498951106,0.0732483807495,0.01599766004295,0.188844534505,1.0340821989265,0.02312861896815
SO_42058,2015-02-23,PICO,SOLA,2015,Feb,Winter,45.4486275360746,0.0650971031789085,0.352609308885755,16.518389931648,6.59108169686449,0.086796137571878,6.36866659433655,0.537051101225995,2.0993815775198,3.27112943474015,2.98361722903331,0.0488228273841814,0.439405446457633,0.347184550287512,2.63100792014755,11.9398936747315,0.0976456547683628,0.173592275143756,99.2488219101386,0,0.0979797508514907,0.653198339009938,0.154365699703359,0.0645366848671875,0.0634398195390625,1.175487104425,0.0826681934507812,0.177241955784375,0.147423107528906,0.0888819063515625,0.0135407762880469,0.150333094140625,1.23663636447578,0.0286952484928125
SO_42058,2015-02-23,NANO,SOLA,2015,Feb,Winter,66.7214709928531,0.04361976982183,1.23477502264873,1.56024561285777,1.4495185048485,0.345602791665269,0.74153608697111,0.154346877831091,0.402644029124585,19.6624500889172,0.724759252424253,0.0167768345468577,0.117437841828004,0.0973056403717747,0.845552461161628,5.7645203503003,0.0704627050968023,0.0469751367312016,92.5510099456578,0.799753921870194,0,6.64923613247206,0.154365699703359,0.0645366848671875,0.0634398195390625,1.175487104425,0.0826681934507812,0.177241955784375,0.147423107528906,0.0888819063515625,0.0135407762880469,0.150333094140625,1.23663636447578,0.0286952484928125
SO_42061,2015-02-26,PICO,SOLA,2015,Feb,Winter,45.7323788546256,0.0220264317180617,0.45704845814978,19.3226872246696,8.83810572687225,0.066079295154185,7.13656387665198,1.30506607929515,0.649779735682819,2.97907488986784,1.6079295154185,0.148678414096916,0.490088105726872,0.220264317180617,2.05947136563877,8.1057268722467,0.429515418502203,0.429515418502203,99.3816254416961,0,0.183745583038869,0.434628975265018,0.0918239015925,0.07147095164,0.10279700845,0.68447123516,0.077477573565,0.267463760565,0.1224806971,0.11408876116,0.0212048033445,0.15488744755,1.15722693212,0.025081977434
SO_42061,2015-02-26,NANO,SOLA,2015,Feb,Winter,57.8027235921973,0,0.840387682492946,3.9504355293829,2.5518341307815,0.637958532695375,1.96294933137038,0.545945282787388,0.257637099742363,13.8326585695007,0.717703349282297,0.0306710833026622,0.110415899889584,0.110415899889584,0.864924549135076,15.1883204514783,0.282173966384493,0.312845049687155,94.9875653062405,0.393283337510362,0,4.61915135624916,0.0918239015925,0.07147095164,0.10279700845,0.68447123516,0.077477573565,0.267463760565,0.1224806971,0.11408876116,0.0212048033445,0.15488744755,1.15722693212,0.025081977434
SO_42065,2015-03-02,PICO,SOLA,2015,Mar,Spring,29.4796077557388,0.0334299086249164,0.417873857811455,25.4345888121239,1.71049699130822,0.15600624024961,4.65232895030087,1.398484510809,0.117004680187207,3.15355471361712,4.71361711611322,0,0.18386449743704,0.0835747715622911,0.373300646311567,27.6298194784934,0.161577891687096,0.300869177624248,99.1020000907071,0,0.140595945394349,0.75740396389859,0.1417524647154,0.112801882057333,0.100021113686667,0.827566403264,0.05137134617,0.333489393826,0.158355913989333,0.162012931454,0.0123335199264,0.119262283103333,1.21113694499667,0.0292053248406
SO_42065,2015-03-02,NANO,SOLA,2015,Mar,Spring,51.2470243545138,0.124519318806079,0.651895257278887,1.65903680644571,0.835011902581945,3.31807361289141,1.16462186412745,0.428492950009156,0.142830983336385,11.2946346822926,0.578648599157663,0,0.0439479948727339,0.0183116645303058,0.373557956418238,27.7311847646951,0.183116645303058,0.205090642739425,95.6992410425369,0.01765017356004,0,4.28310878390304,0.1417524647154,0.112801882057333,0.100021113686667,0.827566403264,0.05137134617,0.333489393826,0.158355913989333,0.162012931454,0.0123335199264,0.119262283103333,1.21113694499667,0.0292053248406
SO_42067,2015-03-04,PICO,SOLA,2015,Mar,Spring,45.2142813844942,0,1.21840334606292,9.53506698187549,2.58228768867067,0.0848639146511487,13.6327817178881,2.89143480632842,0.454628114202582,5.70406740619507,2.06704249257441,0.16366612111293,0.133357580166091,0.10911074740862,1.21840334606292,13.911620294599,0.551615445232467,0.527368612474995,98.7677141096734,0,0.0978579971729912,1.13442789315356,0.1306602425898,0.130173094986,0.1050467707575,0.696856770534,0.04163009766375,0.36293646545775,0.097858667456,0.123105612344,0.0101897303949,0.10362991161875,1.108787655965,0.019538374107775
SO_42067,2015-03-04,NANO,SOLA,2015,Mar,Spring,50.0421893457839,0.151881644821961,2.17697024244811,2.45823254767396,1.2206784046802,2.41885582494234,2.18822073465714,1.42881251054734,0.146256398717444,11.3967486077516,0.753782978005288,0.0337514766271024,0.0562524610451707,0.0618777071496878,0.466895426674917,24.1773077572144,0.303763289643922,0.517522641615571,92.4452200891991,0.3471010277293,0,7.20767888307155,0.1306602425898,0.130173094986,0.1050467707575,0.696856770534,0.04163009766375,0.36293646545775,0.097858667456,0.123105612344,0.0101897303949,0.10362991161875,1.108787655965,0.019538374107775
SO_42072,2015-03-09,PICO,SOLA,2015,Mar,Spring,46.0381723539618,0.10989010989011,0.931174089068826,11.5268941584731,3.97917871602082,0.10989010989011,7.3048004626952,2.29034123770966,2.24985540775014,5.96876807403123,1.61364950838635,0,0.133024869866975,0,0.769230769230769,16.390977443609,0.416425679583574,0.167727009832273,97.875118708452,0,0.0553972776194998,2.06948401392846,0.151074955728731,0.099854594638178,0.126079410428531,0.708893156772712,0.0513139438547034,0.60381034217286,0.171131541678404,0.192502538753545,0.0210362582075593,0.114446269327966,1.28582547139452,0.0258602161082415
SO_42072,2015-03-09,NANO,SOLA,2015,Mar,Spring,54.4055760126249,0.210415570752236,2.97211993687533,3.97159389794845,2.55128879537086,0.236717517096265,2.51183587585481,2.03840084166228,2.70910047343503,13.8479747501315,0.341925302472383,0,0.0789058390320884,0,0.72330352446081,12.480273540242,0.407680168332457,0.512887953708574,92.0354457572503,0,0,7.96455424274973,0.151074955728731,0.099854594638178,0.126079410428531,0.708893156772712,0.0513139438547034,0.60381034217286,0.171131541678404,0.192502538753545,0.0210362582075593,0.114446269327966,1.28582547139452,0.0258602161082415
SO_42074,2015-03-11,PICO,SOLA,2015,Mar,Spring,50.7853146166683,0.0539903798959458,0.750957102189065,11.7993521154412,4.52046726219692,0.044173947187592,9.55629724158241,5.23215863355257,2.45901639344262,4.31432217532149,1.47246490625307,0.0883478943751841,0.0981643270835378,0,0.898203592814371,5.90949249042898,1.30067733385688,0.716599587709826,98.4392376423668,0,0.0690263450550293,1.49173601257813,0.170139606945,0,0.208324098074074,0.511130672696296,0.0249996173166667,0.854004018116666,0.177499387588889,0.147733333753704,0.0252388629716667,0.0906582326018518,1.18431729191852,0.020263054625
SO_42079,2015-03-16,PICO,SOLA,2015,Mar,Spring,61.6971454058876,0.0724799286351472,0.412578055307761,14.3844781445138,3.41770740410348,0.172836752899197,5.63670829616414,2.39741302408564,1.83987511150758,3.55151650312221,0.819580731489741,0.0167261373773417,0.10593220338983,0,0.936663693131133,3.77453166815343,0.362399643175736,0.4014272970562,98.6207870457541,0,0.1600451892299,1.219167765016,0.153809760923645,0.0779084539323026,0.187474847671711,0.624961966714474,0.0373416761874671,0.750465568310526,0.129963538854671,0.103843597790625,0.0372603519251941,0.125301460686513,1.31978361387332,0.0214833946659803
SO_42079,2015-03-16,NANO,SOLA,2015,Mar,Spring,79.2503769152554,0.220889870621647,1.07289365730514,3.32386662459241,1.59531573226745,0.93264612040251,1.19561025209495,1.00276988885383,1.23067213632061,6.72486939448126,0.217383682199081,0,0.0666175800287507,0.0490866379159216,0.389186914904807,2.31057817047088,0.178815609550857,0.238420812734476,88.8386648122392,0.280838771798438,0,10.8804964159623,0.153809760923645,0.0779084539323026,0.187474847671711,0.624961966714474,0.0373416761874671,0.750465568310526,0.129963538854671,0.103843597790625,0.0372603519251941,0.125301460686513,1.31978361387332,0.0214833946659803
SO_42082,2015-03-19,PICO,SOLA,2015,Mar,Spring,61.1576542269612,0.114242193450114,0.251332825590251,9.42878903274943,2.37623762376238,0.114242193450114,7.65422696115765,2.6961157654227,0.609291698400609,8.72810357958873,0.654988575780655,0,0.533130236100533,0,2.76466108149276,1.83549124143184,0.654988575780655,0.426504188880427,97.6992184646848,0,0.211817982616317,2.08896355269885,0.1461703092234,0.0951943423346667,0.153929572453333,0.318342938176,0.02285011751,0.605294061346,0.130224694351333,0.217288722955333,0.0351568351224,0.0750931205933333,1.03803131778267,0.028869326553
SO_42082,2015-03-19,NANO,SOLA,2015,Mar,Spring,69.1075180947934,1.4008872285781,0.487392014942797,1.24912444548214,0.595377072145692,0.653747373336446,1.31916880691104,1.66063506887696,0.70044361428905,19.810880224142,0.107985057202895,0,0.099229512024282,0,0.823021246789634,1.63436843334112,0.20429605416764,0.145925752976885,90.5396428431871,0.00781524754796608,0,9.45254190926498,0.1461703092234,0.0951943423346667,0.153929572453333,0.318342938176,0.02285011751,0.605294061346,0.130224694351333,0.217288722955333,0.0351568351224,0.0750931205933333,1.03803131778267,0.028869326553
SO_42086,2015-03-23,PICO,SOLA,2015,Mar,Spring,48.0715251065599,0.379457324046159,0.452229961534463,4.1844266555775,1.76733548185882,0.462626052604221,9.88148456180476,1.74134525418443,4.15843642790311,16.0827528849153,1.63738434348685,0.0207921821395155,1.17475829088263,0,2.4118931281838,7.06934192743528,0.400249506185674,0.103960910697578,97.3233825262331,0,0,2.6766174737669,0.121520225800658,0.107864147165789,0.0680077678947368,0.444762860494737,0.0375732074328947,0.409132211332895,0.0924126729302631,0.183682594613158,0.0337922881176316,0.0933907055921052,1.11190712996184,0.0214672036127632
SO_42086,2015-03-23,NANO,SOLA,2015,Mar,Spring,63.2856962185405,3.97116479069179,0.5438219299355,3.40521057291008,1.77690653851018,1.75793600607057,3.31035791071203,0.758821297584419,7.28784621221702,9.98166181864171,0.0916909067914506,0.0316175540660175,0.904262046288099,0,0.85051220437587,1.73580371822436,0.202352346022512,0.104337928417858,95.8655183639646,0,0,4.1344816360354,0.121520225800658,0.107864147165789,0.0680077678947368,0.444762860494737,0.0375732074328947,0.409132211332895,0.0924126729302631,0.183682594613158,0.0337922881176316,0.0933907055921052,1.11190712996184,0.0214672036127632
SO_42093,2015-03-30,PICO,SOLA,2015,Mar,Spring,43.936164083655,0.316875036008527,0.737454629256208,9.2815578729043,5.64037564095178,0.178602293022988,11.9433081753759,1.41153425131071,2.22388661635075,8.27908048625915,2.67327303105375,0.0288068214553206,1.19260240825027,0,1.18107967966815,10.0247738664516,0.743215993547272,0.207409114478308,96.3510592304367,0,0,3.64894076956334,0.11466940122,0.0719722509,0.0866270984714286,0.552523064422857,0.0530990779457143,0.326794858037143,0.112289583728571,0.153911898163571,0.0414880257593571,0.101356703682143,1.06983120106786,0.0277314376153571
SO_42093,2015-03-30,NANO,SOLA,2015,Mar,Spring,25.0461299407594,2.45702631834515,0.271923861318831,0.773688129228578,0.621540254443042,1.33695898481758,0.657149331520508,0.21689165129002,0.514713023210644,66.223171797611,0.0938784759315011,0,0.148910685960312,0.00971156647567253,0.148910685960312,1.29163834126445,0.100352853581949,0.0874040982810527,91.8419144307469,0,0,8.15808556925308,0.11466940122,0.0719722509,0.0866270984714286,0.552523064422857,0.0530990779457143,0.326794858037143,0.112289583728571,0.153911898163571,0.0414880257593571,0.101356703682143,1.06983120106786,0.0277314376153571
SO_42102,2015-04-08,PICO,SOLA,2015,Apr,Spring,42.2997536453825,0.459418070444104,0.62587389306878,14.0621878953326,11.8849457354018,0.0732405619548572,16.931886277382,1.47146947200213,1.86430521339636,3.12271123243891,1.03202610027299,0.119848192289766,0.539316865303948,0,0.898861442173247,2.36367268127039,0.965443771223117,1.28503895066249,91.2214697767745,0,0,8.77853022322548,0.084739018749,0.0131817833986667,0.0817716365733333,0.202151766336,0.070813699362,0.195056430326,0.0501864874926667,0.166987293315333,0.0890555778672,0.122198864223333,0.782505830290666,0.0253374147286667
SO_42102,2015-04-08,NANO,SOLA,2015,Apr,Spring,40.9563832310977,1.8707425356695,0.501575897244722,1.98596943098248,3.6533703866879,3.69742772901345,4.78530518182126,0.901481004507405,1.67078998203816,35.2967092554309,0.264344053953299,0.0372792896600807,0.159284237638526,0,0.667638187548717,2.77561256650964,0.457518554919172,0.318568475277053,81.9130184539012,0,0,18.0869815460988,0.084739018749,0.0131817833986667,0.0817716365733333,0.202151766336,0.070813699362,0.195056430326,0.0501864874926667,0.166987293315333,0.0890555778672,0.122198864223333,0.782505830290666,0.0253374147286667
SO_42107,2015-04-13,PICO,SOLA,2015,Apr,Spring,29.6466803483277,5.87386987631039,0.327250540795385,5.06961007266071,5.31920794275889,0.105385767374785,9.51245216040823,0.449276166176715,0.61012812690665,8.31992900327251,8.55843363469965,0.07765267069721,0.4437295468412,0.027733096677575,1.7749181873648,23.4067335958733,0.183038438071995,0.293970824782295,84.3370946856584,0,0,15.6629053143416,0.07847611518285,0.036677202287,0.02900204573,0.441278590088,0.0389414174955,0.09576303828,0.083939929565,0.1484347446615,0.1050745773159,0.0650994723775,0.841448035002,0.0280971199622
SO_42107,2015-04-13,NANO,SOLA,2015,Apr,Spring,48.0949077285972,8.3613153878174,0.158179547661995,0.541140557791036,0.602192313029,1.14610795060358,0.629943110864437,0.191480505064521,0.0666019148050506,38.4764811988345,0.122103510475926,0.0194255584848064,0.144304148744276,0,0.399611488830304,0.965727764673234,0,0.0804773137227695,73.7859399261123,0,0,26.2140600738877,0.07847611518285,0.036677202287,0.02900204573,0.441278590088,0.0389414174955,0.09576303828,0.083939929565,0.1484347446615,0.1050745773159,0.0650994723775,0.841448035002,0.0280971199622
SO_42114,2015-04-20,PICO,SOLA,2015,Apr,Spring,31.4793577981651,3.99942660550459,0.344036697247706,0.186353211009174,0.200688073394495,2.25057339449541,0.379873853211009,0.39420871559633,0.487385321100917,14.485378440367,5.72677752293578,0,0.100344036697248,0,0.186353211009174,39.6932339449541,0.0860091743119266,0,87.5854214123007,0,0,12.4145785876993,0.11492250195195,0.038832789105,0.060825203725,1.013415748072,0,0.2014763373075,0.1477439800725,0.0384458945475,0.06616036528875,0.03181487397,0.9852841133185,0.03087721105675
SO_42114,2015-04-20,NANO,SOLA,2015,Apr,Spring,28.1496174553698,5.83168036270898,0.793425899688297,0.028336639274582,0,1.11362992349107,0.0566732785491641,0.294701048455653,0.187021819212241,62.2130915273449,0.1898554831397,0,0.11051289317087,0,0.0198356474922074,0.963445735335789,0.0481722867667895,0,75.6910359080341,0,0,24.3089640919659,0.11492250195195,0.038832789105,0.060825203725,1.013415748072,0,0.2014763373075,0.1477439800725,0.0384458945475,0.06616036528875,0.03181487397,0.9852841133185,0.03087721105675
SO_42121,2015-04-27,PICO,SOLA,2015,Apr,Spring,67.0269423558897,1.73872180451128,0.148809523809524,0,0,1.07299498746867,0.0469924812030075,0.548245614035088,0.06265664160401,6.8765664160401,3.125,0,0,0.031328320802005,0.140977443609023,19.1416040100251,0,0.0391604010025063,91.613832055151,0,0,8.38616794484897,0.2196583267725,0.06707602055,0.10773727875,1.6674783076,0,0.45235142775,0.26242524185,0.046444722775,0.0296817573825,0.05404471325,1.4373178668,0.0431851346
SO_42121,2015-04-27,NANO,SOLA,2015,Apr,Spring,54.7691192938542,10.6086555562875,0.734470719978921,0,0,1.17581187010078,0.0131743626902049,0.0823397668137804,0.0395230880706146,30.9399907779461,0.0724589947961267,0,0,0,0.0164679533627561,1.50846452802846,0.0395230880706146,0,87.4508232551362,0,0,12.5491767448638,0.2196583267725,0.06707602055,0.10773727875,1.6674783076,0,0.45235142775,0.26242524185,0.046444722775,0.0296817573825,0.05404471325,1.4373178668,0.0431851346
SO_42128,2015-05-04,PICO,SOLA,2015,May,Spring,35.4938544522062,33.4512335308162,0.0442125740560615,0,0.0618976036784862,0.0707401184896985,0.132637722168185,0.822353877442745,0.176850296224246,20.1874613139977,2.07799098063489,0,0.11495269254576,0,0.132637722168185,7.23317711557167,0,0,92.2628636406709,0,0,7.7371363593291,0.169797922934062,0.0674665254083333,0.109748241333333,0.936475152808333,0,0.44061301781875,0.235189056282292,0.06556843033125,0.01870480988625,0.0453045545104167,0.97501485388125,0.0263573218114583
SO_42128,2015-05-04,NANO,SOLA,2015,May,Spring,44.4512319283242,22.8924862553451,0.346161677866015,0.0279983710038689,0,1.18102219507229,0.0636326613724292,0.13490124210955,0.0992669517409896,28.8688658114437,0.173080838933008,0,0.0381795968234575,0,0.0254530645489717,1.55009163103238,0.147627774384036,0,92.6006241074734,0,0,7.39937589252658,0.169797922934062,0.0674665254083333,0.109748241333333,0.936475152808333,0,0.44061301781875,0.235189056282292,0.06556843033125,0.01870480988625,0.0453045545104167,0.97501485388125,0.0263573218114583
SO_42135,2015-05-11,PICO,SOLA,2015,May,Spring,23.8341968911917,28.1785571941012,0,0,0,0.135512156237545,0.0239139099242726,0.470306895177362,0,46.751693901953,0.111598246313272,0,0,0,0.0797130330809087,0.414507772020725,0,0,90.2714388662023,0,0,9.72856113379774,0.1206755264715,0.120708684314167,0.136399743375,0.39221043204,0.0020231211125,0.51440530408625,0.151626688109583,0.0209773859991667,0.014211223483125,0.04843996664375,0.744042342878333,0.00988530049720833
SO_42135,2015-05-11,NANO,SOLA,2015,May,Spring,47.1553714303785,27.5924227570286,0.0442743746244584,0,0,0.67676544068815,0.0537617406154138,0.433256380253629,0.0316245533031846,22.9372885107998,0.243509060434521,0,0.0252996426425477,0,0.0252996426425477,0.660953164036558,0.120173302552101,0,92.0534735919351,0,0,7.94652640806487,0.1206755264715,0.120708684314167,0.136399743375,0.39221043204,0.0020231211125,0.51440530408625,0.151626688109583,0.0209773859991667,0.014211223483125,0.04843996664375,0.744042342878333,0.00988530049720833
SO_42142,2015-05-18,NANO,SOLA,2015,May,Spring,44.669661444067,13.6262371717614,0.182608378072386,0.0328695080530295,0,3.48416785362112,0.025565172930134,1.78956210510938,0.0876520214747453,33.2310726416128,0.686607501552171,0.0620868485446112,0,0.0401738431759249,0.277564734670027,0.598955480077426,1.20521529527775,0,94.0765400170578,0,0,5.9234599829422,0.097976981862375,0.0434190805491667,0.0966600737958333,0.506245486513333,0.0129129289275,0.5611389571375,0.166888692175417,0.0161262757654167,0.02710268679525,0.0400075720458333,0.794192608554583,0.0162853555989167
SO_42156,2015-06-01,PICO,SOLA,2015,Jun,Summer,67.0810577752228,3.420523138833,1.1569416498994,0.107789594711124,0.366484622017821,0.63236562230526,3.11152630066111,2.9031330842196,2.92469100316183,9.97413049726933,1.40845070422535,0.0215579189422248,1.25754527162978,0.625179649324519,2.74504167864329,0.984478298361598,1.14256970393791,0.13653348663409,92.1475809258615,0,0,7.85241907413853,0.0465123537639172,0.0307347990343949,0.0910100461592357,0.131863951240764,0,0.224903194872611,0.0887245432203821,0.0268006358203822,0.0601959438771019,0.0129213368598726,0.272911875056051,0.00987551118515924
SO_42156,2015-06-01,NANO,SOLA,2015,Jun,Summer,51.5863297339419,4.57530891684293,0.52877657798063,0,0,0.929533563397529,0.467549816319715,1.36368696426584,0.695758655237671,35.0551040854948,0.962929978848937,0,0.512078370254926,0.200378492708449,1.38038517199154,0.979628186574641,0.762551486140488,0,60.3836398224477,0,0,39.6163601775523,0.0465123537639172,0.0307347990343949,0.0910100461592357,0.131863951240764,0,0.224903194872611,0.0887245432203821,0.0268006358203822,0.0601959438771019,0.0129213368598726,0.272911875056051,0.00987551118515924
SO_42160,2015-06-05,PICO,SOLA,2015,Jun,Summer,52.1601360228766,11.8092588298941,0.633742947677564,0,0.262771466110209,0.610557230079604,3.98021485431641,1.08200015457145,0.19321431331633,24.1517891645413,0.378700054100008,0,0.301414328773476,0.185485740783677,1.17474302496329,2.31084318726331,0.618285802612258,0.146842878120411,87.5798342166055,0,0,12.4201657833945,0.0542560082331137,0.0397311649061344,0.0528618401388494,0.139148021733115,0.0910399239553503,0.187874632715384,0.0639910455113224,0,0.0226843796624906,0.0119542461776865,0.353067371283128,0.00690617668711219
SO_42160,2015-06-05,NANO,SOLA,2015,Jun,Summer,38.6812443642922,7.42335437330929,0.0293056807935077,0.0157799819657349,0,0.128494138863841,0.0428313796212804,0.13751127141569,0,52.9711451758341,0.0270513976555455,0,0,0.0112714156898106,0.018034265103697,0.0653742110009017,0.448602344454464,0,83.1901344384919,0,0,16.8098655615081,0.0542560082331137,0.0397311649061344,0.0528618401388494,0.139148021733115,0.0910399239553503,0.187874632715384,0.0639910455113224,0,0.0226843796624906,0.0119542461776865,0.353067371283128,0.00690617668711219
SO_42177,2015-06-22,PICO,SOLA,2015,Jun,Summer,43.4074877916441,19.5678981897105,0.143047402949736,0,0.0246633453361614,0.488334237655996,0,1.59325210871603,0.0542593597395551,32.6000098653381,0.789227050757165,0,0.0197306762689291,0.034528683470626,0.0690573669412519,0.961870468110295,0.103586050411878,0.143047402949736,84.482305305779,0,0,15.517694694221,0.185068621431805,0.139901244853624,0.269137955550809,0.973737691171257,0.0595468362713379,0.562265621124273,0.155481614323412,0.154806028171043,0.0242514124318926,0.144911297249789,1.52206514460625,0.0208952725566172
SO_42177,2015-06-22,NANO,SOLA,2015,Jun,Summer,13.602110918297,1.40014738393515,0.109349371241115,0,0,0.128366653196092,0,0.311407992012742,0.135498133929208,83.3907813725723,0.18304133881665,0,0,0,0,0.45879192716381,0.280504908835905,0,95.7672651028699,0.0393133272179269,0,4.1934215699122,0.185068621431805,0.139901244853624,0.269137955550809,0.973737691171257,0.0595468362713379,0.562265621124273,0.155481614323412,0.154806028171043,0.0242514124318926,0.144911297249789,1.52206514460625,0.0208952725566172
SO_42184,2015-06-29,PICO,SOLA,2015,Jun,Summer,67.763270425908,1.90432749871714,0.370602656935971,0.0285078966873824,0.153942642111865,2.05827014082901,0.530246878385313,8.15325845259137,2.4972917498147,8.01642054849193,0.285078966873824,0.165345800786818,2.58281543987685,0.313586863561206,1.5280232624437,1.54512800045613,1.7218769599179,0.382005815610924,91.6311991117691,0.00693930421909696,0,8.36186158401184,0.0160017765554972,0.0178765669382369,0.0347410224248234,0.042064434114915,0.0227614052513589,0.122357303494674,0.0501628234228782,0,0.0250863466889727,0,0.160909163199571,0.00537711499677629
SO_42191,2015-07-06,PICO,SOLA,2015,Jul,Summer,74.2045083306109,12.2574322116955,0.666448872917347,0.0914733747141457,0.0914733747141457,0.999673309376021,0.267886311662855,1.88173799411957,0.757922247631493,5.44266579549167,1.39170205815093,0.0653381247958184,0.294021561581183,0,0.228683436785364,0.993139496896439,0.365893498856583,0,92.1795754805585,0,0,7.82042451944149,0.0403554465550465,0.025241613130581,0.0512588124992404,0.307757005875561,0,0.128194944005233,0.0517699427844352,0.0123095594658286,0.0534890471051159,0.017998930899496,0.394362371834992,0.0108939043921623
SO_42191,2015-07-06,NANO,SOLA,2015,Jul,Summer,39.2447497288592,9.59345318302823,0.052584875275249,0,0,0.246491602852729,0,0.213626055805699,0.0953100864363887,49.6992802445197,0.0328655470470306,0,0,0.0295789923423275,0.0164327735235153,0.131462188188122,0.6441647221218,0,90.780979373327,0,0,9.21902062667296,0.0403554465550465,0.025241613130581,0.0512588124992404,0.307757005875561,0,0.128194944005233,0.0517699427844352,0.0123095594658286,0.0534890471051159,0.017998930899496,0.394362371834992,0.0108939043921623
SO_42200,2015-07-15,PICO,SOLA,2015,Jul,Summer,72.0200698080279,2.63089005235602,0.183246073298429,0.043630017452007,0.986038394415358,0.597731239092496,0.109075043630017,2.79668411867365,0.959860383944154,12.4825479930192,1.8455497382199,0.0218150087260035,0.6282722513089,0.780977312390925,0.580279232111693,2.31675392670157,1.01657940663176,0,93.2016215460603,0,0.0605749965052887,6.73780345743442,0.0138672108737159,0.013490322130149,0.033115826169165,0.0554940580969255,0.012112918305594,0.105890679929582,0.0449252896519726,0,0.0324089889529291,0.00946929786448602,0.150875966505368,0.00711306574715284
SO_42200,2015-07-15,NANO,SOLA,2015,Jul,Summer,57.525095433338,4.23087798671002,0.190866676092182,0.0176728403789057,0,0.374664216032801,0.0176728403789057,0.689240774777322,0.275696309910929,30.1604693906405,1.2370988265234,0,0.141382723031246,0.31104199066874,0.0812950657429662,3.149300155521,1.5375371129648,0.0600876572882794,94.5935025052529,0.412154517536771,0,4.99434297721028,0.0138672108737159,0.013490322130149,0.033115826169165,0.0554940580969255,0.012112918305594,0.105890679929582,0.0449252896519726,0,0.0324089889529291,0.00946929786448602,0.150875966505368,0.00711306574715284
SO_42205,2015-07-20,PICO,SOLA,2015,Jul,Summer,74.503020602055,0.294315072029741,0.640264367222595,0.294315072029741,1.2392213559147,2.08602261578975,1.00686735168069,3.92936438271286,2.00340785872877,7.24428150978468,0.222027159601384,0.438890896886456,1.7452367429132,0.0671244901120463,2.00340785872877,0.196210048019828,1.78654412144369,0.299478494346053,92.0398009950249,0,0,7.96019900497512,0.0171548501245118,0.0246328925566923,0.0390257946607009,0.0644848775080748,0,0.124741016823793,0.0638353459687908,0.00237889660475164,0.0432047626996431,0.0116898893180698,0.187130097227747,0.00842058479913634
SO_42205,2015-07-20,NANO,SOLA,2015,Jul,Summer,48.1647646019684,2.93301180495191,0.061688584807784,0,0,0.064492611389956,0.025236239239548,0.221518099991588,0.095336903793848,43.3390348540504,0,0,0,0,0.016824159493032,0.137397302526428,4.94069483778706,0,80.6329369078815,0.592622455150171,0,18.7744406369684,0.0171548501245118,0.0246328925566923,0.0390257946607009,0.0644848775080748,0,0.124741016823793,0.0638353459687908,0.00237889660475164,0.0432047626996431,0.0116898893180698,0.187130097227747,0.00842058479913634
SO_42212,2015-07-27,PICO,SOLA,2015,Jul,Summer,78.9038481925156,1.86579031061168,0.530054065514682,0.0954097317926429,0.360436764549984,0.402841089791159,0.169617300964698,3.90119792218806,0.699671366479381,8.16283260892611,0.381638927170571,0.148415138344111,0.604261634686738,0.106010813102937,1.19792218806318,0.90109191137496,1.19792218806318,0.371037845860278,92.4843057201809,0.175600333640634,0,7.3400939461785,0.016866214142423,0.0138800558847895,0.028458621793302,0.0579775850834329,0,0.132478081232053,0.0413032370212253,0,0.0237840705144691,0,0.170089677489115,0.00489740567222063
SO_42212,2015-07-27,NANO,SOLA,2015,Jul,Summer,51.2638310831388,1.81453659526952,0.0786722160186783,0,0,0.0786722160186783,0.0355293878794031,0.946604405644097,0.0862856562785504,40.830880113694,0,0,0.0329915744594457,0,0.114201603898081,0.784184346766826,3.93361080093392,0,82.4835902915585,0.862463745992978,0,16.6539459624485,0.016866214142423,0.0138800558847895,0.028458621793302,0.0579775850834329,0,0.132478081232053,0.0413032370212253,0,0.0237840705144691,0,0.170089677489115,0.00489740567222063
SO_42219,2015-08-03,PICO,SOLA,2015,Aug,Summer,67.6789803843473,8.40386338743403,0.970825450562581,0.726874439908394,0.965846858508414,0.891167977695908,0.821467688937568,3.83849447376282,0.930996714129244,7.39320920043812,2.27521656875436,0.194165090112516,0.83640346510007,0.0448073284875037,1.03554714726675,1.65787115403764,0.876232201533406,0.458030468983371,90.1958296324494,0.317218627077782,0.148035359302965,9.3389163811699,0.0223819535876597,0.0127846273817122,0.0313940998786265,0.106221956851867,0.0342380319712933,0.129432571673825,0.0598270438580867,0.00443285490830961,0.0460045292004014,0.00498521744495824,0.217896563741299,0.00578129107047144
SO_42219,2015-08-03,NANO,SOLA,2015,Aug,Summer,44.8782757016592,13.6238176461467,0.0124050240347341,0,0.00930376802605055,0.198480384555745,0,0.338036904946503,0.0620251201736703,37.0786168398201,0.0124050240347341,0,0,0.0372150721042022,0.0248100480694681,0.592339897658552,3.13226856877035,0,70.2244131724513,1.24387377833825,0,28.5317130492104,0.0223819535876597,0.0127846273817122,0.0313940998786265,0.106221956851867,0.0342380319712933,0.129432571673825,0.0598270438580867,0.00443285490830961,0.0460045292004014,0.00498521744495824,0.217896563741299,0.00578129107047144
SO_42226,2015-08-10,PICO,SOLA,2015,Aug,Summer,76.9688993558218,0.89353743852601,0.561058391632611,0.187019463877537,0.332479046893399,0.858904204474614,0.796564383182102,4.06594167763386,1.18445660455773,5.75604349934197,0.450232042668144,0.270139225600887,2.16804045161737,0.0831197617233497,1.64161529403616,0.96973055343908,1.60005541317448,1.21216319179885,95.0272892662219,0.129948886771203,0.254122267463686,4.58863957954316,0.0161267889873928,0.0144867497283925,0.0238466466834569,0.0684394487551985,0.00958470309918706,0.100911275916503,0.0269290319291921,0.00310308865137668,0.0291546471301381,0,0.165106199290018,0.00435883539823985
SO_42226,2015-08-10,NANO,SOLA,2015,Aug,Summer,62.0404389401202,6.0463758242293,0.0389303876006716,0,0,0.289544757779995,0.0145988953502518,0.399036472906883,0,24.5748071729239,0.0194651938003358,0,0,0.0389303876006716,0.0583955814010073,2.30419231611475,4.16555147327186,0.00973259690016789,79.3488372093023,1.28372093023256,0,19.3674418604651,0.0161267889873928,0.0144867497283925,0.0238466466834569,0.0684394487551985,0.00958470309918706,0.100911275916503,0.0269290319291921,0.00310308865137668,0.0291546471301381,0,0.165106199290018,0.00435883539823985
SO_42233,2015-08-17,PICO,SOLA,2015,Aug,Summer,71.2010390320596,10.5817212386356,0.717752409597375,0.991181898967804,2.54972998837925,1.24410417663545,0.567366190443639,2.2626290245403,1.1142251691845,2.31047918518012,1.16891106705858,0.157221956387996,1.96185658623283,0.047850160639825,0.519516029803814,0.512680292569554,1.61323398728553,0.47850160639825,94.0341910468805,0,0.326048642932675,5.63976031018682,0.0225364312106198,0.0173223999517212,0.0287951129947219,0.0889992718786227,0.0109822553974213,0.121391289862194,0.0416172361349312,0.00739281237605183,0.0420215830951574,0.0110345009829738,0.210538413804566,0.00736086755458297
SO_42233,2015-08-17,NANO,SOLA,2015,Aug,Summer,33.3230579531443,18.6074290998767,0.0192663378545006,0,0,0.104038224414303,0,0.262022194821208,0.0732120838471023,44.4936806411837,0.0346794081381011,0,0.061652281134402,0.0192663378545006,0.0346794081381011,0.701294697903822,2.23489519112207,0.030826140567201,90.977054730111,0.700583035546361,0,8.32236223434268,0.0225364312106198,0.0173223999517212,0.0287951129947219,0.0889992718786227,0.0109822553974213,0.121391289862194,0.0416172361349312,0.00739281237605183,0.0420215830951574,0.0110345009829738,0.210538413804566,0.00736086755458297
SO_42240,2015-08-24,PICO,SOLA,2015,Aug,Summer,65.830411919369,2.74978089395267,1.22699386503067,2.09246275197195,2.81551270815074,1.41323400525855,1.57756354075372,3.95486415425066,2.19106047326906,6.34312007011393,1.41323400525855,0.175284837861525,2.05959684487292,0.241016652059597,1.61042944785276,0.810692375109553,1.38036809815951,2.11437335670464,91.2476722532589,0.224153389888958,0.617283950617284,7.91089040623491,0.0221539883639135,0.0159031233852781,0.050096974694252,0.0940312662673941,0,0.147683261464241,0.0700004951069748,0.00994050657116564,0.0935546178400929,0.0173766299798735,0.27863088522927,0.00970759519312405
SO_42240,2015-08-24,NANO,SOLA,2015,Aug,Summer,41.9744318181818,2.5197628458498,0.185276679841897,0.0771986166007905,0.0679347826086956,0.920207509881423,0.089550395256917,0.487895256916996,0.157485177865613,45.9856719367589,0.197628458498024,0,0.0679347826086956,0.0370553359683794,0.0988142292490119,0.657732213438735,6.41983695652174,0.0555830039525692,79.9406276505513,0.893847458732955,0,19.1655248907157,0.0221539883639135,0.0159031233852781,0.050096974694252,0.0940312662673941,0,0.147683261464241,0.0700004951069748,0.00994050657116564,0.0935546178400929,0.0173766299798735,0.27863088522927,0.00970759519312405
SO_42247,2015-08-31,PICO,SOLA,2015,Aug,Summer,64.9391505919364,1.73027568507327,0.3808262273367,0.44705687556917,0.654027651295637,0.488451030714463,0.364268565278583,1.64748737478268,0.960344399370809,14.1236857355741,7.63308220879212,0.0993459723487044,0.720258299528107,0.306316748075172,0.645748820266578,3.88277175262853,0.57123934100505,0.405662720423876,88.0709083723819,0.00846835657426749,0.519392536555073,11.4012307344888,0.0197484547885917,0.0144370882747816,0.0316678536606492,0.133714379036332,0.0103638052106043,0.0943000234201649,0.0351132076739771,0.00393020709922955,0.0649529438869501,0.0193922033904358,0.226812085476499,0.00761691654417663
SO_42247,2015-08-31,NANO,SOLA,2015,Aug,Summer,53.9899762912278,1.91170733171273,0.29710993067435,0.0210077728759641,0.0300111041085202,0.219081059992197,0,0.378139911767354,0.0240088832868161,38.9063953662855,0.180066624651121,0,0.0180066624651121,0.0540199873953363,0,0.693256504906815,3.2772125686504,0,64.5230824501527,0.928943519207575,0,34.5479740306397,0.0197484547885917,0.0144370882747816,0.0316678536606492,0.133714379036332,0.0103638052106043,0.0943000234201649,0.0351132076739771,0.00393020709922955,0.0649529438869501,0.0193922033904358,0.226812085476499,0.00761691654417663
SO_42254,2015-09-07,PICO,SOLA,2015,Sep,Autumn,53.7995545657016,5.08685968819599,0.427616926503341,0,0.204899777282851,2.03118040089087,0.534521158129176,2.60133630289532,0.374164810690423,12.9086859688196,2.50334075723831,0.0979955456570156,0.383073496659243,0.935412026726058,1.06904231625835,15.7416481069042,0.792873051224944,0.507795100222717,92.7312775330396,0,0,7.26872246696035,0.037503921334498,0.00898145778175786,0.0447139898463438,0.233405319894839,0.0113082145833246,0.12555361759992,0.0526921991178134,0.00448026842799316,0.0314067542432553,0,0.289444720862782,0.00662718293097349
SO_42254,2015-09-07,NANO,SOLA,2015,Sep,Autumn,61.2306422949987,1.00596598121351,0.257044935262757,0,0,0.352246763137852,0,0.358593551662859,0.0253871541000254,31.3531353135314,0.0793348565625793,0,0.0158669713125159,0.0507743082000508,0.0412541254125413,1.57400355420157,3.60497588220361,0.0507743082000508,88.5793982865113,0.565849770870691,0,10.8547519426181,0.037503921334498,0.00898145778175786,0.0447139898463438,0.233405319894839,0.0113082145833246,0.12555361759992,0.0526921991178134,0.00448026842799316,0.0314067542432553,0,0.289444720862782,0.00662718293097349
SO_42268,2015-09-21,PICO,SOLA,2015,Sep,Autumn,72.4831095170573,0.717324213862708,0.92584869463675,0.0917507715405789,0.233547418466928,0.708983234631746,0.183501543081158,1.55142213695888,0.458753857702894,7.35674368170823,3.55325715238969,0.0333639169238469,0.383685044624239,1.54308115772792,0.166819584619234,9.14171323713404,0.34198014846943,0.125114688464426,89.6974522292994,0,0.392781316348195,9.90976645435244,0.0335349226487506,0.0134928441467318,0.0326227685398573,0.229261669364153,0,0.129429212230152,0.0408068603496377,0.00638691643562936,0.0318895309997987,0.0136609483811951,0.303859459054242,0.00711470709374575
SO_42268,2015-09-21,NANO,SOLA,2015,Sep,Autumn,68.5666657704407,1.84712177022558,0.290377221520179,0,0,0.314575323313527,0.0107547119081548,0.341462103083914,0.0188207458392708,23.4318285698922,0.0994810851504315,0,0,0.0833490172881994,0.0134433898851934,1.45457478557793,3.52754550587476,0,76.8293071071645,1.12988955727426,0,22.0408033355613,0.0335349226487506,0.0134928441467318,0.0326227685398573,0.229261669364153,0,0.129429212230152,0.0408068603496377,0.00638691643562936,0.0318895309997987,0.0136609483811951,0.303859459054242,0.00711470709374575
SO_42275,2015-09-28,PICO,SOLA,2015,Sep,Autumn,72.1966828916531,0.234360915810348,1.37912385073012,0.513791238507301,1.44222102037137,0.482242653686677,1.69460969893636,4.43032269695331,2.29403281052821,5.31368307193077,0.941950603930052,0.24788173787633,1.90643591130341,0.202812330989724,2.49233820082928,1.22588786731567,2.01460248783126,0.987020010816658,90.6253948199621,0,2.43840808591282,6.93619709412508,0.019451329253237,0.0142915058266642,0.0413904718027141,0.077023593624303,0.00501319786260872,0.11518884733642,0.0245937717388885,0.00623845126866766,0.0699239251792801,0.0138288097504243,0.228387900434972,0.00678305442260671
SO_42275,2015-09-28,NANO,SOLA,2015,Sep,Autumn,57.5856619495726,0.510020831836793,0.258602111917247,0,0.0790173119747145,0.255010415918397,0.0718339199770131,0.800948207743696,0.16521801594713,33.7834925651893,0.190359887939085,0,0.0502837439839092,0.229868543926442,0.104159183966669,0.793764815745995,5.08224983837368,0.0395086559873572,69.2456725424805,0.676512625059552,0,30.0778148324599,0.019451329253237,0.0142915058266642,0.0413904718027141,0.077023593624303,0.00501319786260872,0.11518884733642,0.0245937717388885,0.00623845126866766,0.0699239251792801,0.0138288097504243,0.228387900434972,0.00678305442260671
SO_42282,2015-10-05,PICO,SOLA,2015,Oct,Autumn,65.396981334286,0.517995891756721,0.973475037956596,0.790390283111548,3.40716263284808,0.25899794587836,3.53666160578726,4.00107171563812,2.33098151290524,5.11744217201036,3.18835402339912,0.223274091274448,1.22800750200947,0.589443600964544,1.4557470751094,4.84058229883004,1.47360900241136,0.669822273823346,92.6905378960173,0,1.20061352938065,6.108848574602,0.0464749871472218,0.0190916907265063,0.0473677427240665,0.240910053871869,0,0.158807533280588,0.0355001545828173,0.0165329585352175,0.0602830987225078,0.0314691691828369,0.459037235419539,0.0101242659245988
SO_42282,2015-10-05,NANO,SOLA,2015,Oct,Autumn,70.0980222368467,0.723909805687368,2.06435523535728,0.0658099823352153,0.252848879498459,0.162793114197638,0.100446815143223,0.574971424612933,0.322122545114475,15.6385300128156,0.256312562779259,0,0.103910498424024,0.238994146375255,0.114301548266427,0.807038204426587,8.43060510546916,0.0450278826504104,77.5301022235693,1.70556305623674,0,20.764334720194,0.0464749871472218,0.0190916907265063,0.0473677427240665,0.240910053871869,0,0.158807533280588,0.0355001545828173,0.0165329585352175,0.0602830987225078,0.0314691691828369,0.459037235419539,0.0101242659245988
SO_42289,2015-10-12,PICO,SOLA,2015,Oct,Autumn,63.2317137715677,0.47104901026781,0.582195405948979,0.47104901026781,3.64136762993543,0.592780776966233,1.44490314385519,2.28114745421827,1.10617127130306,13.3534455382661,6.12892981899016,0.0899756536466603,0.179951307293321,1.02148830316503,0.2540489044141,3.46670900815074,1.22790303800148,0.455170953741929,89.8533592276732,0,0.49818458160939,9.64845619071744,0.0509182041880764,0.02080141615905,0.0605504861048287,0.344240077979431,0,0.21584513171696,0.044788849219215,0.0207089056068459,0.0480289524905936,0.0360848904724659,0.504544622476616,0.0107991586714528
SO_42289,2015-10-12,NANO,SOLA,2015,Oct,Autumn,71.5766728731352,0.163207135140105,0.331011654368664,0,0.121830678344022,0.314920810059076,0.0459738408845367,0.301128657793715,0.126428062432476,22.3317932096637,0.013792152265361,0,0,0.124129370388249,0.0367790727076294,0.273544353262993,4.22499597728892,0.013792152265361,82.0749403657567,1.04028624436788,0,16.8847733898754,0.0509182041880764,0.02080141615905,0.0605504861048287,0.344240077979431,0,0.21584513171696,0.044788849219215,0.0207089056068459,0.0480289524905936,0.0360848904724659,0.504544622476616,0.0107991586714528
SO_42296,2015-10-19,PICO,SOLA,2015,Oct,Autumn,76.0999007608336,1.42794133862609,0.435549674716066,0,0.110265740434447,0.639541294519793,0.0771860183041129,1.86349101334215,0.0661594442606682,7.04046752673944,7.81784099680229,0,0.0992391663910023,0.226044767890616,0.0606461572389459,3.47337082368508,0.430036387694343,0.132318888521336,87.6812318768123,0,0.184981501849815,12.1337866213379,0.0485525648713149,0.0217922635833179,0.0573906799739701,0.270206178233155,0.0114783753516268,0.182389990351732,0.0526134830940641,0.0100770224439434,0.0606792531557919,0.0224906676080504,0.41811724347783,0.0118121832913452
SO_42296,2015-10-19,NANO,SOLA,2015,Oct,Autumn,79.6290383443151,0.516675858465647,0.162549708281327,0,0.0406374270703318,0.246727235784157,0.0435401004324983,0.182868421816493,0.162549708281327,15.2158137644771,0.0319294069838321,0,0,0.130620301297495,0.0145133668108328,0.656004179849641,2.92008940233955,0.0464427737946649,82.7727664203799,0.333167127510086,0,16.8940664521101,0.0485525648713149,0.0217922635833179,0.0573906799739701,0.270206178233155,0.0114783753516268,0.182389990351732,0.0526134830940641,0.0100770224439434,0.0606792531557919,0.0224906676080504,0.41811724347783,0.0118121832913452
SO_42303,2015-10-26,PICO,SOLA,2015,Oct,Autumn,70.5104117739158,0.13308282448724,0.305307656176609,0.508846093627681,1.5735086895256,0.469704086425552,1.58133709096602,1.91012995146391,1.12728980742132,12.2592766557069,3.13136057617035,0.195710036010647,0.532331297948959,1.21340222326601,0.641928918114921,1.82401753561923,1.27602943478942,0.806325348363864,93.8055826864751,0.0102811905618671,0.971572508096438,5.2125636148666,0.0315266518870085,0.0236195978844685,0.0649676682992106,0.197617465838813,0,0.147745927817624,0.029457523633982,0.00923537037069007,0.0444563971337071,0.0189278059296255,0.302285596691457,0.00554365060509809
SO_42303,2015-10-26,NANO,SOLA,2015,Oct,Autumn,77.8506750528656,0.16537439679011,0.292794013989047,0,0.0460879466464241,0.0921758932928482,0.0298216125359215,0.20875128775145,0.151819118364691,17.7709700157241,0.146397006994524,0,0.0569321693867592,0.422924686873068,0.0813316705525132,0.441902076668655,2.21222143902836,0.0298216125359215,84.7789366436979,0.313698152666434,0,14.9073652036357,0.0315266518870085,0.0236195978844685,0.0649676682992106,0.197617465838813,0,0.147745927817624,0.029457523633982,0.00923537037069007,0.0444563971337071,0.0189278059296255,0.302285596691457,0.00554365060509809
SO_42310,2015-11-02,PICO,SOLA,2015,Nov,Autumn,69.4368805141052,0,0.0980285371963838,0.381222089097048,0.773336237882584,0.294085611589152,1.91700250517373,1.08920596884871,1.1000980285372,7.36303234941727,5.26086482953927,0.0653523581309226,0.163380895327306,1.53578041607668,0.348545910031587,8.71364775078967,0.991177431652325,0.468358566604945,93.1026038690719,0,0.481593339319239,6.41580279160885,0.0511679301535678,0.0391908628306519,0.0847472485652204,0.718979836262026,0,0.196172338142152,0.069949150247175,0.0226168704392071,0.0930182788142568,0.0358320472446084,0.797863986635293,0.0210005068153308
SO_42310,2015-11-02,NANO,SOLA,2015,Nov,Autumn,85.0778785809514,0.113810034793353,0.162585763990505,0.0357688680779111,0.136572041752024,0.100803173674113,0.136572041752024,0.279647514063669,0.217864923747277,9.5958117907196,0.260137222384808,0,0.0520274444769616,0.478002146132085,0.110558319513543,0.946249146424739,2.26644555002764,0.0292654375182909,83.886145351324,1.12960298635144,0,14.9842516623245,0.0511679301535678,0.0391908628306519,0.0847472485652204,0.718979836262026,0,0.196172338142152,0.069949150247175,0.0226168704392071,0.0930182788142568,0.0358320472446084,0.797863986635293,0.0210005068153308
SO_42317,2015-11-09,PICO,SOLA,2015,Nov,Autumn,67.678828612578,1.13218114898384,0.404064650344055,0.836133781405025,1.94431108977436,0.344055048807809,1.45623299727956,0.72011521843495,0.80812930068811,2.35637702032325,17.0387261961914,0.0240038406144983,0.556088974235878,0.624099855976956,0.33205312850056,3.18851016162586,0.348055688910226,0.208033285325652,97.1693921080697,0,0.293281194454319,2.537326697476,0.180092790025739,0.0908349166500176,0.0802640447549524,1.45856912405804,0,0.282810446621897,0.159799359189348,0.0406879039020463,0.0470877150772818,0.0942255342356023,1.31935488167143,0.0273675465858867
SO_42317,2015-11-09,NANO,SOLA,2015,Nov,Autumn,85.627109491022,0.734440394221682,0.642635344943972,0,0.0756041582287026,0.0675037127041987,0.0459025246388551,0.0648035641960308,0.054002970163359,10.8113946267045,0.240313217226947,0,0,0.0945051977858782,0,0.170109356014581,1.36087484811665,0.0108005940326718,85.2476523660468,2.98655864481679,0,11.7657889891364,0.180092790025739,0.0908349166500176,0.0802640447549524,1.45856912405804,0,0.282810446621897,0.159799359189348,0.0406879039020463,0.0470877150772818,0.0942255342356023,1.31935488167143,0.0273675465858867
SO_42324,2015-11-16,PICO,SOLA,2015,Nov,Autumn,70.264511770514,0.0623603388245076,0.155900847061269,0.400145507457257,0.244244660395988,0.150704152159227,0.374162032947046,1.40830431845346,1.67853245335966,2.08907135062101,18.7808553759809,0,0,0.665176947461415,0.426128981967469,2.66070778984566,0.514472795302188,0.124720677649015,96.3199870450589,0.121452572770333,0.1821788591555,3.37638152301526,0.170046268508394,0.11881509460454,0.156127702923648,1.17032921190073,0,0.399033196971648,0.225329556767291,0.026230206149496,0.0366328797516526,0.0305214225232358,1.07717194116743,0.0199742048245527
SO_42324,2015-11-16,NANO,SOLA,2015,Nov,Autumn,61.4372339053025,0.717326796542382,0.307057153915624,0,0.0722487420977938,0.17288091859115,0.118694362017804,1.48367952522255,0.676041801057928,31.8797574506515,0.882466778480196,0,0,0.577989936782351,0.23480841181783,1.04502644820023,0.394787769320088,0,81.966430673773,1.83756264418105,0,16.196006682046,0.170046268508394,0.11881509460454,0.156127702923648,1.17032921190073,0,0.399033196971648,0.225329556767291,0.026230206149496,0.0366328797516526,0.0305214225232358,1.07717194116743,0.0199742048245527
SO_42331,2015-11-23,PICO,SOLA,2015,Nov,Autumn,68.1162599396765,0.0712914724431039,0.773238278036742,0.690978886756238,1.25582670688237,0.241294214422813,3.6248971757609,3.94845078146422,1.52454071839868,4.03619413216342,5.92267617219633,0.0987112695366054,0.296133808609816,1.27227858513847,1.25034274746367,4.08554976693172,1.8919659994516,0.89936934466685,94.2567381359202,0.011023535247754,1.36140660309761,4.37083172573444,0.0513294684543312,0.0265139584869834,0.0737307175901849,0.266345098160993,0,0.216834466600673,0.0412353359898923,0.0118780768402771,0.0513150532555008,0.0237076576152956,0.452874857733138,0.00899826580040716
SO_42331,2015-11-23,NANO,SOLA,2015,Nov,Autumn,73.3434658560649,0.127989760819134,0.477295149721356,0,0.0773271471615604,0.426632536063782,0.223982081433485,0.767938564914807,0.258645974988668,19.0411433751967,0.805268911820388,0,0.0426632536063782,0.583953283737301,0.29330986854385,1.92784577233821,1.48788096952244,0.114657494067141,80.1179389681951,2.15576966455064,0.0870041568652725,17.6392872103889,0.0513294684543312,0.0265139584869834,0.0737307175901849,0.266345098160993,0,0.216834466600673,0.0412353359898923,0.0118780768402771,0.0513150532555008,0.0237076576152956,0.452874857733138,0.00899826580040716
SO_42341,2015-12-03,PICO,SOLA,2015,Dec,Winter,66.3340304750523,0.0537795040334628,0.902300567672543,1.48789961159247,2.85031371377353,0.430236032267702,4.72662085449656,4.64296384822229,1.06961458022109,5.11502838362713,4.11711980878399,0.197191514789364,0.143412010755901,0.203167015237526,1.18912458918434,0.776815058261129,2.63519569763968,3.125186734389,91.573994867408,0.658682634730539,1.42001710863986,6.34730538922156,0.0371021313984746,0,0.0781742107256223,0.127369518890252,0,0.19724091523407,0.0226358538692368,0.0163085666893336,0.0360366893513353,0.0256147088205903,0.347012840321229,0.00492993752445061
SO_42341,2015-12-03,NANO,SOLA,2015,Dec,Winter,69.2799277022883,0.0677791046703031,1.29748571797437,0.36794371106736,0.987638382338702,1.72998095729916,1.65251912339025,4.32817996966078,0.764935609850563,9.49875738308104,3.00487364038344,0.0903721395604041,0.158151244230707,0.0742342574960462,0.871445631475325,2.29157925313882,2.13988316173385,1.39431301036052,91.5309757028368,0.839587838697367,0.467497773820125,7.16193868464572,0.0371021313984746,0,0.0781742107256223,0.127369518890252,0,0.19724091523407,0.0226358538692368,0.0163085666893336,0.0360366893513353,0.0256147088205903,0.347012840321229,0.00492993752445061
SO_42345,2015-12-07,PICO,SOLA,2015,Dec,Winter,55.0607088433368,0.0442412623506857,0.968392075898343,3.04281571056383,11.2274492454407,0.147470874502286,7.82578774025463,2.99857444821314,3.01332153566337,4.129184486064,2.73312687410903,0.260531878287372,0.117976699601829,0.0933982205181143,1.40588900358846,0.299857444821314,2.35461829621983,4.27665536056629,95.2043455768236,0,1.87273667873771,2.9229177444387,0.0430044223671459,0.0304539322407213,0.0881652686243411,0.208023901885802,0,0.200676128945335,0.0308350345039646,0.0328203137072152,0.0395368046757749,0.0387710320933581,0.390666027490103,0.00782199601927999
SO_42345,2015-12-07,NANO,SOLA,2015,Dec,Winter,69.2977416360985,0.0309364918018297,0.190038449639811,0.380076899279622,1.22862067441552,0.327042913333628,1.63963406549697,2.29813939099306,0.914836257568392,12.6220886551465,4.7951562292836,0,0.070711981261325,0.609890838378928,0.733636805586247,3.09364918018297,0.932514252883723,0.835285278649401,93.3163233555293,0.311158130561952,0.491629846287884,5.88088866762089,0.0430044223671459,0.0304539322407213,0.0881652686243411,0.208023901885802,0,0.200676128945335,0.0308350345039646,0.0328203137072152,0.0395368046757749,0.0387710320933581,0.390666027490103,0.00782199601927999
SO_42352,2015-12-14,PICO,SOLA,2015,Dec,Winter,47.6652969742249,0.018677624206201,2.30108330220396,6.12999626447516,18.5095255883452,0.138214419125887,5.00186776242062,3.11916324243556,1.75569667538289,2.3048188270452,3.18640268957789,0.130743369443407,0.268957788569294,0.0635039223010833,1.66604407919313,0.268957788569294,2.05827418752335,5.41277549495704,94.9732730263158,0,1.93770559210526,3.08902138157895,0.0406244858641582,0.0207412583779398,0.0774081143431608,0.220025672830031,0,0.143969616372463,0.0325553773199717,0.0223252268650668,0.0446939665430567,0.0517153213834319,0.396434384498998,0.0100090233431281
SO_42352,2015-12-14,NANO,SOLA,2015,Dec,Winter,80.0399940749519,0,0.266627166345727,0.425862835135535,2.31447193008443,0.155532513701674,0.910976151681232,0.907272996593097,0.39994074951859,9.09124574137165,1.91453118056584,0.0111094652644053,0.040734705969486,0.133313583172863,0.555473263220264,1.54791882684047,0.533254332691453,0.751740482891423,76.6414006618981,3.44115867762713,0.291804562115227,19.6256360983595,0.0406244858641582,0.0207412583779398,0.0774081143431608,0.220025672830031,0,0.143969616372463,0.0325553773199717,0.0223252268650668,0.0446939665430567,0.0517153213834319,0.396434384498998,0.0100090233431281
SO_42359,2015-12-21,PICO,SOLA,2015,Dec,Winter,48.3398875006222,0.0298670914430783,0.57743043456618,1.79700333515854,4.91313654238638,0.12444621434616,3.35506993877246,2.71292747274628,0.831300711832346,7.06356712628802,3.49942754741401,0.0497784857384638,0.0846234257553885,1.22952859774006,1.84180397232316,20.220020906964,1.47344317785853,1.8567375180447,94.6944721306448,0,0.778195200490685,4.52733266886453,0.0904694545437513,0.023966880634673,0.162514745315979,0.499814330768114,0,0.280133914804023,0.0674415910333128,0.0409875681906967,0.0373400351053328,0.0536507513269007,0.679770765083352,0.0117422505564435
SO_42359,2015-12-21,NANO,SOLA,2015,Dec,Winter,63.3427406710568,0.0627155848228285,0.30730636563186,0.548761367199749,1.44245845092505,0.253998118532455,0.981498902477266,0.921919096895579,0.291627469426152,25.3182815929759,1.16650987770461,0,0.0501724678582628,0.442144873000941,0.605205393540295,2.9444967074318,0.699278770774537,0.620884289746002,85.786249149081,1.09598366235534,0.183798502382573,12.9339686861811,0.0904694545437513,0.023966880634673,0.162514745315979,0.499814330768114,0,0.280133914804023,0.0674415910333128,0.0409875681906967,0.0373400351053328,0.0536507513269007,0.679770765083352,0.0117422505564435
SO_42373,2016-01-04,PICO,SOLA,2016,Jan,Winter,63.8520971302428,3.64238410596026,0,0,0.551876379690949,0.22075055187638,0,0.883002207505519,0,9.05077262693157,5.62913907284768,0,1.54525386313466,2.75938189845475,2.1523178807947,9.71302428256071,0,0,94.5483534678359,0.263690439688477,0.0797203654872141,5.10823572698841,0.166555360495298,0.0673929268045695,0.0578313197654549,1.61411256959761,0,0.227610084662563,0.146731190599011,0.0220895588752714,0.0185685732609825,0.0324119045284177,1.259095612845,0.0202114666643603
SO_42373,2016-01-04,NANO,SOLA,2016,Jan,Winter,64.2568048389966,0.13120441202633,0.671588685287315,0,0.051147482654332,0.0689379114036648,0.0355808574986657,0.153442447962996,0.0444760718733321,30.4950186799502,0.14454723358833,0.011119017968333,0.0177904287493329,1.05630670699164,0.0578188934353318,2.6374310620886,0.140099626400996,0.0266856431239993,92.44719672675,0.425743669136349,0,7.12705960411368,0.166555360495298,0.0673929268045695,0.0578313197654549,1.61411256959761,0,0.227610084662563,0.146731190599011,0.0220895588752714,0.0185685732609825,0.0324119045284177,1.259095612845,0.0202114666643603
SO_42376,2016-01-07,PICO,SOLA,2016,Jan,Winter,50.5242610150586,0.0501952035694367,0.334634690462911,1.34969325153374,1.09871723368656,0.100390407138873,1.03179029559398,1.40546569994423,0.847741215839375,5.72225320691578,5.19799219185722,0,0.15058561070831,9.54266592303402,0.652537646402677,20.345789180145,0.64138315672058,1.00390407138873,98.2118062860268,0,0.408128918247991,1.38006479572517,0.11713655711356,0.0529832007357309,0.0722895602695559,0.991953046544546,0,0.220001953528531,0.108071905259242,0.0234521265929212,0.0216498322338305,0.0335171247996806,0.817251740045434,0.0136300119989771
SO_42376,2016-01-07,NANO,SOLA,2016,Jan,Winter,62.3574230708179,0.183677634413479,0.197283385110773,0.0136057506972947,0,0.108846005578358,0.0204086260459421,0.161001383251321,0.0770992539513368,33.3953150865099,0.151930882786458,0,0,0.972811174856573,0.0430848772081,2.09075035715096,0.195015759994558,0.031746751627021,92.1545807221725,0.632646971053417,0,7.2127723067741,0.11713655711356,0.0529832007357309,0.0722895602695559,0.991953046544546,0,0.220001953528531,0.108071905259242,0.0234521265929212,0.0216498322338305,0.0335171247996806,0.817251740045434,0.0136300119989771
SO_42380,2016-01-11,PICO,SOLA,2016,Jan,Winter,83.5624666310731,0,0.113454351308062,0.814201815269621,0.527229044313935,0.0200213561131874,0.961025093432995,0.59396689802456,0.507207688200747,4.19113721302723,1.08782701548318,0,2.3291510945008,1.0144153764015,0.333689268553123,2.52936465563267,0.200213561131874,1.21462893753337,98.9046918424064,0,0.690698054601929,0.404610102991663,0.0413619175760024,0.0127353892615519,0.0534613994725497,0.453766956449725,0,0.0930781384836681,0.0343209621195156,0.0120897166071826,0.0193472977265951,0.0203409236077527,0.36257896004612,0.0079362366126967
SO_42380,2016-01-11,NANO,SOLA,2016,Jan,Winter,77.7196622985304,0,0.13075982830666,0.287103101282015,0.36101083032491,0.0682225191165184,0.301316126097956,1.03186560163734,0.105176383637966,8.88029790500014,1.77378549702948,0,0.142130248159413,1.83916541118281,0.198982347423179,6.06896159640695,0.218880582165496,0.872679723698798,96.3993544437643,0.242083588402248,0.445211197061606,2.91335077077188,0.0413619175760024,0.0127353892615519,0.0534613994725497,0.453766956449725,0,0.0930781384836681,0.0343209621195156,0.0120897166071826,0.0193472977265951,0.0203409236077527,0.36257896004612,0.0079362366126967
SO_42383,2016-01-14,PICO,SOLA,2016,Jan,Winter,50.8980201432237,0,0.390610040975759,1.89560755179413,3.2895492666488,0.0306360816451576,4.03630375674951,3.69164783824149,0.911423428943438,4.37713016505189,3.13253934821736,0.0191475510282235,0.348485428713667,10.6000842492245,1.04162677593536,10.4775399226439,1.72327959254011,3.13636885842301,95.5744175486395,0,1.90017115512243,2.52541129623808,0.0810879459027772,0.0306534984007349,0.149715153279977,0.533714642539664,0,0.298549977996877,0.065015395827763,0.0336800445327433,0.0459670338808823,0.040414050635797,0.628331472603168,0.0120573128793693
SO_42383,2016-01-14,NANO,SOLA,2016,Jan,Winter,51.7664616730566,0,0.40655636466562,0.5274940174459,0.957208656048169,0.110645086586213,1.52329979672182,3.15209839693282,0.344800967501222,9.13722563878239,3.95234541852147,0.0231582739366493,0.0437434063247819,11.0284846769421,0.710187067390577,13.418933175514,1.42552041787819,1.47183696575149,90.8380640815934,0.431059366881555,1.04878283460021,7.68209371692485,0.0810879459027772,0.0306534984007349,0.149715153279977,0.533714642539664,0,0.298549977996877,0.065015395827763,0.0336800445327433,0.0459670338808823,0.040414050635797,0.628331472603168,0.0120573128793693
SO_42390,2016-01-21,NANO,SOLA,2016,Jan,Winter,48.5310585600422,0.0263487253804097,0.345827020617878,0.984783611092813,1.92675054344246,0.0790461761412292,1.46235425861274,3.6525920558593,0.474277056847375,8.5468677952704,6.18536328305118,0.0362294973980634,0.154798761609907,8.59627165535867,0.632369409129833,15.0648837362493,1.43271194255978,1.86746591133654,91.1611124149261,0.554447312837362,1.20863647031213,7.07580380192443,0.0914236090017367,0.0451694537220402,0.184525287373544,0.578472314108637,0,0.335044717230469,0.0844149844703293,0.046923325374139,0.0488075079484396,0.0573205105134302,0.754442956376035,0.0129315071075291
SO_42390,2016-01-21,PICO,SOLA,2016,Jan,Winter,56.3032367972743,0.0400841767712196,1.30774626716104,1.93406152921134,3.14660787654074,0.0501052209640244,3.42218659184287,2.68563984367171,1.53321976149915,9.69034973444233,3.75789157230183,0,0.0601262651568293,6.80428900691452,1.00210441928049,4.44433309950897,1.29271470087183,2.52530313658683,93.1985045718661,0.400882843115175,0.828791495878564,5.57182108914013,0.0914236090017367,0.0451694537220402,0.184525287373544,0.578472314108637,0,0.335044717230469,0.0844149844703293,0.046923325374139,0.0488075079484396,0.0573205105134302,0.754442956376035,0.0129315071075291
SO_42394,2016-01-25,PICO,SOLA,2016,Jan,Winter,55.6540084388186,0,0.246132208157525,3.87482419127989,6.89873417721519,0.0140646976090014,6.62447257383966,1.85654008438819,2.16596343178622,8.0028129395218,3.61462728551336,0,0.0492264416315049,2.25738396624473,1.30801687763713,4.19127988748242,0.893108298171589,2.34880450070323,93.9727802981205,0,1.16655865197667,4.86066104990279,0.0997494163087536,0.0582032354217727,0.205159404168735,0.509694049458436,0.0321685771713935,0.353684899505642,0.0910810738320214,0.0962813283768653,0.0623445756613701,0.0969489389679157,0.844340177120754,0.0184214415209667
SO_42394,2016-01-25,NANO,SOLA,2016,Jan,Winter,54.6470268234506,0.0334770054818596,0.380800937356154,0.590032221617776,1.34326484495962,0.0544001339080219,0.644432355525798,0.640247729840566,1.02104866719672,35.0587939908775,1.09218730384567,0,0,1.23446457714357,0.322216177762899,2.05465121144914,0.343139306189061,0.539816713394987,82.5887010811634,1.54408405664687,0.197959494441906,15.6692553677478,0.0997494163087536,0.0582032354217727,0.205159404168735,0.509694049458436,0.0321685771713935,0.353684899505642,0.0910810738320214,0.0962813283768653,0.0623445756613701,0.0969489389679157,0.844340177120754,0.0184214415209667
SO_42397,2016-01-28,PICO,SOLA,2016,Jan,Winter,57.2932014312776,0,1.01031361818565,4.37802567880446,11.3870764049674,0.0841928015154704,6.20921911176594,2.67312144811619,1.41022942538413,3.17827825720901,4.37802567880446,0,0,0.336771206061882,1.74700063144601,1.36813302462639,1.05241001894338,3.49400126289202,91.8974585310236,0.33101621979477,1.3277428371768,6.44378241200485,0.0497522209632951,0.0310805563609007,0.102814981903715,0.126170791285074,0.0212609291240931,0.204661158504172,0.0317314596028819,0.0432737698587804,0.045722156967062,0.063565505763651,0.412493313222009,0.00528214609410297
SO_42397,2016-01-28,NANO,SOLA,2016,Jan,Winter,56.1179087875417,0,0.797182054134223,0.438759115066123,1.05054999382029,0.0556173526140156,2.94771968854283,3.04659498207885,1.03201087628229,17.6615993078729,4.88196761834137,0.0803361759980225,0,3.28142380422692,1.10616734643431,4.92522555926338,0.704486466444197,1.87245087133852,95.6350339941724,0.219962292178484,0.468491115808718,3.67651259784037,0.0497522209632951,0.0310805563609007,0.102814981903715,0.126170791285074,0.0212609291240931,0.204661158504172,0.0317314596028819,0.0432737698587804,0.045722156967062,0.063565505763651,0.412493313222009,0.00528214609410297
SO_42401,2016-02-01,PICO,SOLA,2016,Feb,Winter,48.0572597137014,0,0.58282208588957,7.23926380368098,19.5807770961145,0.0613496932515337,3.17484662576687,2.32106339468303,0.915132924335378,4.78527607361963,4.02351738241309,0.184049079754601,0,0.562372188139059,1.33946830265849,1.4161554192229,0.986707566462168,4.76993865030675,96.320397539044,0,1.82796971131093,1.85163274964505,0.0429571746113193,0.0221089348201243,0.122574535850393,0.217277463916232,0.0474163570570483,0.185251371107048,0.0415128805385662,0.0259234805177349,0.033211332819852,0.0862761911673845,0.41758937034547,0.00774144414173138
SO_42401,2016-02-01,NANO,SOLA,2016,Feb,Winter,60.7623899153859,0,0.176998791227767,0.392850975651874,1.41167328613366,0.336729407701606,0.54826454843723,1.69228112588499,0.328095320324642,25.2978760145053,2.86651700915213,0.0388533931963391,0,1.7138663443274,0.427387325159731,2.95717492661026,0.28492488343982,0.764116732861337,92.9753365151039,0.728758823697522,0.251493241119145,6.04441142007945,0.0429571746113193,0.0221089348201243,0.122574535850393,0.217277463916232,0.0474163570570483,0.185251371107048,0.0415128805385662,0.0259234805177349,0.033211332819852,0.0862761911673845,0.41758937034547,0.00774144414173138
SO_42404,2016-02-04,PICO,SOLA,2016,Feb,Winter,40.4662074473395,0,0.449236298292902,7.39243286413098,23.4351602276131,0.164719976040731,2.99490865528601,2.54567235699311,1.26784466407108,6.10961365678347,6.01477488269941,0.134770889487871,0,0.908455625436757,1.79195367874613,2.48577418388739,0.524109014675052,3.31436557851652,97.5560574286175,0,0.637199548314244,1.80674302306824,0.0644872224450135,0.040972862471467,0.1152120058704,0.398313846423955,0.060585300638937,0.256009041487739,0.0662473775161887,0.0405322965990977,0.0199947027207722,0.0964164940950589,0.59643399491136,0.0091259843891235
SO_42404,2016-02-04,NANO,SOLA,2016,Feb,Winter,57.4603072364819,0.212553540948762,0.505619786802357,0.119158803259154,1.03700363917426,1.12395736047148,0.273743196676436,0.415445557308943,0.186789475379215,34.2629866993012,0.602235032688158,0.0257640655695469,0,0.193230491771602,0.309168786834563,2.84692924543493,0.125599819651541,0.299507262245982,86.6326001629267,0.81833666592609,0,12.5490631711472,0.0644872224450135,0.040972862471467,0.1152120058704,0.398313846423955,0.060585300638937,0.256009041487739,0.0662473775161887,0.0405322965990977,0.0199947027207722,0.0964164940950589,0.59643399491136,0.0091259843891235
SO_42409,2016-02-09,PICO,SOLA,2016,Feb,Winter,43.4161979072159,0.0423395632976471,0.465735196274118,7.16748321538741,17.3652694610778,0.0362910542551261,2.89723583136757,2.78231415955967,1.15526522712151,5.17752374039799,6.98602794411178,0.12097018085042,0,1.79640718562874,1.86898929413899,4.46984818242303,0.707675557974959,3.54442629891732,98.8006646918575,0,0.520193627628062,0.679141680514414,0.0905483445990242,0.0340071893945769,0.140461285766937,0.690394626120551,0.0499796870100511,0.294345503467882,0.0831114907997349,0.0322824472356538,0.0181345624078881,0.0910738829740603,0.723988467728162,0.0122771949530285
SO_42409,2016-02-09,NANO,SOLA,2016,Feb,Winter,52.7417389434449,0.0143358899003656,0.168446706329295,0.974840513224858,4.20041574080711,0.189950541179844,0.895993118772848,2.64855565909254,0.383485054834779,17.3285069170669,7.03175399612931,0.0716794495018278,0,3.19331947530643,0.95333667837431,7.71629273887177,0.318973550283134,1.16837502687979,95.7976743293549,0.287830525386652,0.17653605557048,3.73795908968799,0.0905483445990242,0.0340071893945769,0.140461285766937,0.690394626120551,0.0499796870100511,0.294345503467882,0.0831114907997349,0.0322824472356538,0.0181345624078881,0.0910738829740603,0.723988467728162,0.0122771949530285
SO_42411,2016-02-11,PICO,SOLA,2016,Feb,Winter,33.0945884492951,0,0.435804153403062,13.1233894194331,25.6063362134303,0.0606336213430347,4.44141276337729,3.4864332272245,1.45520691223283,2.16386236167955,4.29740791268759,0.295588904047294,0,0.132636046687888,2.75504016977414,0.553281794755192,1.59921176292254,6.49916628770653,98.639122772665,0,0.812610142941061,0.548267084393969,0.106807446587174,0.0446800901234238,0.13887793688494,0.79719154416401,0.0358618081611209,0.299930417278133,0.0835949461986877,0.0521191636825862,0.0171378476196925,0.0852858152807973,0.921143075182838,0.0139016771564321
SO_42411,2016-02-11,NANO,SOLA,2016,Feb,Winter,64.9182082761851,0.103703208108922,0.89318569564781,0.291038035660522,0.545278158766266,0.595457130431874,0.260930652661158,0.548623423543974,0.214096945773258,20.218780316462,0.562004482654802,0,0,1.69270397751982,0.307764359549058,7.93162278794366,0.24754959355033,0.669052955541431,90.9060606060606,0.336363636363636,0,8.75757575757576,0.106807446587174,0.0446800901234238,0.13887793688494,0.79719154416401,0.0358618081611209,0.299930417278133,0.0835949461986877,0.0521191636825862,0.0171378476196925,0.0852858152807973,0.921143075182838,0.0139016771564321
SO_42415,2016-02-15,PICO,SOLA,2016,Feb,Winter,44.4749420282997,0,0.373858312431972,17.4435663243576,13.818560408878,0.0946476740334106,3.09497894089253,2.69272632625053,1.5569542378496,2.21475557238181,3.8379631820548,0.657801334532204,0,0.80450522928399,2.01599545691165,2.84889498840566,0.842364298897355,3.2274856845393,98.8292308430498,0,0.690945731970635,0.479823424979607,0.17320519240585,0.0421163022945754,0.106936593853074,1.51691658514645,0.027096437992955,0.301238324415392,0.117178922963199,0.0409670604613454,0.0127970824913914,0.090613131755538,1.38394941852304,0.0207920950176784
SO_42415,2016-02-15,NANO,SOLA,2016,Feb,Winter,58.5481754672151,0.0283698003475301,0.496471506081776,0.500017731125217,1.06032128798894,1.65254087024363,0.22695840278024,0.645412957906309,0.187949927302387,22.1000744707259,1.44685981772403,0.0248235753040888,0,2.89371963544807,0.248235753040888,9.45778219085783,0.11347920139012,0.368807404517891,89.9609756097561,0.434146341463415,0,9.60487804878049,0.17320519240585,0.0421163022945754,0.106936593853074,1.51691658514645,0.027096437992955,0.301238324415392,0.117178922963199,0.0409670604613454,0.0127970824913914,0.090613131755538,1.38394941852304,0.0207920950176784
SO_42418,2016-02-18,PICO,SOLA,2016,Feb,Winter,44.0731046087688,0,0.369262410021501,7.16088622978405,6.73085911937927,0.0280452463307469,3.27194540525381,2.92605403384126,1.01430307562868,4.86585023838459,11.1947274936898,0.0934841544358231,0,4.36571001215294,1.25268766944003,9.97943348602412,0.472094979900907,2.20155183696363,98.9366922951088,0,0.185397240852827,0.877910464038388,0.248156557866595,0.0615917799497527,0.107584188144113,2.20902378280935,0.0145377958990045,0.352091983868645,0.175327766866006,0.0571255105718274,0.0139303695298799,0.0861528305405479,2.00798293220102,0.0364064293262625
SO_42418,2016-02-18,NANO,SOLA,2016,Feb,Winter,45.0582686491402,0.30667710073814,1.20344324358622,0.22419153571202,0.264376810981155,0.205156405321376,0.376472578837165,0.283411941371798,0.107865738880311,29.8513144815042,0.812165563334109,0.0169201159027939,0,1.5460755906178,0.171316173515789,18.7538334637592,0.0888306084896682,0.729679998307988,92.4517557734894,0,0,7.5482442265106,0.248156557866595,0.0615917799497527,0.107584188144113,2.20902378280935,0.0145377958990045,0.352091983868645,0.175327766866006,0.0571255105718274,0.0139303695298799,0.0861528305405479,2.00798293220102,0.0364064293262625
SO_42422,2016-02-22,PICO,SOLA,2016,Feb,Winter,54.2452830188679,0,0.495887760038703,6.24092888243832,4.60208030962748,0.0302370585389453,3.09022738268021,2.53991291727141,0.514029995162071,9.54886308659894,6.37397194000968,0.0302370585389453,0,3.58611514271892,1.13691340106434,5.01330430575714,0.477745524915336,2.07426221577165,97.1884044654753,0,0.211329076124408,2.60026645840033,0.111025158068556,0.0839318250114646,0.161098468097233,0.583535380039578,0.0357292698509305,0.336738482028912,0.0930961998620148,0.0926965772862568,0.0145364088905548,0.0867923379372106,0.912593669642417,0.0125203514969308
SO_42422,2016-02-22,NANO,SOLA,2016,Feb,Winter,44.4266695588514,0.0189799625823595,1.06558932783818,0.458230525202679,0.387733521325344,0.162685393563081,0.775467042650687,0.52059325940186,0.0569398877470784,33.2718744068762,0.789024158780944,0.0352485019386676,0,1.27979176269624,0.357907865838779,14.6715110761639,0.230470974214365,1.49128277432824,93.165257167172,0.01063773203553,0,6.82410510079251,0.111025158068556,0.0839318250114646,0.161098468097233,0.583535380039578,0.0357292698509305,0.336738482028912,0.0930961998620148,0.0926965772862568,0.0145364088905548,0.0867923379372106,0.912593669642417,0.0125203514969308
SO_42425,2016-02-25,PICO,SOLA,2016,Feb,Winter,44.0152021383227,0.0125292348813899,0.421817574340127,26.4659204811226,13.5232208486468,0.0292348813899098,2.53925826929502,1.4492148346141,0.801871032408954,2.37220180420982,3.05713331105914,0.104410290678249,0.0668225860340795,0.563815569662546,0.730872034747745,1.18192449047778,0.342465753424658,2.32208486468426,99.1323343897111,0,0.276914556475185,0.590751053813729,0.109405143863346,0.0747222407994557,0.0630795158660888,0.742211692376561,0.0333920077269968,0.196334525565672,0.0793478823142156,0.0586955823309634,0.0194901076517812,0.100940363683559,0.971582352999421,0.0113937261768503
SO_42425,2016-02-25,NANO,SOLA,2016,Feb,Winter,55.3704550959442,0.0349866781494739,0.990392119923568,1.05498291035337,0.944640310035794,0.30680625454154,0.347175498560164,0.352558064429313,0.0753559221680975,27.9543558414296,0.433296552466561,0.0161476976074495,0,0.793928465699599,0.188389805420244,10.6009634792906,0.0861210539063972,0.44944425007401,88.9089547636876,0,0,11.0910452363124,0.109405143863346,0.0747222407994557,0.0630795158660888,0.742211692376561,0.0333920077269968,0.196334525565672,0.0793478823142156,0.0586955823309634,0.0194901076517812,0.100940363683559,0.971582352999421,0.0113937261768503
SO_42436,2016-03-07,PICO,SOLA,2016,Mar,Spring,52.1619388598182,0.0716056182869733,0.3304874690168,25.469567612228,8.10795923987882,0.0550812448361333,2.48416414210961,1.14568989259157,1.17323051500964,1.16772239052603,1.67997796750207,0.04957312035252,0.39658496282016,0.969429909115946,0.605893693197466,1.87827044891215,0.18176810795924,2.07105480583861,99.4299236312789,0,0.0537807895019899,0.516295579219103,0.198827021515236,0.0678472790237726,0.055867078146599,1.75705056929966,0.0244819923837673,0.160182919952751,0.149385095552756,0.0810198863482095,0.00857056530323919,0.0815042139935061,1.68829053678682,0.0251939653003211
SO_42436,2016-03-07,NANO,SOLA,2016,Mar,Spring,71.187598528639,0.047293746715712,0.646347871781398,0.197057277982133,0.141881240147136,0.186547556489753,0.133998949027851,0.147136100893326,0.0788229111928534,17.8349973725696,0.244351024697846,0.00788229111928534,0,0.294272201786653,0.0551760378349974,8.73095112979506,0.0131371518654756,0.0525486074619023,90.0137541624439,0,0,9.9862458375561,0.198827021515236,0.0678472790237726,0.055867078146599,1.75705056929966,0.0244819923837673,0.160182919952751,0.149385095552756,0.0810198863482095,0.00857056530323919,0.0815042139935061,1.68829053678682,0.0251939653003211
SO_42438,2016-03-09,PICO,SOLA,2016,Mar,Spring,48.9575036311671,0.0421683924471724,0.388886285901701,30.5064892470599,8.80850864452045,0.0421683924471724,2.34268846928735,1.07763669587218,0.48727920161177,0.665323525277609,1.30722016586234,0.267066485498758,0.276437239375908,0.0468537693857471,0.510706086304643,0.890221618329195,0.276437239375908,3.10640491027503,99.3068199968056,0,0.118191982111484,0.574988021082894,0.184695179490337,0.0620438532776735,0.0846397387471199,1.37576277136697,0.0432858077311899,0.219714421738258,0.145026539785892,0.0884174011844808,0.0115779463734701,0.112676352255868,1.38004637560468,0.0190252976902187
SO_42438,2016-03-09,NANO,SOLA,2016,Mar,Spring,60.1127176356134,0.0972860545472844,1.48612835049817,0.358951994364118,0.426045825086383,0.469656815055856,0.241537790600154,0.218054949847362,0.0738032137944916,25.5124291321413,0.439464591230836,0.0167734576805663,0,1.23117179375356,0.0805125968667181,8.78593713308061,0.026837532288906,0.42269113355027,88.1946078200725,0.498753117206983,0,11.3066390627206,0.184695179490337,0.0620438532776735,0.0846397387471199,1.37576277136697,0.0432858077311899,0.219714421738258,0.145026539785892,0.0884174011844808,0.0115779463734701,0.112676352255868,1.38004637560468,0.0190252976902187
SO_42443,2016-03-14,PICO,SOLA,2016,Mar,Spring,51.1944668392243,0.30975516612212,0.386133152289218,27.6530742139432,7.49777230873679,0.0297025501760937,2.46106844316205,1.00988670598719,0.6746722111427,1.84580133237154,1.86277421818645,0.0424322145372767,0.403106038104129,0.695888318411338,0.462511138456316,1.21356133576611,0.169728858149107,2.08766495523401,99.3063405610934,0,0,0.693659438906587,0.241345439620818,0.0783065307668822,0.109246474555076,1.59180009849437,0.0514873102884664,0.363118994043123,0.264005988683521,0.20315079741781,0.0191000888216177,0.141461617113355,1.796511392774,0.0244748114007799
SO_42443,2016-03-14,NANO,SOLA,2016,Mar,Spring,72.832153552954,0.05785461475633,2.3550231418459,0.333514838007079,0.292676286414375,0.58535257282875,0.466240130683365,0.306289136945276,0.142934930574462,16.3490334876123,0.163354206370814,0,0.0374353389599782,0.442417642254288,0.149741355839913,5.15246392594609,0.0782738905526817,0.255240947454397,92.1319796954315,0,0,7.86802030456853,0.241345439620818,0.0783065307668822,0.109246474555076,1.59180009849437,0.0514873102884664,0.363118994043123,0.264005988683521,0.20315079741781,0.0191000888216177,0.141461617113355,1.796511392774,0.0244748114007799
SO_42446,2016-03-17,PICO,SOLA,2016,Mar,Spring,63.0459676100115,0.188123670865369,0.417143791918861,18.068051693113,4.27776868967774,0.0408964501881237,0.482578112219859,0.548012432520857,0.0490757402257484,5.01390479306396,1.54588581711107,0,0.147227220677245,1.78308522820219,0.122689350564371,2.60919352200229,0.0899721904138721,1.57042368722395,99.1469517743403,0,0,0.853048225659691,0.128763920678247,0.105052138431218,0.0781547780876002,0.820423089254538,0.0409300647843423,0.238039410909334,0.120783858435599,0.123687387947749,0.0102360072208423,0.0969525575140319,1.03642375016919,0.0165416653313231
SO_42446,2016-03-17,NANO,SOLA,2016,Mar,Spring,71.4943587381994,0.299332258807276,1.10522680174994,0.437485609026019,0.414460050656228,0.299332258807276,0,0.345383375546857,0.184204466958324,19.8019801980198,0.207230025328114,0,0,0.138153350218743,0.115127791848952,5.15772507483306,0,0,94.1306369130637,0,0,5.86936308693631,0.128763920678247,0.105052138431218,0.0781547780876002,0.820423089254538,0.0409300647843423,0.238039410909334,0.120783858435599,0.123687387947749,0.0102360072208423,0.0969525575140319,1.03642375016919,0.0165416653313231
SO_42449,2016-03-20,PICO,SOLA,2016,Mar,Spring,54.5097626809689,0.140218039050724,0.841308234304343,22.1859992288008,11.0702141830546,0.136712588074456,2.06471062502191,2.05769972306937,0.785221018684054,1.13576611631086,0.820275528446735,0.133207137098188,0.347039646650542,0.0175272548813405,0.911417253829705,0.399621411294563,0.420654117152172,2.02264521330669,98.0815550390873,0,0,1.91844496091274,0.110897411540456,0.0462878285803414,0.182092785267321,0.281930731262179,0.0968536445784303,0.632374980041762,0.15790501343792,0.163580313325289,0.0325577082543298,0.200261884652247,1.04376945801844,0.0160498055735726
SO_42449,2016-03-20,NANO,SOLA,2016,Mar,Spring,73.3888663145063,0.138155221454693,4.85574969524583,1.18650954896384,1.40593254774482,0.280373831775701,1.36123527021536,2.29175132060138,0.800487606663958,8.64282811865096,0.223486387647298,0.0203169443315725,0.032507110930516,0.12596505485575,0.824867939861845,2.77123120682649,0.150345388053637,1.49939049167005,89.2401681804455,0,0,10.7598318195545,0.110897411540456,0.0462878285803414,0.182092785267321,0.281930731262179,0.0968536445784303,0.632374980041762,0.15790501343792,0.163580313325289,0.0325577082543298,0.200261884652247,1.04376945801844,0.0160498055735726
SO_42454,2016-03-25,PICO,SOLA,2016,Mar,Spring,90.8520987209512,0.212574310934967,0.605296343001261,0.097279769410917,0.0540443163393983,0.0828679517204107,0.0396324986488921,0.097279769410917,0.0612502251846514,5.40443163393983,0.576472707620249,0,0,0.165735903440821,0,1.69699153305711,0.0144118176905062,0.0396324986488921,90.9694969675348,0.00891901534070639,0,9.02158401712451,0.16226848108316,0.0503607707729727,0.0864550258579207,1.21319020320369,0,0.286010765733037,0.160347710074481,0.0578979247925465,0.0106280882037158,0.0499760097285353,1.16630691189619,0.0131794006817805
SO_42454,2016-03-25,NANO,SOLA,2016,Mar,Spring,86.1485457144866,0.262497949234772,0.236716900649214,0.215623315442848,0.18984226685729,0.297653924578714,0.325778704853868,0.487496191436004,0.0703119506878852,7.2890055546441,0.248435559097195,0,0,0.234373168959618,0.157030023202944,3.55778470480699,0.119530316169405,0.15937375489254,96.1687891215195,0,0,3.83121087848047,0.16226848108316,0.0503607707729727,0.0864550258579207,1.21319020320369,0,0.286010765733037,0.160347710074481,0.0578979247925465,0.0106280882037158,0.0499760097285353,1.16630691189619,0.0131794006817805
SO_42458,2016-03-29,PICO,SOLA,2016,Mar,Spring,74.7934483258443,0.913175822582983,0.391361066821278,6.19655022467024,1.4494854326714,0.0724742716335701,1.71039281055225,1.15234091897376,0.347876503841136,5.16741556747355,2.29743441078417,0,0.101463980286998,1.3987534425279,0.601536454558632,2.05826931439339,0.202927960573996,1.14509349181041,98.3897742363878,0,0,1.61022576361222,0.126891125186511,0.0365792293420464,0.0906187848696575,0.977724510583407,0,0.302461111715858,0.143183345949476,0.0629592830835398,0.0130124247188479,0.054283577473132,1.06465559806765,0.0188154117840906
SO_42458,2016-03-29,NANO,SOLA,2016,Mar,Spring,78.5714285714286,0,15.9937888198758,0,0,1.86335403726708,0,1.86335403726708,0,0,0,0,0,1.70807453416149,0,0,0,0,93.2458939602424,0,0,6.75410603975759,0.126891125186511,0.0365792293420464,0.0906187848696575,0.977724510583407,0,0.302461111715858,0.143183345949476,0.0629592830835398,0.0130124247188479,0.054283577473132,1.06465559806765,0.0188154117840906
SO_42460,2016-03-31,PICO,SOLA,2016,Mar,Spring,79.0162051805538,1.99055761133087,0.401939517672579,0.574199310960827,0.127599846880184,3.71315554421335,0.242439709072349,1.62689804772234,0.427459487048615,6.26515248181702,2.11177746586704,0,0,1.37169835396198,0.0829399004721194,1.76725787929054,0.0255199693760367,0.255199693760367,93.3822738517801,0,0,6.61772614821986,0.122305505636906,0.0248016283470852,0,0.755649384340807,0.0224849970470852,0.30970074394574,0.0986010716506726,0.0741810680807175,0.0159164436926906,0.0626353699686099,0.9827302851,0.0182339405858296
SO_42460,2016-03-31,NANO,SOLA,2016,Mar,Spring,72.0098892504856,2.67665682787154,0.847650041625672,0.209389742425389,0.0681147354877772,1.40770453341406,0.295163853780368,0.628169227276167,0.105956255203209,11.8847599586266,0.138752238956583,0,0,0.0983879512601226,0.0428870556774893,9.4124473372184,0.116047327127324,0.058023663563662,88.2629679198605,0,0,11.7370320801395,0.122305505636906,0.0248016283470852,0,0.755649384340807,0.0224849970470852,0.30970074394574,0.0986010716506726,0.0741810680807175,0.0159164436926906,0.0626353699686099,0.9827302851,0.0182339405858296
SO_42464,2016-04-04,PICO,SOLA,2016,Apr,Spring,61.7591152583377,0.449282875410403,0.489603133460054,32.2562064397212,0.449282875410403,0.120960774148955,0.518403317781234,0.599043833880537,0.115200737284719,0.564483612695121,1.13472726225448,0,0,0.241921548297909,0.086400552963539,0.846725419042682,0.0576003686423593,0.31104199066874,96.0236824793509,0,0,3.97631752064908,0.1306513847562,0.041794035448,0.111707155473333,0.722431946229333,0.048322964626,0.511530471118,0.113685866173333,0.112641733732,0.0512920522578,0.12430570823,1.15829007124,0.0208888759969333
SO_42464,2016-04-04,NANO,SOLA,2016,Apr,Spring,70.0248338814686,0.369152292100141,0.533592858581113,0.483253909658366,0.18457614605007,0.654406335995704,0.33559299281831,0.748372373984831,0.134237197127324,11.8464326464863,0.338948922746493,0,0.0134237197127324,0.543660648365662,0.120813477414592,13.5780924894288,0.0369152292100141,0.0536948788509296,79.673849737915,0,0,20.326150262085,0.1306513847562,0.041794035448,0.111707155473333,0.722431946229333,0.048322964626,0.511530471118,0.113685866173333,0.112641733732,0.0512920522578,0.12430570823,1.15829007124,0.0208888759969333
SO_42471,2016-04-11,PICO,SOLA,2016,Apr,Spring,71.0518391051839,1.12712411271241,0.387180038718004,7.17143471714347,0.589374058937406,0.202194020219402,1.19595611959561,0.537750053775005,0.0688320068832007,2.43063024306302,4.10410841041084,0.0473220047322005,0.378576037857604,2.15960421596042,0.430200043020004,7.13271671327167,0.107550010755001,0.877608087760809,93.4182397088924,0,0,6.58176029110757,0.0801728055282,0.0160368020413333,0.06719167468,0.405370357802667,0.032048787236,0.201302826308,0.0811379978433333,0.0965357606473333,0.076079905977,0.0860823577533333,0.765451306907333,0.0203986328814
SO_42471,2016-04-11,NANO,SOLA,2016,Apr,Spring,54.1459167682396,1.59498519937315,1.02385512798189,1.40344767543096,0.480585060073133,2.76162284520286,0.65471008183876,0.853212606651576,0.062685007835626,26.864008358001,0.759185094898137,0,0.114922514365314,1.07957513494689,0.44924255615532,7.36548842068605,0.351732543966568,0.0348250043531255,72.9135655453012,0,0,27.0864344546988,0.0801728055282,0.0160368020413333,0.06719167468,0.405370357802667,0.032048787236,0.201302826308,0.0811379978433333,0.0965357606473333,0.076079905977,0.0860823577533333,0.765451306907333,0.0203986328814
SO_42474,2016-04-14,PICO,SOLA,2016,Apr,Spring,80.95365657648,2.35735333511921,0.468791856415751,1.48004286096973,0.200910795606751,0.01339405304045,4.98258773104742,1.19876774712028,0.1071524243236,1.3661934101259,1.18537369407983,0,0.194213769086526,0.0669702652022502,2.61853736940798,1.84168229306188,0.321457272970801,0.642914545941602,84.0323229368533,0,0,15.9676770631467,0.0990430359765,0,0.1050272276,0.143470586186667,0.0161754108475,0.2009188470925,0.0720896379933333,0.224032904360833,0.107892035472,0.0571782551083333,0.830522065670833,0.0197570922913333
SO_42474,2016-04-14,NANO,SOLA,2016,Apr,Spring,59.0003916488416,3.33504052059169,1.54249389931612,1.37679631247552,0.695929864730515,2.0094598258669,3.08800048202934,2.99761998011629,0.195824420811617,19.678847949869,0.961046003675474,0,0.554333745066731,0.192811737414515,1.78953393787847,1.8467749224234,0.503118127316,0.231976621576838,71.3502574480621,0,0,28.6497425519379,0.0990430359765,0,0.1050272276,0.143470586186667,0.0161754108475,0.2009188470925,0.0720896379933333,0.224032904360833,0.107892035472,0.0571782551083333,0.830522065670833,0.0197570922913333
SO_42478,2016-04-18,PICO,SOLA,2016,Apr,Spring,74.6183485343608,0.760864263766278,0.487733502414281,15.5196800468224,0.224357411110569,0.131688045651856,0.580402867872994,0.297517436472711,0.204848071013998,2.01433936497098,3.26293713115154,0,0.263376091303712,0.102424035506999,0.199970735989855,1.1510510656977,0.0438960152172853,0.136565380675999,90.8977325312355,0,0,9.10226746876446,0.071950521489,0.01457348563,0,0.00496450553333333,0.0164621524225,0.172176781345,0.0811970088858333,0.0899060125333333,0.11569733349825,0.04588408,0.67974457485,0.0273968779169167
SO_42478,2016-04-18,NANO,SOLA,2016,Apr,Spring,47.0225778268267,0.896675403503932,0.363268496804157,0.197728422311123,0.0643766956361797,4.23506690578011,0.257506782544719,0.321883478180899,0.151745068285281,41.8080654802961,0.606980273141123,0,0,1.19556720467191,0.404653515427415,2.33595438451281,0.105761714259438,0.0321883478180899,67.802751347689,0,0,32.197248652311,0.071950521489,0.01457348563,0,0.00496450553333333,0.0164621524225,0.172176781345,0.0811970088858333,0.0899060125333333,0.11569733349825,0.04588408,0.67974457485,0.0273968779169167
SO_42481,2016-04-21,PICO,SOLA,2016,Apr,Spring,68.9595597645252,0.457512157665728,0.95021755822882,4.22638853340159,1.17417455848477,0.083184028666496,7.00985410801126,4.27757870488866,0.604683900691067,3.16099308932685,0.406321986178654,0.131174814435628,2.0188123880215,0,4.05682109035065,0.28154594317891,1.45891988738162,0.74225748656258,85.8975681904172,0,0.165101640697554,13.9373301688852,0.0267105204135,0.0137797618016667,0.0239384519416667,0.06629245564,0,0.07347595755,0.0201096519275,0.0287744357175,0.07144268895825,0.0083236588875,0.271576673330833,0.00883960407216666
SO_42481,2016-04-21,NANO,SOLA,2016,Apr,Spring,38.9259243923647,2.16140118421597,0.101445074738106,0.0269139994203139,0.0165624611817316,0.821912136143431,0.515506604281396,0.440975528963604,0.00621092294314935,55.585690033539,0.134569997101569,0,0.0372655376588961,0.0745310753177922,0.122148151215271,0.906794749699805,0.0869529212040909,0.0351952300111797,70.8972724955391,0,0,29.1027275044609,0.0267105204135,0.0137797618016667,0.0239384519416667,0.06629245564,0,0.07347595755,0.0201096519275,0.0287744357175,0.07144268895825,0.0083236588875,0.271576673330833,0.00883960407216666
SO_42485,2016-04-25,PICO,SOLA,2016,Apr,Spring,70.8364936612851,3.52150828908874,0.476758045292014,4.13370896088417,0.26546754794669,0.146278036623686,0.335897713728465,0.471340340231878,0.292556073247372,1.33817314985372,7.14595297432008,0,0.335897713728465,0.0325062303608192,0.243796727706144,9.90356484992957,0.195037382164915,0.325062303608192,96.4345193035579,0,0.060560181680545,3.50492051476154,0.1987360154934,0.0465587655573333,0.0640862286333333,0.94005267696,0,0.238685990388,0.117583217691333,0.0422427009253333,0.0393616829508,0.0196976531766667,1.08058346106067,0.026143024658
SO_42485,2016-04-25,NANO,SOLA,2016,Apr,Spring,54.7792036233252,4.02906208718626,0.11558784676354,0,0.0141536138894131,2.75287790149085,0.0306661634270617,0.191073787507077,0,34.2635402906209,0.429326287978864,0,0.0353840347235327,0.0259482921305907,0,3.27184374410266,0.0377429703717683,0.0235893564823552,83.5077321974257,0,0,16.4922678025743,0.1987360154934,0.0465587655573333,0.0640862286333333,0.94005267696,0,0.238685990388,0.117583217691333,0.0422427009253333,0.0393616829508,0.0196976531766667,1.08058346106067,0.026143024658
SO_42527,2016-06-06,PICO,SOLA,2016,Jun,Summer,84.2935624735878,3.27510917030568,0.528243414565432,0.15495140160586,0.161994647133399,1.15509226651641,0.366248767432033,1.89463304690802,0.46485420481758,1.20439498520918,4.27525003521623,0.07747570080293,0.119735173968165,0.204254120298634,0.577546133258205,0.493027186927736,0.23242710240879,0.521200169037893,91.1812452253629,0.0047746371275783,0.150401069518717,8.66357906799083,0.0544383076545,0,0.09268514884,0.172951776856,0,0.301694912553,0.079840629146,0.008960249771,0.0714935752335,0.02033238295,0.492007495497,0.0163666534302
SO_42527,2016-06-06,NANO,SOLA,2016,Jun,Summer,43.9457771609833,1.17714115781126,0.104084060269627,0,0,1.27379064234734,0.0148691514670896,0.376685170499603,0.0346946867565424,50.2602101506741,0.0693893735130849,0.0074345757335448,0,0.0346946867565424,0.0545202220459952,2.13372323552736,0.488203806502776,0.024781919111816,76.4092703167696,0,0,23.5907296832304,0.0544383076545,0,0.09268514884,0.172951776856,0,0.301694912553,0.079840629146,0.008960249771,0.0714935752335,0.02033238295,0.492007495497,0.0163666534302
SO_42534,2016-06-13,PICO,SOLA,2016,Jun,Summer,73.830445041087,13.8393946790334,0.996664225856318,0.276625172890733,0.410869742087706,0.663086811488081,0.622406639004149,2.45708241802945,0.459685949068424,2.11536896916443,1.50923439915385,0.0772923277194695,0.240013017655195,0.0284761207387519,0.528842242291107,0.508502156049142,0.597998535513791,0.838011553168985,92.6132568464893,0,0.0510785430827865,7.33566461042788,0.0228166721244,0.014208253312,0.0321427461,0.062187498072,0,0.127273136904,0.038703375741,0.005699516196,0.0368528254317,0.01160293673,0.232907202714,0.0063309151032
SO_42534,2016-06-13,NANO,SOLA,2016,Jun,Summer,43.9990242315824,11.2809670949206,0.105708245243129,0,0.0162628069604814,1.52328291863176,0.027104678267469,0.363202688784084,0,40.640754594243,0,0.00813140348024069,0,0.0162628069604814,0.051498888708191,1.41757467338863,0.55022496882962,0,76.0736810491541,0,0,23.9263189508459,0.0228166721244,0.014208253312,0.0321427461,0.062187498072,0,0.127273136904,0.038703375741,0.005699516196,0.0368528254317,0.01160293673,0.232907202714,0.0063309151032
